duplicate_cv_protocol,dataset,display_name,model,seed,accuracy,balanced_accuracy,f1_weighted,f1_macro,roc_auc_weighted,train_time_s,inference_time_s,peak_memory_mb,report_model
record_level_v4_reference,haberman_s_survival,Haberman Survival,Hybrid NBEM,13,0.7417204301075269,0.5774319279754063,0.6984911173597198,0.5715010792278359,0.7406071585419411,0.5468119695317,0.01522683522198345,1.1604488372802735,Hybrid NBEM
record_level_v4_reference,haberman_s_survival,Haberman Survival,Hybrid NBEM,21,0.735268817204301,0.5591595300834431,0.6843247171354448,0.5477782644609034,0.7220794905577514,0.44093966018408537,0.01429391580168154,1.1600998878479003,Hybrid NBEM
record_level_v4_reference,haberman_s_survival,Haberman Survival,Hybrid NBEM,42,0.7416129032258064,0.5688735177865613,0.6926900378197749,0.5616334309947756,0.6952816205533596,0.5780342736979946,0.0147023670841008,1.1593502044677735,Hybrid NBEM
record_level_v4_reference,haberman_s_survival,Haberman Survival,Hybrid NBEM,87,0.7517204301075269,0.5790733421168204,0.701513865320678,0.5719909242239042,0.7054183135704875,0.3871176373679191,0.014733806136064181,1.1598984718322753,Hybrid NBEM
record_level_v4_reference,haberman_s_survival,Haberman Survival,Hybrid NBEM,123,0.7291397849462365,0.5505379885814669,0.6777783961664643,0.5383646661991021,0.7146286231884058,0.4244004156673327,0.01448084125295276,1.160198974609375,Hybrid NBEM
record_level_v4_reference,haberman_s_survival,Haberman Survival,NBEM,13,0.7484946236559139,0.5665651075977163,0.6928584561737077,0.5532905534751672,0.6537631752305665,0.0029246855294331403,0.00325923792552198,0.01888160705566402,NBEM-prop (implementation-level NBEM comparator)
record_level_v4_reference,haberman_s_survival,Haberman Survival,NBEM,21,0.7448387096774194,0.5649868247694335,0.6890617393895178,0.5494183333866867,0.658945432586737,0.0037338564172386805,0.0042164629092439395,0.01898975372314448,NBEM-prop (implementation-level NBEM comparator)
record_level_v4_reference,haberman_s_survival,Haberman Survival,NBEM,42,0.7448387096774194,0.5711462450592886,0.6916105548063756,0.5575536406628447,0.6257767896354853,0.00289059800561513,0.0034133576089515998,0.01897773742675777,NBEM-prop (implementation-level NBEM comparator)
record_level_v4_reference,haberman_s_survival,Haberman Survival,NBEM,87,0.7452688172043012,0.5746267018006148,0.6903158249556084,0.5541451148537548,0.6490146025472112,0.00334394392557437,0.00354129238985474,0.01893310546874996,NBEM-prop (implementation-level NBEM comparator)
record_level_v4_reference,haberman_s_survival,Haberman Survival,NBEM,123,0.7453763440860215,0.5725433684672815,0.699084151379892,0.5687232828359237,0.615139163372859,0.0037638430250808096,0.00421821430791163,0.0189743041992187,NBEM-prop (implementation-level NBEM comparator)
record_level_v4_reference,internet_advertisements,Internet Ads,Hybrid NBEM,13,0.969507533378086,0.927593791756604,0.9692366635161148,0.935619000488229,0.978182923904478,67.57343336611521,0.7999864161713048,140.56003379821777,Hybrid NBEM
record_level_v4_reference,internet_advertisements,Internet Ads,Hybrid NBEM,21,0.9673687252927575,0.9198401685681981,0.9669282009074159,0.9304519830691591,0.9805278034741495,83.27829761835747,0.9431625628145411,140.5557098388672,Hybrid NBEM
record_level_v4_reference,internet_advertisements,Internet Ads,Hybrid NBEM,42,0.9673715223390765,0.9271898447939151,0.9673444257664991,0.9321995651401117,0.9800859115359577,63.86331140289549,0.6452054603258148,140.55279312133788,Hybrid NBEM
record_level_v4_reference,internet_advertisements,Internet Ads,Hybrid NBEM,87,0.968284291787872,0.9313845205057045,0.9683130705518505,0.9342924386386209,0.9805690033233974,70.30832352996804,0.6670347086386755,140.55988426208495,Hybrid NBEM
record_level_v4_reference,internet_advertisements,Internet Ads,Hybrid NBEM,123,0.9682805623927798,0.9176431287902147,0.9676356518174247,0.9314685080276359,0.9761405762839621,66.14714831623715,0.6613195938523859,140.5558819770813,Hybrid NBEM
record_level_v4_reference,internet_advertisements,Internet Ads,NBEM,13,0.9624916088610427,0.8852621029910577,0.9606544021230985,0.9146895554223935,0.969381060060986,0.2516556757269427,0.03457718326244498,74.40136423110962,NBEM-prop (implementation-level NBEM comparator)
record_level_v4_reference,internet_advertisements,Internet Ads,NBEM,21,0.9627918251659582,0.8843606742727926,0.9610736764523878,0.9157041540335984,0.9694841881659644,0.2594660572940483,0.03615195495076473,74.40133848190308,NBEM-prop (implementation-level NBEM comparator)
record_level_v4_reference,internet_advertisements,Internet Ads,NBEM,42,0.962182069068397,0.8840543735224587,0.9604544122522229,0.914422006695267,0.9703196628636037,0.3246113902656361,0.04348840108141297,74.40123548507691,NBEM-prop (implementation-level NBEM comparator)
record_level_v4_reference,internet_advertisements,Internet Ads,NBEM,87,0.9615779070634742,0.8837722273614965,0.9599082319980565,0.9134524697803222,0.9706537156953438,0.3544201760552823,0.05035138265229756,74.40123548507691,NBEM-prop (implementation-level NBEM comparator)
record_level_v4_reference,internet_advertisements,Internet Ads,NBEM,123,0.962182069068397,0.8840060643437146,0.9604450944586118,0.9143702930365798,0.9686148799122897,0.3339491710765287,0.04435502542182798,74.40127668380737,NBEM-prop (implementation-level NBEM comparator)
duplicate_grouped,haberman_s_survival,Haberman Survival,Hybrid NBEM,13,0.7227157158747815,0.5530260442172207,0.6726317643487649,0.5298626937103166,0.7011686244512332,0.461664825771004,0.014602198079228402,1.1733061790466308,Hybrid NBEM
duplicate_grouped,haberman_s_survival,Haberman Survival,Hybrid NBEM,21,0.7354590924245115,0.5603760868760869,0.6752511500107696,0.5346951811304111,0.7221325601420996,0.4128927422687411,0.015802007541060446,1.1602832794189453,Hybrid NBEM
duplicate_grouped,haberman_s_survival,Haberman Survival,Hybrid NBEM,42,0.7466634012539185,0.5789933239275344,0.6996862677589858,0.575861473212386,0.6908215375430288,0.4644291548058391,0.015447848476469517,1.159848690032959,Hybrid NBEM
duplicate_grouped,haberman_s_survival,Haberman Survival,Hybrid NBEM,87,0.7429886732223479,0.5724538814647511,0.695480929788391,0.5616096386047446,0.7472358601543384,0.4509633335284889,0.017745632398873567,1.160311222076416,Hybrid NBEM
duplicate_grouped,haberman_s_survival,Haberman Survival,Hybrid NBEM,123,0.7469447865353038,0.5743849206349206,0.6918112589419532,0.5650500895226049,0.7037672010984819,0.42910819882526996,0.015462115313857794,1.1596052169799804,Hybrid NBEM
duplicate_grouped,haberman_s_survival,Haberman Survival,NBEM,13,0.747377509401981,0.5651777536189301,0.6950406026821933,0.5470713344684658,0.6595950250374802,0.004658702574670315,0.00457327039912343,0.021137142181396486,NBEM-prop (implementation-level NBEM comparator)
duplicate_grouped,haberman_s_survival,Haberman Survival,NBEM,21,0.7512857053277373,0.5816124893624893,0.7031245345170744,0.5709938705353047,0.6602877151965968,0.00430112611502409,0.0045256420038640496,0.019065284729003908,NBEM-prop (implementation-level NBEM comparator)
duplicate_grouped,haberman_s_survival,Haberman Survival,NBEM,42,0.7436330982236155,0.5718629981129981,0.6947473553892175,0.5661318667099724,0.6481916268429426,0.0038237741217017176,0.004115482326596975,0.0190704345703125,NBEM-prop (implementation-level NBEM comparator)
duplicate_grouped,haberman_s_survival,Haberman Survival,NBEM,87,0.7504778262806792,0.567169249430119,0.7007903966582496,0.5548705781330157,0.6619615278039191,0.0036844342947006227,0.004030989576131105,0.01911163330078125,NBEM-prop (implementation-level NBEM comparator)
duplicate_grouped,haberman_s_survival,Haberman Survival,NBEM,123,0.7494232348111659,0.5870190078121112,0.6968081867226409,0.5708945264938527,0.6471082566516679,0.003986009769141674,0.004264689143747091,0.019054985046386717,NBEM-prop (implementation-level NBEM comparator)
duplicate_grouped,internet_advertisements,Internet Ads,Hybrid NBEM,13,0.9584888072561168,0.9161905948453996,0.9585614286790249,0.914931423094585,0.9679575922350308,50.88377352263778,0.5837867646478117,140.47123537063598,Hybrid NBEM
duplicate_grouped,internet_advertisements,Internet Ads,Hybrid NBEM,21,0.9614634574444437,0.9110746959736383,0.9612282128133767,0.9184627044549607,0.9660790699099943,51.73042868161574,0.5314089305698871,140.48157558441162,Hybrid NBEM
duplicate_grouped,internet_advertisements,Internet Ads,Hybrid NBEM,42,0.9564464166631803,0.9068584754870519,0.9565460379127746,0.9106195232203861,0.9693040532165436,50.863693199306724,0.5361700662411749,140.46800603866578,Hybrid NBEM
duplicate_grouped,internet_advertisements,Internet Ads,Hybrid NBEM,87,0.9601452524027085,0.9095160799814332,0.9599114896057553,0.9173421178463197,0.970139462037389,54.84585786303505,0.5386742546223104,140.47488822937012,Hybrid NBEM
duplicate_grouped,internet_advertisements,Internet Ads,Hybrid NBEM,123,0.963178930422792,0.9120148032031745,0.9627583338561561,0.9245691896717565,0.9667645081140994,47.64143303073943,0.583761006873101,140.47411737442016,Hybrid NBEM
duplicate_grouped,internet_advertisements,Internet Ads,NBEM,13,0.9523116957245253,0.8761280769704921,0.950988222432227,0.8969455842227692,0.9561385524753682,0.2883873307146132,0.040440522879362104,74.40173025131226,NBEM-prop (implementation-level NBEM comparator)
duplicate_grouped,internet_advertisements,Internet Ads,NBEM,21,0.9516321280296843,0.8753731005123312,0.9507218608709975,0.8967029803811132,0.9622512295462938,0.29272143365815284,0.041914142202585936,74.40143117904663,NBEM-prop (implementation-level NBEM comparator)
duplicate_grouped,internet_advertisements,Internet Ads,NBEM,42,0.9521863197561318,0.8758938680893957,0.9512891424545826,0.899206897077317,0.9596990651454902,0.2709207199513912,0.036589495837688446,74.40140714645386,NBEM-prop (implementation-level NBEM comparator)
duplicate_grouped,internet_advertisements,Internet Ads,NBEM,87,0.9561767894190891,0.8793087633845161,0.9548525233635153,0.9038623011274769,0.9619040283724999,0.29527239631861446,0.03649603296071291,74.40136938095092,NBEM-prop (implementation-level NBEM comparator)
duplicate_grouped,internet_advertisements,Internet Ads,NBEM,123,0.9531968353594913,0.8762064133294087,0.9520074395109738,0.9000849647291357,0.9588143865730057,0.25138878552243116,0.03277499126270413,74.40141744613648,NBEM-prop (implementation-level NBEM comparator)
