dataset,display_name,model,seed,accuracy_record,balanced_accuracy_record,f1_weighted_record,f1_macro_record,roc_auc_weighted_record,train_time_s_record,inference_time_s_record,accuracy_grouped,balanced_accuracy_grouped,f1_weighted_grouped,f1_macro_grouped,roc_auc_weighted_grouped,train_time_s_grouped,inference_time_s_grouped,report_model,delta_grouped_minus_record_accuracy,delta_grouped_minus_record_balanced_accuracy,delta_grouped_minus_record_f1_weighted,delta_grouped_minus_record_f1_macro,delta_grouped_minus_record_roc_auc_weighted,delta_grouped_minus_record_train_time_s,delta_grouped_minus_record_inference_time_s
haberman_s_survival,Haberman Survival,Hybrid NBEM,13,0.7417204301075269,0.5774319279754063,0.6984911173597198,0.5715010792278359,0.7406071585419411,0.5468119695317,0.01522683522198345,0.7227157158747815,0.5530260442172207,0.6726317643487649,0.5298626937103166,0.7011686244512332,0.461664825771004,0.014602198079228402,Hybrid NBEM,-0.019004714232745412,-0.024405883758185642,-0.025859353010954877,-0.041638385517519305,-0.039438534090707966,-0.08514714376069599,-0.0006246371427550482
haberman_s_survival,Haberman Survival,Hybrid NBEM,21,0.735268817204301,0.5591595300834431,0.6843247171354448,0.5477782644609034,0.7220794905577514,0.44093966018408537,0.01429391580168154,0.7354590924245115,0.5603760868760869,0.6752511500107696,0.5346951811304111,0.7221325601420996,0.4128927422687411,0.015802007541060446,Hybrid NBEM,0.00019027522021042298,0.0012165567926437637,-0.00907356712467522,-0.01308308333049224,5.306958434814213e-05,-0.02804691791534425,0.0015080917393789067
haberman_s_survival,Haberman Survival,Hybrid NBEM,42,0.7416129032258064,0.5688735177865613,0.6926900378197749,0.5616334309947756,0.6952816205533596,0.5780342736979946,0.0147023670841008,0.7466634012539185,0.5789933239275344,0.6996862677589858,0.575861473212386,0.6908215375430288,0.4644291548058391,0.015447848476469517,Hybrid NBEM,0.005050498028112083,0.010119806140973187,0.006996229939210896,0.014228042217610426,-0.004460083010330851,-0.11360511889215558,0.0007454813923687166
haberman_s_survival,Haberman Survival,Hybrid NBEM,87,0.7517204301075269,0.5790733421168204,0.701513865320678,0.5719909242239042,0.7054183135704875,0.3871176373679191,0.014733806136064181,0.7429886732223479,0.5724538814647511,0.695480929788391,0.5616096386047446,0.7472358601543384,0.4509633335284889,0.017745632398873567,Hybrid NBEM,-0.00873175688517902,-0.006619460652069309,-0.006032935532287009,-0.01038128561915963,0.04181754658385095,0.06384569616056979,0.003011826262809386
haberman_s_survival,Haberman Survival,Hybrid NBEM,123,0.7291397849462365,0.5505379885814669,0.6777783961664643,0.5383646661991021,0.7146286231884058,0.4244004156673327,0.01448084125295276,0.7469447865353038,0.5743849206349206,0.6918112589419532,0.5650500895226049,0.7037672010984819,0.42910819882526996,0.015462115313857794,Hybrid NBEM,0.017805001589067282,0.023846932053453784,0.014032862775488875,0.026685423323502877,-0.010861422089923911,0.00470778315793724,0.0009812740609050335
haberman_s_survival,Haberman Survival,NBEM,13,0.7484946236559139,0.5665651075977163,0.6928584561737077,0.5532905534751672,0.6537631752305665,0.0029246855294331403,0.00325923792552198,0.747377509401981,0.5651777536189301,0.6950406026821933,0.5470713344684658,0.6595950250374802,0.004658702574670315,0.00457327039912343,NBEM-prop (implementation-level NBEM comparator),-0.0011171142539329049,-0.0013873539787861988,0.002182146508485583,-0.006219219006701415,0.005831849806913758,0.0017340170452371743,0.0013140324736014503
haberman_s_survival,Haberman Survival,NBEM,21,0.7448387096774194,0.5649868247694335,0.6890617393895178,0.5494183333866867,0.658945432586737,0.0037338564172386805,0.0042164629092439395,0.7512857053277373,0.5816124893624893,0.7031245345170744,0.5709938705353047,0.6602877151965968,0.00430112611502409,0.0045256420038640496,NBEM-prop (implementation-level NBEM comparator),0.0064469956503179215,0.01662566459305581,0.014062795127556593,0.02157553714861804,0.0013422826098598017,0.0005672696977854093,0.00030917909462011006
haberman_s_survival,Haberman Survival,NBEM,42,0.7448387096774194,0.5711462450592886,0.6916105548063756,0.5575536406628447,0.6257767896354853,0.00289059800561513,0.0034133576089515998,0.7436330982236155,0.5718629981129981,0.6947473553892175,0.5661318667099724,0.6481916268429426,0.0038237741217017176,0.004115482326596975,NBEM-prop (implementation-level NBEM comparator),-0.0012056114538039342,0.0007167530537095512,0.0031368005828419365,0.008578226047127657,0.022414837207457294,0.0009331761160865874,0.0007021247176453756
haberman_s_survival,Haberman Survival,NBEM,87,0.7452688172043012,0.5746267018006148,0.6903158249556084,0.5541451148537548,0.6490146025472112,0.00334394392557437,0.00354129238985474,0.7504778262806792,0.567169249430119,0.7007903966582496,0.5548705781330157,0.6619615278039191,0.0036844342947006227,0.004030989576131105,NBEM-prop (implementation-level NBEM comparator),0.005209009076378002,-0.007457452370495776,0.010474571702641211,0.0007254632792608184,0.01294692525670793,0.0003404903691262527,0.0004896971862763649
haberman_s_survival,Haberman Survival,NBEM,123,0.7453763440860215,0.5725433684672815,0.699084151379892,0.5687232828359237,0.615139163372859,0.0037638430250808096,0.00421821430791163,0.7494232348111659,0.5870190078121112,0.6968081867226409,0.5708945264938527,0.6471082566516679,0.003986009769141674,0.004264689143747091,NBEM-prop (implementation-level NBEM comparator),0.004046890725144414,0.01447563934482976,-0.002275964657251106,0.0021712436579290895,0.031969093278808924,0.00022216674406086477,4.647483583546108e-05
internet_advertisements,Internet Ads,Hybrid NBEM,13,0.969507533378086,0.927593791756604,0.9692366635161148,0.935619000488229,0.978182923904478,67.57343336611521,0.7999864161713048,0.9584888072561168,0.9161905948453996,0.9585614286790249,0.914931423094585,0.9679575922350308,50.88377352263778,0.5837867646478117,Hybrid NBEM,-0.011018726121969191,-0.011403196911204394,-0.010675234837089875,-0.02068757739364402,-0.01022533166944728,-16.68965984347743,-0.21619965152349319
internet_advertisements,Internet Ads,Hybrid NBEM,21,0.9673687252927575,0.9198401685681981,0.9669282009074159,0.9304519830691591,0.9805278034741495,83.27829761835747,0.9431625628145411,0.9614634574444437,0.9110746959736383,0.9612282128133767,0.9184627044549607,0.9660790699099943,51.73042868161574,0.5314089305698871,Hybrid NBEM,-0.0059052678483138,-0.008765472594559731,-0.0056999880940392655,-0.011989278614198406,-0.014448733564155214,-31.54786893674173,-0.411753632244654
internet_advertisements,Internet Ads,Hybrid NBEM,42,0.9673715223390765,0.9271898447939151,0.9673444257664991,0.9321995651401117,0.9800859115359577,63.86331140289549,0.6452054603258148,0.9564464166631803,0.9068584754870519,0.9565460379127746,0.9106195232203861,0.9693040532165436,50.863693199306724,0.5361700662411749,Hybrid NBEM,-0.010925105675896218,-0.02033136930686319,-0.010798387853724556,-0.021580041919725623,-0.01078185831941414,-12.999618203588767,-0.10903539408463991
internet_advertisements,Internet Ads,Hybrid NBEM,87,0.968284291787872,0.9313845205057045,0.9683130705518505,0.9342924386386209,0.9805690033233974,70.30832352996804,0.6670347086386755,0.9601452524027085,0.9095160799814332,0.9599114896057553,0.9173421178463197,0.970139462037389,54.84585786303505,0.5386742546223104,Hybrid NBEM,-0.008139039385163471,-0.021868440524271282,-0.00840158094609511,-0.016950320792301188,-0.01042954128600837,-15.462465666932985,-0.1283604540163651
internet_advertisements,Internet Ads,Hybrid NBEM,123,0.9682805623927798,0.9176431287902147,0.9676356518174247,0.9314685080276359,0.9761405762839621,66.14714831623715,0.6613195938523859,0.963178930422792,0.9120148032031745,0.9627583338561561,0.9245691896717565,0.9667645081140994,47.64143303073943,0.583761006873101,Hybrid NBEM,-0.005101631969987808,-0.005628325587040184,-0.004877317961268668,-0.006899318355879425,-0.009376068169862695,-18.505715285497722,-0.07755858697928497
internet_advertisements,Internet Ads,NBEM,13,0.9624916088610427,0.8852621029910577,0.9606544021230985,0.9146895554223935,0.969381060060986,0.2516556757269427,0.03457718326244498,0.9523116957245253,0.8761280769704921,0.950988222432227,0.8969455842227692,0.9561385524753682,0.2883873307146132,0.040440522879362104,NBEM-prop (implementation-level NBEM comparator),-0.010179913136517338,-0.009134026020565567,-0.009666179690871468,-0.017743971199624342,-0.013242507585617846,0.0367316549876705,0.005863339616917124
internet_advertisements,Internet Ads,NBEM,21,0.9627918251659582,0.8843606742727926,0.9610736764523878,0.9157041540335984,0.9694841881659644,0.2594660572940483,0.03615195495076473,0.9516321280296843,0.8753731005123312,0.9507218608709975,0.8967029803811132,0.9622512295462938,0.29272143365815284,0.041914142202585936,NBEM-prop (implementation-level NBEM comparator),-0.01115969713627385,-0.008987573760461443,-0.010351815581390311,-0.019001173652485215,-0.007232958619670549,0.03325537636410453,0.005762187251821205
internet_advertisements,Internet Ads,NBEM,42,0.962182069068397,0.8840543735224587,0.9604544122522229,0.914422006695267,0.9703196628636037,0.3246113902656361,0.04348840108141297,0.9521863197561318,0.8758938680893957,0.9512891424545826,0.899206897077317,0.9596990651454902,0.2709207199513912,0.036589495837688446,NBEM-prop (implementation-level NBEM comparator),-0.009995749312265212,-0.008160505433063014,-0.009165269797640319,-0.015215109617949918,-0.010620597718113522,-0.053690670314244904,-0.0068989052437245235
internet_advertisements,Internet Ads,NBEM,87,0.9615779070634742,0.8837722273614965,0.9599082319980565,0.9134524697803222,0.9706537156953438,0.3544201760552823,0.05035138265229756,0.9561767894190891,0.8793087633845161,0.9548525233635153,0.9038623011274769,0.9619040283724999,0.29527239631861446,0.03649603296071291,NBEM-prop (implementation-level NBEM comparator),-0.005401117644385112,-0.004463463976980386,-0.0050557086345411895,-0.009590168652845343,-0.008749687322843869,-0.05914777973666785,-0.013855349691584654
internet_advertisements,Internet Ads,NBEM,123,0.962182069068397,0.8840060643437146,0.9604450944586118,0.9143702930365798,0.9686148799122897,0.3339491710765287,0.04435502542182798,0.9531968353594913,0.8762064133294087,0.9520074395109738,0.9000849647291357,0.9588143865730057,0.25138878552243116,0.03277499126270413,NBEM-prop (implementation-level NBEM comparator),-0.008985233708905693,-0.007799651014305908,-0.00843765494763804,-0.014285328307444112,-0.009800493339284011,-0.08256038555409756,-0.011580034159123849
