dataset,display_name,model,accuracy_mean,accuracy_std,balanced_accuracy_mean,balanced_accuracy_std,precision_weighted_mean,precision_weighted_std,recall_weighted_mean,recall_weighted_std,f1_weighted_mean,f1_weighted_std,precision_macro_mean,precision_macro_std,recall_macro_mean,recall_macro_std,f1_macro_mean,f1_macro_std,roc_auc_weighted_mean,roc_auc_weighted_std,train_time_s_mean,train_time_s_std,inference_time_s_mean,inference_time_s_std,peak_memory_mb_mean,peak_memory_mb_std
abalone,Abalone,Adaptive Weighted NBEM,0.24064381031060317,0.0003946457366884632,0.16879496330164354,0.004012441174514329,0.19451481527227366,0.0016869201199074474,0.24064381031060317,0.0003946457366884632,0.2088966030588054,0.0010424965893128253,0.10635496064329905,0.0028703024938290245,0.15649788344305796,0.004463031597777307,0.11921628343303059,0.0026607329581954486,0.6979820045838399,0.00028500731768363725,0.022127859527245164,0.0007092318573799984,0.028658031243830918,0.0026591981779105186,0.9405207633972168,0.0025583421037917143
abalone,Abalone,Bernoulli NB,0.186749738964809,,0.1051367531662073,,0.14082795647752977,,0.186749738964809,,0.09111173746734769,,0.06451006488433336,,0.1051367531662073,,0.04728120541647507,,0.628050953926645,,0.012340551405213774,,0.005701188906095922,,1.1648200035095215,
abalone,Abalone,Categorical NB,0.22982111918121007,,0.12755991475245615,,0.18149737766447563,,0.22982111918121007,,0.18735805123226396,,0.08036926436116139,,0.12755991475245615,,0.08459021820250423,,0.711577011426386,,0.027872635750100017,,0.004093995806761086,,0.9352577209472657,
abalone,Abalone,Dependency-Aware NBEM,0.2487378518238041,,0.1047373658943942,,0.18066445120805252,,0.2487378518238041,,0.2028206210761514,,0.07281591971702286,,0.1047373658943942,,0.08257332773203603,,0.7283364863098185,,0.16502773547545074,,0.03591129239648581,,1.2633745193481445,
abalone,Abalone,Gaussian NB,0.2403416979335192,,0.16413316762407656,,0.19800789782784595,,0.2403416979335192,,0.20772382409296558,,0.10745623965478764,,0.1507499821295885,,0.11657541520104822,,0.7111915529839925,,0.0120674247154966,,0.012613122793845832,,0.4662797927856445,
abalone,Abalone,Hybrid NBEM,0.27483437173706016,0.004417372085110652,0.15310327276152408,0.0032495857749097736,0.23893032152500035,0.008262463183062724,0.27483437173706016,0.004417372085110652,0.24845002710647357,0.005487016751831177,0.14235099362943343,0.0037667278958956178,0.15310327276152408,0.0032495857749097736,0.14037789233982306,0.0033395854583109395,0.7744439092156321,0.0038803220246707887,6.390048226425424,0.9993017257487641,0.10185756917577238,0.007515528331760565,7.439107284545898,0.008862421150187549
abalone,Abalone,Hybrid w/o Adaptive,0.27459238350946036,,0.1489752049554928,,0.23035276283272016,,0.27459238350946036,,0.24621684281403583,,0.13575884565216872,,0.1489752049554928,,0.13553983734924763,,0.7716329784051112,,5.9786036364967,,0.05554377988446504,,6.634243583679199,
abalone,Abalone,Hybrid w/o Deep,0.26382166993677786,,0.14032596542273099,,0.20940840040716568,,0.26382166993677786,,0.2286078327166709,,0.12793957711186568,,0.14032596542273099,,0.12697069971002417,,0.7374856474034741,,1.0247869961196556,,0.08472126459237188,,5.754076099395752,
abalone,Abalone,Hybrid w/o Dependency,0.2743514279485503,,0.15419484898128316,,0.23207881539534495,,0.2743514279485503,,0.24699488955146237,,0.13907996174196965,,0.15419484898128316,,0.140439384108201,,0.7726834742877734,,5.8313139725942165,,0.05442948797717691,,6.567915248870849,
abalone,Abalone,NBEM,0.24150631647791815,0.0011587723705840647,0.1711799177316013,0.0036145446607316637,0.19853244173725487,0.0033109801240135375,0.24150631647791815,0.0011587723705840647,0.20952569775477264,0.0010009663518136935,0.10995960194460597,0.003515478337709379,0.15803740177655187,0.004595873960704189,0.12076520106082403,0.0022953461724827123,0.7117527429612187,0.0004255684074823068,0.021462906668893993,0.0020700777054947265,0.023307660967111586,0.0017215824414790967,0.9407530593872071,0.002720739167463696
abalone,Abalone,Probabilistic Deep NBEM,0.2700411919268413,,0.1460686366001165,,0.23223565523447248,,0.2700411919268413,,0.2388197494378174,,0.1429923244897911,,0.1460686366001165,,0.13286046341265995,,0.7672210193631848,,4.8924363040365275,,0.0070990305859595535,,2.068052959442139,
abalone,Abalone,WNB,0.24572785790506352,0.002464279473497282,0.09743942509288853,0.0023683338784304554,0.1703310896607407,0.002852443655023208,0.24572785790506352,0.002464279473497282,0.1970939726004557,0.0023660418091950805,0.06495176774747786,0.002423060748666118,0.09743942509288853,0.0023683338784304554,0.07604129509434165,0.0024261271517293996,0.7201698967726763,0.0008910460413637239,0.08275422271806747,0.005993946193031205,0.014703956204466523,0.0019718701312603946,0.45810604095458984,0.0040692798055319964
bank_marketing,Bank,Adaptive Weighted NBEM,0.8865054973199422,5.933256408259969e-05,0.5493635084461846,0.0002026011442546025,0.8567761004495354,0.0002248856190673394,0.8865054973199422,5.933256408259969e-05,0.8506397665958858,8.278561566778966e-05,0.7367170098439446,0.0008835670776147633,0.5493635084461846,0.0002026011442546025,0.5613039834918586,0.00029320132586389954,0.862048994564595,0.00012243811855932335,0.04113254891242832,0.0036901053827254828,0.0317042440129444,0.0027461321165820605,3.9122502136230466,6.799545393386012e-05
bank_marketing,Bank,Bernoulli NB,0.8830151953911869,,0.5,,0.7797158396407783,,0.8830151953911869,,0.8281567120930153,,0.44150759769559345,,0.5,,0.46893683934467917,,0.7326487844922069,,0.028852287074550988,,0.0067534144967794415,,10.55718822479248,
bank_marketing,Bank,Categorical NB,0.8907124705084073,,0.6778924450786867,,0.8790004343291052,,0.8907124705084073,,0.8832761082503028,,0.7341987505596113,,0.6778924450786867,,0.700223967157479,,0.8724475770384729,,0.024602120695635676,,0.008134895632974804,,2.2168366432189943,
bank_marketing,Bank,Dependency-Aware NBEM,0.8830151953911869,,0.5,,0.7797158396407783,,0.8830151953911869,,0.8281567120930153,,0.44150759769559345,,0.5,,0.46893683934467917,,0.872071973054083,,0.33935809661634264,,0.015698762726970017,,19.932591247558594,
bank_marketing,Bank,Gaussian NB,0.8360797481427523,,0.6827161882064405,,0.8607088257566865,,0.8360797481427523,,0.8467246961264578,,0.6405650972316446,,0.6827161882064405,,0.6563439136959983,,0.8154461880616646,,0.02320637258235365,,0.00605658667627722,,8.839651489257813,
bank_marketing,Bank,Hybrid NBEM,0.9017362818420421,0.0012246993449107652,0.6933870022163033,0.003522373823460744,0.890354427906798,0.00153738004150395,0.9017362818420421,0.0012246993449107652,0.8934392466556111,0.0013553478250447155,0.7721675555711286,0.004210345673068263,0.6933870022163033,0.003522373823460744,0.7229781691521593,0.0036793251694551155,0.9161450381525016,0.0005057061367125419,58.61013834027108,3.0362754234014995,0.19520922767929733,0.016357959734981182,61.13042402267456,0.000609131610854439
bank_marketing,Bank,Hybrid w/o Adaptive,0.9003340008164757,,0.6903945405297194,,0.8887197731427111,,0.9003340008164757,,0.8920268801835103,,0.767389578346326,,0.6903945405297194,,0.7195143900492603,,0.9166400506626449,,62.411871357890774,,0.1381301799090579,,60.50472364425659,
bank_marketing,Bank,Hybrid w/o Deep,0.8959987794929377,,0.6306139035257122,,0.8777112708595022,,0.8959987794929377,,0.878423423137383,,0.7669896004461458,,0.6306139035257122,,0.6664960474912407,,0.8949536615609148,,0.7571742962813005,,0.08001053384505212,,19.932942199707032,
bank_marketing,Bank,Hybrid w/o Dependency,0.8999137153551743,,0.6920431143773769,,0.8886354168972556,,0.8999137153551743,,0.8919766809788451,,0.7656063084994775,,0.6920431143773769,,0.7202148237902415,,0.9098837453109543,,61.71845224206336,,0.1421590763842687,,60.48752393722534,
bank_marketing,Bank,NBEM,0.8863108765316625,0.00020570992888399028,0.5668042624314868,0.000524219575465619,0.8569998082876831,0.0004966140873628343,0.8863108765316625,0.00020570992888399028,0.8563160787368895,0.0002456899251599225,0.7251476987966609,0.0018718437539485043,0.5668042624314868,0.000524219575465619,0.5869529970857635,0.0007757763288519333,0.8598393857375424,0.00012537984317577427,0.042416321327909824,0.0035833721109102775,0.023614994720555844,0.0026074956926330868,3.9125682067871095,2.428055558737104e-05
bank_marketing,Bank,Probabilistic Deep NBEM,0.8989184141508384,,0.6840181199194777,,0.8867058998277557,,0.8989184141508384,,0.8899668016502782,,0.7636252157423662,,0.6840181199194777,,0.7131197537686964,,0.9082551645384302,,60.47463894204702,,0.04009866574779153,,11.795428276062012,
bank_marketing,Bank,WNB,0.8830151953911869,0.0,0.5,0.0,0.7797158396407783,0.0,0.8830151953911869,0.0,0.8281567120930153,0.0,0.44150759769559345,0.0,0.5,0.0,0.46893683934467917,0.0,0.8721677818838595,0.00013186664605527887,0.18963616140652448,0.023283101603211027,0.008657185332849622,0.0007974850363671202,7.202883472442627,0.0002631809776986933
car_evaluation,Car Evaluation,Adaptive Weighted NBEM,0.8500087377335663,0.002850405729575158,0.5587587332922261,0.0023725427986841965,0.8478167830016444,0.0027363742752398606,0.8500087377335663,0.002850405729575158,0.8380291692070021,0.0024203908277105795,0.7832282921261959,0.012281941732377346,0.5587587332922261,0.0023725427986841965,0.605342088625254,0.004457220549673788,0.9742298028689784,0.0009753381731864724,0.007987311622127891,0.0012634117778604528,0.00412353839725256,0.0007505355468740164,0.11532054901123048,6.750025698866012e-05
car_evaluation,Car Evaluation,Bernoulli NB,0.7002352466729399,,0.25,,0.49033204638936273,,0.7002352466729399,,0.5767793786747555,,0.17505881166823498,,0.25,,0.20592277866778114,,0.5,,0.005847918801009655,,0.003390803700312972,,0.18423957824707032,
car_evaluation,Car Evaluation,Categorical NB,0.8454933458798225,,0.5607702504831691,,0.8443069718321021,,0.8454933458798225,,0.8340543077151968,,0.7904139701707026,,0.5607702504831691,,0.6092719930400897,,0.9742890620383499,,0.007139952550642192,,0.0015372241148725152,,0.11489276885986328,
car_evaluation,Car Evaluation,Dependency-Aware NBEM,0.7002352466729399,,0.25,,0.49033204638936273,,0.7002352466729399,,0.5767793786747555,,0.17505881166823498,,0.25,,0.20592277866778114,,0.9733931767708827,,0.06876082306262106,,0.004561651754193008,,0.4887886047363281,
car_evaluation,Car Evaluation,Gaussian NB,0.6261795940314558,,0.4765684076688862,,0.7177470515213263,,0.6261795940314558,,0.6266558699925564,,0.3746740228936817,,0.4765684076688862,,0.3055235401869256,,0.7822375929128803,,0.005157541064545512,,0.003250182210467756,,0.1549764633178711,
car_evaluation,Car Evaluation,Hybrid NBEM,0.9410854953622799,0.012649147348517985,0.8458501546300589,0.027229920714660037,0.9434700931798832,0.01231566746910508,0.9410854953622799,0.012649147348517985,0.9398327477867696,0.013307588454108206,0.9025784976065022,0.0189557764527728,0.8458501546300589,0.027229920714660037,0.8617915178567671,0.02715159365692074,0.9923905059605328,0.0026713935875039957,6.028602816332132,1.3433215202738082,0.029161303602159024,0.003415489798035748,2.6326718521118164,0.0016616728425424877
car_evaluation,Car Evaluation,Hybrid w/o Adaptive,0.9195120311869875,,0.7141868896653586,,0.9029795781537772,,0.9195120311869875,,0.9074182819344297,,0.744030401183736,,0.7141868896653586,,0.714910499934234,,0.9876446259052563,,4.684900971315801,,0.03242736780084669,,2.5779850006103517,
car_evaluation,Car Evaluation,Hybrid w/o Deep,0.8952715418739079,,0.7264198719940347,,0.8977664966692682,,0.8952715418739079,,0.8912574126323266,,0.8062598284641881,,0.7264198719940347,,0.740021719827525,,0.9811384083322767,,0.21888427252415568,,0.018452882766723633,,0.6245108604431152,
car_evaluation,Car Evaluation,Hybrid w/o Dependency,0.9281959940852265,,0.8217342466146293,,0.9291075416073109,,0.9281959940852265,,0.9263288354761101,,0.8772365414849371,,0.8217342466146293,,0.8381850495871339,,0.9880954433847945,,4.610028500435874,,0.015901407692581415,,2.5618253707885743,
car_evaluation,Car Evaluation,NBEM,0.8500087377335663,0.002850405729575158,0.5587587332922261,0.0023725427986841965,0.8478167830016444,0.0027363742752398606,0.8500087377335663,0.002850405729575158,0.8380291692070021,0.0024203908277105795,0.7832282921261959,0.012281941732377346,0.5587587332922261,0.0023725427986841965,0.605342088625254,0.004457220549673788,0.9742298028689784,0.0009753381731864724,0.00833250890020281,0.001022300916920537,0.0032287899870425464,0.0003291273500016394,0.11563690185546875,3.791346608133176e-05
car_evaluation,Car Evaluation,Probabilistic Deep NBEM,0.8389971770399247,,0.6100171758066495,,0.8073277533109959,,0.8389971770399247,,0.8018436813782073,,0.6697629770411068,,0.6100171758066495,,0.614939096233907,,0.897238424594464,,4.4559456530027095,,0.0042182142613455655,,1.3427885055541993,
car_evaluation,Car Evaluation,WNB,0.7002352466729399,0.0,0.25,0.0,0.49033204638936273,0.0,0.7002352466729399,0.0,0.5767793786747555,0.0,0.17505881166823498,0.0,0.25,0.0,0.20592277866778114,0.0,0.9534108293554462,0.00066269569898245,0.04235652739182114,0.004176081388211519,0.002294067838229239,0.000285951499953143,0.17650745391845704,0.0005076166934087294
cardiotocography,Fetal Health,Adaptive Weighted NBEM,0.8333895827796971,0.001800872268256243,0.771134555638087,0.0018619816771439977,0.8759092006599065,0.001373863690274979,0.8333895827796971,0.001800872268256243,0.8459722596502516,0.001609853793801875,0.6919915290761753,0.0033312944668798224,0.771134555638087,0.0018619816771439977,0.7157739874784604,0.002115205161317723,0.9276815904068059,0.00047873323583991017,0.00863965471740812,0.0005741081215007677,0.009518376109190286,0.0013586685728966934,0.5248671340942384,0.0004193922190169325
cardiotocography,Fetal Health,Bernoulli NB,0.803848879440163,,0.7272138658101169,,0.8440653569159888,,0.803848879440163,,0.8173450433040056,,0.6454201046817365,,0.7272138658101169,,0.6744901144517919,,0.9066791313412003,,0.0071361081441864375,,0.0037662780843675135,,0.6536811828613281,
cardiotocography,Fetal Health,Categorical NB,0.8174949065461954,,0.7744832095402735,,0.8655045737131379,,0.8174949065461954,,0.8321972926576822,,0.674424849869247,,0.7744832095402735,,0.7080014784955042,,0.9205539499311974,,0.015965738031081856,,0.0027694552671164276,,0.1234354019165039,
cardiotocography,Fetal Health,Dependency-Aware NBEM,0.7784657631322526,,0.3333333333333333,,0.6060246016680859,,0.7784657631322526,,0.6815018938427884,,0.2594885877107509,,0.3333333333333333,,0.29180987747390563,,0.922240410644261,,0.13706509687472135,,0.008259242307394743,,1.2908218383789063,
cardiotocography,Fetal Health,Gaussian NB,0.7516653379395872,,0.7567489101199603,,0.8752009734554029,,0.7516653379395872,,0.781680283090462,,0.6639415277218231,,0.7567489101199603,,0.6640606443166497,,0.9325332408122954,,0.00608029451686889,,0.003854785696603358,,0.5456094741821289,
cardiotocography,Fetal Health,Hybrid NBEM,0.9249309061918682,0.006420964754532299,0.8455069740720417,0.014478264169607465,0.9251735586585073,0.006253379461996604,0.9249309061918682,0.006420964754532299,0.9240429582734071,0.006385154871018271,0.8773396893247808,0.014186300994746728,0.8455069740720417,0.014478264169607465,0.8582664239212946,0.014096001952615874,0.9790881018620772,0.0019941000945774387,4.653439371692948,0.46612839562801833,0.0397628914937377,0.0028550824845752078,3.1910987281799317,0.002600162799567776
cardiotocography,Fetal Health,Hybrid w/o Adaptive,0.931796439011427,,0.8607390596664528,,0.931805155746655,,0.931796439011427,,0.9306274961395766,,0.8933664478613705,,0.8607390596664528,,0.8732389355193106,,0.9807968048850381,,5.318916224176064,,0.022531116451136767,,3.144410514831543,
cardiotocography,Fetal Health,Hybrid w/o Deep,0.8635795907520596,,0.7253510182677563,,0.8665987413735732,,0.8635795907520596,,0.8628649188828457,,0.7655720454602729,,0.7253510182677563,,0.7381682263947608,,0.9430670750210721,,0.29234664272516964,,0.031206199922598897,,1.291180419921875,
cardiotocography,Fetal Health,Hybrid w/o Dependency,0.931326955443352,,0.8598358298891059,,0.9315841349024121,,0.931326955443352,,0.9303023236940705,,0.8920577408698233,,0.8598358298891059,,0.87211594839443,,0.9806985691863648,,5.0883014714811,,0.024658463499508797,,3.1223318099975588,
cardiotocography,Fetal Health,NBEM,0.8148662414740013,0.0016491768303415857,0.7705512143025768,0.002261409000486639,0.8733904792561997,0.0011214226056612143,0.8148662414740013,0.0016491768303415857,0.8316249975834455,0.001533273713018788,0.6729336755650352,0.0026600629903797664,0.7705512143025768,0.002261409000486639,0.7004396414325101,0.002803032233933584,0.9331770772952176,0.0005554652910799683,0.009211828182451427,0.0005467248237074155,0.008362188111059368,0.0005508092005385429,0.5250412368774414,0.00038271987985578876
cardiotocography,Fetal Health,Probabilistic Deep NBEM,0.9317920099211621,,0.8591486457230977,,0.9324849586848625,,0.9317920099211621,,0.9306000304997089,,0.8947467034265563,,0.8591486457230977,,0.8720244328232539,,0.9822266231649677,,4.9553668074076995,,0.004322826187126339,,1.668418025970459,
cardiotocography,Fetal Health,WNB,0.7784657631322526,0.0,0.3333333333333333,0.0,0.6060246016680859,0.0,0.7784657631322526,0.0,0.6815018938427884,0.0,0.2594885877107509,0.0,0.3333333333333333,0.0,0.29180987747390563,0.0,0.9251211109639719,0.0009807239061564296,0.12148188964929432,0.016808588952177173,0.005006471523083747,0.0005093454755099938,0.434905776977539,0.0023665533469090713
chronic_kidney_disease,Kidney Disease,Adaptive Weighted NBEM,0.9480000000000001,0.001118033988749868,0.9583999999999999,0.000894427190999926,0.9558494582043343,0.0008327753205098588,0.9480000000000001,0.001118033988749868,0.948627295212541,0.0010985672694860278,0.9411326109391125,0.0011103670940131687,0.9583999999999999,0.000894427190999926,0.9461785063689042,0.0011117970301437136,0.9986133333333334,0.0005129435749779396,0.01260843257419765,0.0011018940337296488,0.010489329951815307,0.000865907009184472,0.07394330978393555,0.00031359105275715216
chronic_kidney_disease,Kidney Disease,Bernoulli NB,0.9349999999999999,,0.9480000000000001,,0.9460574690402476,,0.9349999999999999,,0.9358423823033061,,0.9280766253869969,,0.9480000000000001,,0.9329689537738408,,0.9708,,0.005600293516181409,,0.0032366840168833733,,0.1421834945678711,
chronic_kidney_disease,Kidney Disease,Categorical NB,0.9875,,0.99,,0.9885569852941176,,0.9875,,0.9875965204630239,,0.9847426470588235,,0.99,,0.9868917324994515,,1.0,,0.013651337381452322,,0.002170020225457847,,0.07510051727294922,
chronic_kidney_disease,Kidney Disease,Dependency-Aware NBEM,0.97,,0.968,,0.9713576643264143,,0.97,,0.9698986760786287,,0.96940756003256,,0.968,,0.9678162871206496,,0.9965333333333334,,0.13973241769708694,,0.007680268445983529,,0.3283233642578125,
chronic_kidney_disease,Kidney Disease,Gaussian NB,0.9650000000000001,,0.9719999999999999,,0.9693014705882353,,0.9650000000000001,,0.9653665109504835,,0.9590686274509803,,0.9719999999999999,,0.963576199962733,,0.9720000000000001,,0.0038152735447511076,,0.002412903937511146,,0.1317056655883789,
chronic_kidney_disease,Kidney Disease,Hybrid NBEM,0.9824999999999999,0.0030618621784789944,0.9812000000000001,0.0022803508501982933,0.9833421317244847,0.0029940759051934134,0.9824999999999999,0.0030618621784789944,0.9824690514842885,0.003021645096287421,0.9823991955756662,0.004227111426350394,0.9812000000000001,0.0022803508501982933,0.9812869896910591,0.00317973592714142,0.99888,0.0008305286134612382,0.987560893818736,0.07237012166453152,0.037201326922513545,0.00159116485626917,1.436103916168213,0.0025071567719879523
chronic_kidney_disease,Kidney Disease,Hybrid w/o Adaptive,0.9775,,0.9766666666666666,,0.9791196633567957,,0.9775,,0.9774769155918979,,0.977192789508966,,0.9766666666666666,,0.9759881668291515,,0.9975999999999999,,0.9936749425949529,,0.016986353695392607,,1.4247570037841797,
chronic_kidney_disease,Kidney Disease,Hybrid w/o Deep,0.9775,,0.9766666666666666,,0.9791196633567957,,0.9775,,0.9774769155918979,,0.977192789508966,,0.9766666666666666,,0.9759881668291515,,0.9997333333333334,,0.24363218338694423,,0.02762689031660557,,0.32867431640625,
chronic_kidney_disease,Kidney Disease,Hybrid w/o Dependency,0.9800000000000001,,0.9800000000000001,,0.9820290242165243,,0.9800000000000001,,0.9800301609151367,,0.9797898860398859,,0.9800000000000001,,0.978797397732297,,0.9992000000000001,,0.8394521574256941,,0.023389496235176922,,1.372850513458252,
chronic_kidney_disease,Kidney Disease,NBEM,0.9255000000000001,0.0020916500663351843,0.9404,0.0016733200530681766,0.9399767110791686,0.0016933563849954169,0.9255000000000001,0.0020916500663351843,0.9265203391463036,0.00206402468857965,0.9199689481055581,0.0022578085133271824,0.9404,0.0016733200530681766,0.9235128163280091,0.0020825007812633554,0.9986133333333334,0.0005129435749779396,0.012577728303149344,0.000762378070555453,0.008559399698860944,0.0005350469422290522,0.07426111221313476,0.0003411444822458346
chronic_kidney_disease,Kidney Disease,Probabilistic Deep NBEM,0.915,,0.9226666666666666,,0.9280446241393836,,0.915,,0.9159497054744099,,0.9142692906427763,,0.9226666666666666,,0.9125426864437592,,0.9789333333333333,,0.7213078557280823,,0.002371853683143854,,1.3625832557678224,
chronic_kidney_disease,Kidney Disease,WNB,0.982,0.005419870847169735,0.9762666666666668,0.00680849143023297,0.9830982572663608,0.005021993593457535,0.982,0.005419870847169735,0.9817427575026029,0.005532480534840292,0.9862119391464219,0.004458131254945704,0.9762666666666668,0.00680849143023297,0.9803041634775571,0.005989440897085677,0.9991466666666666,0.0005129435749779406,0.1064490282163024,0.013142344752963933,0.00394969233777374,0.0003236084045302917,0.10965816497802734,0.0014883588995068745
cirrhosis_patient_survival_prediction_dataset_1,Cirrhosis Survival,Adaptive Weighted NBEM,0.7081184668989547,0.008576235082543746,0.4897623614663257,0.007143043483231481,0.692892735490588,0.006109865996037044,0.7081184668989547,0.008576235082543746,0.6803630576079465,0.009321081981889611,0.5172544374469634,0.009464108255007712,0.4897623614663257,0.007143043483231481,0.4858078379144623,0.007217916397638807,0.81623461373885,0.003083455179813582,0.011698033078573644,0.0010139675613981768,0.010221875943243504,0.001136889765716363,0.07659799575805663,0.00041259149228131605
cirrhosis_patient_survival_prediction_dataset_1,Cirrhosis Survival,Bernoulli NB,0.7104529616724738,,0.49811025859619207,,0.6760723129225017,,0.7104529616724738,,0.687089641103,,0.4740216954655618,,0.49811025859619207,,0.4815054845011389,,0.816293522920288,,0.006084437691606581,,0.003954399866051972,,0.11197452545166016,
cirrhosis_patient_survival_prediction_dataset_1,Cirrhosis Survival,Categorical NB,0.7437862950058072,,0.5448174197215118,,0.7315394668260063,,0.7437862950058072,,0.7320053239623976,,0.5520205184678868,,0.5448174197215118,,0.5389876577102074,,0.844606139723919,,0.011667388561181723,,0.0020689541939646005,,0.06671028137207032,
cirrhosis_patient_survival_prediction_dataset_1,Cirrhosis Survival,Dependency-Aware NBEM,0.7271777003484321,,0.49319053708439897,,0.6967394327642558,,0.7271777003484321,,0.692336492225844,,0.4971731909754549,,0.49319053708439897,,0.48057922461257013,,0.8258742597320902,,0.12402793120127172,,0.005969360703602433,,0.2611217498779297,
cirrhosis_patient_survival_prediction_dataset_1,Cirrhosis Survival,Gaussian NB,0.3968060394889663,,0.47848998294970163,,0.7433724359587623,,0.3968060394889663,,0.46058704509595466,,0.553900995084138,,0.47848998294970163,,0.3628706016079094,,0.75458389341605,,0.004341535805724561,,0.0028955958783626556,,0.10672321319580078,
cirrhosis_patient_survival_prediction_dataset_1,Cirrhosis Survival,Hybrid NBEM,0.756527293844367,0.005385157417601151,0.5283979823813583,0.00393095886675905,0.7186381865620813,0.004671665710657229,0.756527293844367,0.005385157417601151,0.7307255196896401,0.004469760857047575,0.5198189081027508,0.01685314358289672,0.5283979823813583,0.00393095886675905,0.5172858633241267,0.006589826994741196,0.8513911090264749,0.007932144975652786,0.8164213310042395,0.03993930273951065,0.03822921277955175,0.0026990098296119924,1.3442621421813965,0.0015910251136119703
cirrhosis_patient_survival_prediction_dataset_1,Cirrhosis Survival,Hybrid w/o Adaptive,0.7461672473867595,,0.5158283603296392,,0.7066476481758351,,0.7461672473867595,,0.7184506940659363,,0.49947152979239445,,0.5158283603296392,,0.501869207951185,,0.8385034328577332,,0.8033396725310012,,0.01989433744456619,,1.3391688346862793,
cirrhosis_patient_survival_prediction_dataset_1,Cirrhosis Survival,Hybrid w/o Deep,0.7558652729384436,,0.5222612958226769,,0.7136040056138119,,0.7558652729384436,,0.7266459952167362,,0.5037534200768813,,0.5222612958226769,,0.5071376074027877,,0.8454098863742638,,0.2653952221153304,,0.030050558783113957,,0.26149559020996094,
cirrhosis_patient_survival_prediction_dataset_1,Cirrhosis Survival,Hybrid w/o Dependency,0.7412891986062717,,0.5116616936629724,,0.7011083730000977,,0.7412891986062717,,0.7132082984461008,,0.49605733931785256,,0.5116616936629724,,0.4980929767644101,,0.8214210470150778,,0.6435413694242016,,0.026674107532016933,,1.3212042808532716,
cirrhosis_patient_survival_prediction_dataset_1,Cirrhosis Survival,NBEM,0.7043321718931475,0.004254859676192936,0.4940498010798523,0.009903771217808367,0.6963951727626696,0.005782902344579307,0.7043321718931475,0.004254859676192936,0.6829336443632338,0.004332721848541481,0.5222615782917707,0.01770719571146593,0.4940498010798523,0.009903771217808367,0.49238004046746314,0.01146934327045713,0.8160447446398986,0.003256866149261078,0.012753205904737113,0.0007339248120324523,0.008856524373404681,0.0005278085669531926,0.0769642448425293,0.0003856611805730686
cirrhosis_patient_survival_prediction_dataset_1,Cirrhosis Survival,Probabilistic Deep NBEM,0.7247386759581882,,0.5010034811025859,,0.6861877273987942,,0.7247386759581882,,0.6982411028493172,,0.4845298769014996,,0.5010034811025859,,0.48753945133851745,,0.8066832694358368,,0.5676522977882996,,0.0027757773408666254,,1.3163103103637694,
cirrhosis_patient_survival_prediction_dataset_1,Cirrhosis Survival,WNB,0.7167828106852497,0.009091562078648485,0.47862460926399547,0.006928829062775526,0.709207108549694,0.013249747347381768,0.7167828106852497,0.009091562078648485,0.6736059091779308,0.01048150285512245,0.5124368914250671,0.010779539372839663,0.47862460926399547,0.006928829062775526,0.4652175277495135,0.00827999990784671,0.8418867168703498,0.003975296661933744,0.09323154078796506,0.010143662011050148,0.004166570510715246,0.0002594873658409693,0.09573322296142578,0.0008592546094461967
credit_approval,Credit Approval,Adaptive Weighted NBEM,0.7846376811594202,0.003915726401769991,0.7658342257629185,0.0040895138358145915,0.8075610089294685,0.004317288272668979,0.7846376811594202,0.003915726401769991,0.7748880863287105,0.0046719734022861,0.8152052767049973,0.004752521760206468,0.7658342257629185,0.0040895138358145915,0.7681306386277393,0.00487619148163174,0.9074755996691481,0.0013655599127773723,0.014585846201516688,0.0007618682595744721,0.01095216730143875,0.0011341570203951068,0.06684942245483398,6.253304378662162e-05
credit_approval,Credit Approval,Bernoulli NB,0.8115942028985508,,0.8046774193548387,,0.8143681185354298,,0.8115942028985508,,0.8097428029087205,,0.8148430003214088,,0.8046774193548387,,0.8063848011490109,,0.8852228897305299,,0.005268346704542637,,0.002752283401787281,,0.15328140258789064,
credit_approval,Credit Approval,Categorical NB,0.8608695652173912,,0.8558412781332985,,0.862582308090287,,0.8608695652173912,,0.859960957788965,,0.8632244489341867,,0.8558412781332985,,0.8576927830425471,,0.9181782827623234,,0.008783838897943496,,0.00176690851803869,,0.07817058563232422,
credit_approval,Credit Approval,Dependency-Aware NBEM,0.8521739130434783,,0.8496946149492839,,0.8557599063531256,,0.8521739130434783,,0.8516838296319609,,0.8547704157463091,,0.8496946149492839,,0.8499059192384536,,0.9263334929548851,,0.11237489527557046,,0.0063036995008587835,,0.34948253631591797,
credit_approval,Credit Approval,Gaussian NB,0.8014492753623188,,0.7892420878498977,,0.8094557468208995,,0.8014492753623188,,0.7975607151952078,,0.8133080259564387,,0.7892420878498977,,0.7930460390771702,,0.8891717092565988,,0.0037184358341619374,,0.0021840311819687486,,0.1370269775390625,
credit_approval,Credit Approval,Hybrid NBEM,0.8605797101449275,0.0033048563046351696,0.8581497540376997,0.003225071862086593,0.8641304524161869,0.0018992180339454392,0.8605797101449275,0.0033048563046351696,0.8599985025815913,0.0035728601326357958,0.8629634989051798,0.002096092292509941,0.8581497540376997,0.003225071862086593,0.858135921548803,0.0036734865793393657,0.9263725567019285,0.0009935386401766148,1.378207923239097,0.16493525297690112,0.03687028573825955,0.0012163637253889705,1.3880724334716796,0.00048482610096209464
credit_approval,Credit Approval,Hybrid w/o Adaptive,0.8623188405797102,,0.8600598580819294,,0.8657559393665031,,0.8623188405797102,,0.8618784249531686,,0.8646523455989499,,0.8600598580819294,,0.860130334673981,,0.9244885580369452,,1.4999324230011553,,0.016834497987292706,,1.3809872627258302,
credit_approval,Credit Approval,Hybrid w/o Deep,0.8565217391304347,,0.8521226764180924,,0.8596704714182242,,0.8565217391304347,,0.8555985235991429,,0.8599262833065813,,0.8521226764180924,,0.8534437476876249,,0.9294889208131993,,0.23587310435250403,,0.029300037166103722,,0.34984874725341797,
credit_approval,Credit Approval,Hybrid w/o Dependency,0.8608695652173912,,0.8574681119672631,,0.8645350441094533,,0.8608695652173912,,0.860189161401099,,0.8642241899651492,,0.8574681119672631,,0.858229321928406,,0.9174398154194419,,1.3678120985161513,,0.023823620099574328,,1.3678407669067383,
credit_approval,Credit Approval,NBEM,0.7776811594202899,0.0026327394383456196,0.7576374994558356,0.0027092990136977878,0.8040440479239095,0.004059735075780075,0.7776811594202899,0.0026327394383456196,0.7664539700069362,0.002907681918696652,0.812329671779316,0.004326545088211783,0.7576374994558356,0.0027092990136977878,0.7591764868518034,0.003025863906404427,0.9038769753167036,0.001693706932473751,0.014222810594365,0.0016792327900794987,0.009026141329668462,0.0009095333792544937,0.0671650505065918,0.00019883221668209406
credit_approval,Credit Approval,Probabilistic Deep NBEM,0.8565217391304347,,0.8536620086195639,,0.8605994326086688,,0.8565217391304347,,0.8558435511496045,,0.859712722739722,,0.8536620086195639,,0.8538803844072123,,0.9165037075733171,,1.264411897608079,,0.0032287816749885677,,1.3617244720458985,
credit_approval,Credit Approval,WNB,0.8614492753623187,0.003336482444412012,0.858819119759697,0.003303691372724814,0.8651759738844159,0.0036716151932282724,0.8614492753623187,0.003336482444412012,0.8609172667508631,0.0032467009604621516,0.8642767182373721,0.003627888058284213,0.858819119759697,0.003303691372724814,0.8590850386757367,0.0031914346125540044,0.9241185843019458,0.001518853835691212,0.07911656290758401,0.010742825534974198,0.0031451604887843135,0.0006035922091574364,0.12843183517456053,0.0005349147109373117
diabetes_130_us_hospitals_for_years_1999_2008,Diabetes,Adaptive Weighted NBEM,0.5619250049136933,0.00019264973029139212,0.38321465179177955,0.00011627396179849138,0.5241426026881857,0.0002439924120420971,0.5619250049136933,0.00019264973029139212,0.4768196211539209,0.0001715612181302911,0.4713289047495204,0.00032402818265698857,0.38321465179177955,0.00011627396179849138,0.3520210019712425,0.00011329823400141239,0.6504013838569529,0.00010870470665970845,0.19923687684815378,0.010566886677288579,0.08328150153625756,0.007839700165620127,16.544226665496826,0.0815916186195083
diabetes_130_us_hospitals_for_years_1999_2008,Diabetes,Bernoulli NB,0.5620282771633346,,0.3861477218510194,,0.49754704974617336,,0.5620282771633346,,0.5079469608153201,,0.3978149651341137,,0.3861477218510194,,0.3595840437636346,,0.6207813927355098,,0.23443540860898793,,0.04533779455814511,,69.79197444915772,
diabetes_130_us_hospitals_for_years_1999_2008,Diabetes,Categorical NB,0.5505641112348256,,0.4126115157491025,,0.5209104694340391,,0.5505641112348256,,0.5297714842856143,,0.4328101308770299,,0.4126115157491025,,0.407623942190356,,0.641478279278093,,0.25207224311307075,,0.04126208103261888,,5.68230972290039,
diabetes_130_us_hospitals_for_years_1999_2008,Diabetes,Dependency-Aware NBEM,0.5391682474247647,,0.33333966746954397,,0.33723946467557586,,0.5391682474247647,,0.3777919553608835,,0.22417124804568628,,0.33333966746954397,,0.23356610186890947,,0.6412543742605223,,1.590173119911924,,0.09829708016477526,,131.4342514038086,
diabetes_130_us_hospitals_for_years_1999_2008,Diabetes,Gaussian NB,0.5032383782126831,,0.4033751722322691,,0.4974104907113704,,0.5032383782126831,,0.4278279035003313,,0.41067738718449504,,0.4033751722322691,,0.33686748884018486,,0.6189441254253776,,0.17129038511775435,,0.06792435680981726,,35.482493209838864,
diabetes_130_us_hospitals_for_years_1999_2008,Diabetes,Hybrid NBEM,0.5811633904284028,0.0009341612462334808,0.4113854950271274,0.0017240083147741071,0.5489154501958791,0.0009975106536425967,0.5811633904284028,0.0009341612462334808,0.5355485311380699,0.0020000481650325344,0.5031704645500313,0.0019501696904532916,0.4113854950271274,0.0017240083147741071,0.39662040062202264,0.0023521100775355758,0.6622503568080639,0.0029229230157193373,375.14836639989636,73.34524194314666,0.6196294977236538,0.042626859758325794,138.90983818054198,0.0018765721569069843
diabetes_130_us_hospitals_for_years_1999_2008,Diabetes,Hybrid w/o Adaptive,0.5776058436227619,,0.40662517921795444,,0.5457476028175566,,0.5776058436227619,,0.5307655515105345,,0.5023645992634809,,0.40662517921795444,,0.38926548613230266,,0.6571692763046629,,261.8457564978395,,0.41647354708984496,,136.6895933151245,
diabetes_130_us_hospitals_for_years_1999_2008,Diabetes,Hybrid w/o Deep,0.5772318082612056,,0.4052051357589674,,0.5422619113992673,,0.5772318082612056,,0.5278408428630736,,0.4946703611890161,,0.4052051357589674,,0.3887516434420871,,0.6542411115823434,,6.495143735408783,,0.2586359125562012,,131.43460998535156,
diabetes_130_us_hospitals_for_years_1999_2008,Diabetes,Hybrid w/o Dependency,0.5745656624658474,,0.4006702088652684,,0.5384058974930642,,0.5745656624658474,,0.5189781414970484,,0.4920094359141743,,0.4006702088652684,,0.38352122820008194,,0.6539143462716294,,259.1025363962399,,0.39729645566549154,,136.72983140945433,
diabetes_130_us_hospitals_for_years_1999_2008,Diabetes,NBEM,0.5646064064396165,0.0003460885528361978,0.3758065424155542,0.0003704731490947553,0.5331339348098283,0.001342200386489811,0.5646064064396165,0.0003460885528361978,0.4791084953367526,0.0005260559015557181,0.4970367753104889,0.003263367630696049,0.3758065424155542,0.0003704731490947553,0.3381527061690039,0.0005648180625079135,0.6447274924116597,0.00012396384239916555,0.2103670679591596,0.02652579060421893,0.06231132513377815,0.0019842825854822334,16.544497871398924,0.08162508148533555
diabetes_130_us_hospitals_for_years_1999_2008,Diabetes,Probabilistic Deep NBEM,0.5740544373973409,,0.39450524626302436,,0.5405652287345656,,0.5740544373973409,,0.5156221119700115,,0.502175037021843,,0.39450524626302436,,0.36978090228486316,,0.6424669528490271,,255.0707700598985,,0.15729599427431823,,48.39771957397461,
diabetes_130_us_hospitals_for_years_1999_2008,Diabetes,WNB,0.539457029219682,1.685920627911326e-05,0.33368498801342134,1.939006136026505e-05,0.48273857894240735,0.008926353431437757,0.539457029219682,1.685920627911326e-05,0.37883088261619113,4.6244768317077474e-05,0.36304302810415673,0.008599962029734176,0.33368498801342134,1.939006136026505e-05,0.2345382505755814,4.433987258865268e-05,0.6378459398776075,9.144415379432566e-05,1.0930146456696093,0.07001053262922466,0.06320764547213911,0.0025222125882077215,37.849213619232174,0.0008714787816872558
dry_bean_dataset,Dry Beans,Adaptive Weighted NBEM,0.8969804205899393,0.0002454614048429676,0.9074517417220364,0.00027371775441011373,0.898528956642813,0.00022363830754735606,0.8969804205899393,0.0002454614048429676,0.8970691816861059,0.00027047096680520705,0.9065088341142797,0.00024151063559918793,0.9074517417220364,0.00027371775441011373,0.9063757592469084,0.0003048113906228974,0.9901376116288094,3.06056988913828e-05,0.009882564838044346,0.0004676894543420382,0.012042333302088083,0.0006898213120446516,1.5615715026855468,3.0028476936504627e-05
dry_bean_dataset,Dry Beans,Bernoulli NB,0.7827486052084446,,0.7813210596669519,,0.8063863956285353,,0.7827486052084446,,0.7789917609863177,,0.7894190794090045,,0.7813210596669519,,0.7712523355508092,,0.9561625488719836,,0.01721586750354618,,0.005642197979614139,,3.1798637390136717,
dry_bean_dataset,Dry Beans,Categorical NB,0.854970216034897,,0.8328394710805744,,0.856687901161267,,0.854970216034897,,0.854829539279819,,0.8360776175937904,,0.8328394710805744,,0.8331143997645152,,0.9837634753523435,,0.021183295594528317,,0.005735276360064745,,1.1381430625915527,
dry_bean_dataset,Dry Beans,Dependency-Aware NBEM,0.803468178468583,,0.6944724932347535,,0.7736793850490801,,0.803468178468583,,0.7861806279897501,,0.6796159233464028,,0.6944724932347535,,0.6846068027106351,,0.9786977523567358,,0.17342858160845936,,0.013995501212775707,,6.046639251708984,
dry_bean_dataset,Dry Beans,Gaussian NB,0.8969960327607431,,0.9074603788742998,,0.8984967897569056,,0.8969960327607431,,0.8971119655795732,,0.9065126617219855,,0.9074603788742998,,0.9064433848677045,,0.9900860533331421,,0.011144629213958979,,0.009464049688540399,,1.561448860168457,
dry_bean_dataset,Dry Beans,Hybrid NBEM,0.9298950305392187,0.000602347469540749,0.9399241428375532,0.0004909745872955008,0.9302786210223927,0.0006352519722070054,0.9298950305392187,0.000602347469540749,0.9298839717252697,0.0006177765139091234,0.9425340120256294,0.0008530015338374541,0.9399241428375532,0.0004909745872955008,0.9410409887358622,0.0006525893848141734,0.993426265729924,0.00011731714318894726,23.685690450160763,0.7987040227435908,0.11590142491739244,0.01919914596395482,19.552812099456787,0.00029879384924332583
dry_bean_dataset,Dry Beans,Hybrid w/o Adaptive,0.9307189151105746,,0.940213233544692,,0.931056315867048,,0.9307189151105746,,0.9307237186628177,,0.9424568928440598,,0.940213233544692,,0.9411691463237837,,0.9935065425578239,,23.84781443097163,,0.08238413901999593,,18.894964599609374,
dry_bean_dataset,Dry Beans,Hybrid w/o Deep,0.8979507272552683,,0.9069157759997521,,0.8980910549463997,,0.8979507272552683,,0.8977063149522586,,0.9079217233085279,,0.9069157759997521,,0.9070727423816839,,0.9872048758602707,,0.7514343207702041,,0.060801618988625704,,7.114100646972656,
dry_bean_dataset,Dry Beans,Hybrid w/o Dependency,0.9308656500953237,,0.9405917270167251,,0.9313132948156306,,0.9308656500953237,,0.930914232927317,,0.9426334716680955,,0.9405917270167251,,0.9414356529034004,,0.9930587967922548,,23.750197220011614,,0.06985614909790457,,18.863808631896973,
dry_bean_dataset,Dry Beans,NBEM,0.8969804205899393,0.0002454614048429676,0.9074517417220364,0.00027371775441011373,0.898528956642813,0.00022363830754735606,0.8969804205899393,0.0002454614048429676,0.8970691816861059,0.00027047096680520705,0.9065088341142797,0.00024151063559918793,0.9074517417220364,0.00027371775441011373,0.9063757592469084,0.0003048113906228974,0.9901376116288094,3.06056988913828e-05,0.010454772678203881,0.0009917789127217307,0.010080041456967592,0.0005250464922515769,1.5618347930908203,1.5189849567468204e-05
dry_bean_dataset,Dry Beans,Probabilistic Deep NBEM,0.9296901518167626,,0.9400187625416571,,0.9304374029154682,,0.9296901518167626,,0.9297820261571343,,0.9416011792314078,,0.9400187625416571,,0.9405410767878735,,0.9945684072676275,,23.082258981117047,,0.02035938771441579,,4.050731754302978,
dry_bean_dataset,Dry Beans,WNB,0.8193373836504859,0.0004979290484013745,0.7130027097721972,0.0004486300943862592,0.7951411809166722,0.0005791857625617218,0.8193373836504859,0.0004979290484013745,0.8032258306360452,0.0005092664928929149,0.7027307905973446,0.0005299268278747118,0.7130027097721972,0.0004486300943862592,0.7033717023808493,0.00044062356830904605,0.9799058729923203,4.217300200084579e-05,0.12361977034248413,0.011112203398291809,0.009580297283828258,0.0011051376559758073,2.1850869369506833,0.0003666772915317935
ecoli,E. coli,Adaptive Weighted NBEM,0.8398809523809524,0.02011957592994709,0.5322270345266273,0.04991005742735213,0.8265115156170977,0.023766458402444523,0.8398809523809524,0.02011957592994709,0.8307097122287356,0.022321695832304474,0.5272210115290837,0.04570705226921569,0.5322270345266273,0.04991005742735213,0.5258250312166716,0.045966001838322425,0.9650945848337512,0.005907070728970405,0.007447252026759088,0.0016171535398927569,0.010060494323261083,0.0019887997268797433,0.07779407501220703,0.0005236023750370926
ecoli,E. coli,Bernoulli NB,0.5386904761904763,,0.281662837461114,,0.5268668509776375,,0.5386904761904763,,0.5083923699118928,,0.303489413473774,,0.281662837461114,,0.26485778596656656,,0.8050375206343118,,0.0036787099670618773,,0.0022524194791913033,,0.07434988021850586,
ecoli,E. coli,Categorical NB,0.8035714285714286,,0.5511684160724981,,0.7907207942781251,,0.8035714285714286,,0.7937262801736416,,0.5924821267913374,,0.5511684160724981,,0.559225672481721,,0.9633755734280374,,0.0064823804423213005,,0.0018122299807146192,,0.06949615478515625,
ecoli,E. coli,Dependency-Aware NBEM,0.7351190476190477,,0.3211085847066203,,0.6040112346075182,,0.7351190476190477,,0.6591724400973906,,0.26589412735688517,,0.3211085847066203,,0.2884106868553873,,0.9565001946502063,,0.09502344636712223,,0.01088448753580451,,0.12123394012451172,
ecoli,E. coli,Gaussian NB,0.8065476190476191,,0.5214241069115867,,0.8040205823266416,,0.8065476190476191,,0.7955278250075792,,0.4992037595559267,,0.5214241069115867,,0.4919657823578553,,0.9551719074197109,,0.0029501868411898613,,0.0024696311447769403,,0.06452655792236328,
ecoli,E. coli,Hybrid NBEM,0.8404761904761905,0.02131667211841666,0.504946486508823,0.03846908940032428,0.8182167255410148,0.025524449600226314,0.8404761904761905,0.02131667211841666,0.8250173624384317,0.02562106651023652,0.5129488491244414,0.04826520559872454,0.504946486508823,0.03846908940032428,0.5033615076171072,0.04254721789138516,0.9643092459160549,0.005245878200926949,0.48500413065776227,0.092052846474914,0.036193603021092716,0.004747491170650212,1.1207942962646484,0.002205094680895098
ecoli,E. coli,Hybrid w/o Adaptive,0.7619047619047619,,0.34346548250365894,,0.6300487727091882,,0.7619047619047619,,0.6866924079176853,,0.27454176951055953,,0.34346548250365894,,0.3038144576213768,,0.9607151108163504,,0.5425881595583633,,0.036072887014597654,,1.1181516647338867,
ecoli,E. coli,Hybrid w/o Deep,0.8720238095238095,,0.5607095435896318,,0.8601128600656529,,0.8720238095238095,,0.8605854145071494,,0.601063994651774,,0.5607095435896318,,0.5699759440996797,,0.9689786644856189,,0.16376560262870044,,0.033054140978492796,,0.15845632553100586,
ecoli,E. coli,Hybrid w/o Dependency,0.8601190476190477,,0.5504756254609768,,0.8443721193249122,,0.8601190476190477,,0.8474819803624072,,0.5857862168739962,,0.5504756254609768,,0.5580353244783371,,0.9658834369016316,,0.45683004753664136,,0.023805679520592093,,1.092003345489502,
ecoli,E. coli,NBEM,0.8375,0.020468748647677903,0.5327770521876996,0.049695916816966126,0.8263754041971701,0.02422616734625562,0.8375,0.020468748647677903,0.8292650400817629,0.02190712819889453,0.5249079928278997,0.04587222856655694,0.5327770521876996,0.049695916816966126,0.5247129094344044,0.04514543517980564,0.9672948362180275,0.0037377109054550443,0.008501100610010326,0.0024048528797285906,0.008930012909695506,0.0027343596558101597,0.07802181243896485,0.0005420778268361524
ecoli,E. coli,Probabilistic Deep NBEM,0.7291666666666667,,0.34391070189694173,,0.6666112554230216,,0.7291666666666667,,0.6762453677145024,,0.3434141880391941,,0.34391070189694173,,0.3251634028085155,,0.9485356807048171,,0.33430875500198454,,0.003831420443020761,,1.0881776809692383,
ecoli,E. coli,WNB,0.7220238095238095,0.010437903521875133,0.31100644153947526,0.007323591752231578,0.593336322219497,0.010694570298984742,0.7220238095238095,0.010437903521875133,0.6444967425150462,0.010832079195196971,0.2643413696078621,0.00465691788514137,0.31100644153947526,0.007323591752231578,0.28103022841587333,0.006060490803616117,0.9502465863054559,0.00380192962653843,0.038934523868374524,0.006247892878425203,0.0038094638846814634,0.0007642202139109177,0.06898250579833984,0.00041448470326085717
glass_identification,Glass Identification,Adaptive Weighted NBEM,0.4615539452495974,0.016300619839796998,0.523669900058789,0.017579820729582425,0.47388538786947426,0.04149487970059962,0.4615539452495974,0.016300619839796998,0.42447458929130233,0.019441582457749473,0.4721827059408758,0.027993302091943076,0.523669900058789,0.017579820729582425,0.45786015793930723,0.019429950338385946,0.7671296361649622,0.005915641824022056,0.003090442918861906,0.00026658049516903965,0.004296536598768499,0.000379286482993805,0.029699325561523438,0.00013364376885368343
glass_identification,Glass Identification,Bernoulli NB,0.5368357487922705,,0.3465241034685479,,0.4757543393714891,,0.5368357487922705,,0.49086503329045694,,0.3112134264912043,,0.3465241034685479,,0.31813239680363264,,0.7852647528598615,,0.005668567907479074,,0.003404994753913747,,0.03499825795491537,
glass_identification,Glass Identification,Categorical NB,0.6348631239935588,,0.6186434450323339,,0.6329604294882072,,0.6348631239935588,,0.617702025123018,,0.5721074193296416,,0.6186434450323339,,0.5697363835822729,,0.8647183424130889,,0.010042079206970003,,0.0019613333149916595,,0.027167002360026043,
glass_identification,Glass Identification,Dependency-Aware NBEM,0.6537842190016102,,0.3949514991181658,,0.5623772027757535,,0.6537842190016102,,0.5925249068905312,,0.36584691029135474,,0.3949514991181658,,0.3701654447999478,,0.8729087915908568,,0.08025224524964061,,0.0076424788114511305,,0.09243371751573351,
glass_identification,Glass Identification,Gaussian NB,0.4524959742351047,,0.5140726043503822,,0.43216329863814945,,0.4524959742351047,,0.4061773050522097,,0.45458459478067315,,0.5140726043503822,,0.44899753183506047,,0.757749896959589,,0.004082946753543284,,0.003096299737484919,,0.029550552368164062,
glass_identification,Glass Identification,Hybrid NBEM,0.689573268921095,0.02583062331251109,0.5846781305114639,0.02022241798361666,0.6340277333151729,0.023299142104188087,0.689573268921095,0.02583062331251109,0.650000083118792,0.02455831884425424,0.5366021427132538,0.030852427302181955,0.5846781305114639,0.02022241798361666,0.5456765560816128,0.025973091911059194,0.8764733341001456,0.014074138348369493,0.5574642339980023,0.0522056046731915,0.022547149358110297,0.0025081172465249634,1.2044100019666883,0.0014560837949621807
glass_identification,Glass Identification,Hybrid w/o Adaptive,0.6819645732689211,,0.431547619047619,,0.5809461159702706,,0.6819645732689211,,0.6186678543085865,,0.38289719539719536,,0.431547619047619,,0.3979386016889195,,0.8640646130908812,,0.6622856566941159,,0.014588353275838826,,1.2028332816229925,
glass_identification,Glass Identification,Hybrid w/o Deep,0.6537842190016102,,0.5356407995296883,,0.5882297352406048,,0.6537842190016102,,0.6117728177673437,,0.47592191758858426,,0.5356407995296883,,0.4939314044706202,,0.8591529511819367,,0.15446405487859416,,0.018980042258691456,,0.13234308030870226,
glass_identification,Glass Identification,Hybrid w/o Dependency,0.5980273752012882,,0.5369268077601411,,0.5462511589323183,,0.5980273752012882,,0.5554160853075767,,0.4762813318368874,,0.5369268077601411,,0.488963582952231,,0.8237423079135036,,0.5103035018417157,,0.011712563094786473,,1.176420317755805,
glass_identification,Glass Identification,NBEM,0.4615539452495974,0.016300619839796998,0.523669900058789,0.017579820729582425,0.47388538786947426,0.04149487970059962,0.4615539452495974,0.016300619839796998,0.42447458929130233,0.019441582457749473,0.4721827059408758,0.027993302091943076,0.523669900058789,0.017579820729582425,0.45786015793930723,0.019429950338385946,0.7671296361649622,0.005915641824022056,0.0034257927961233586,0.000549860882003536,0.0037819404775897665,0.0005944742912745231,0.02992095947265625,0.00011993113361257984
glass_identification,Glass Identification,Probabilistic Deep NBEM,0.5889694041867954,,0.39840534979423864,,0.5246190580468038,,0.5889694041867954,,0.5162694033074998,,0.3652994223857657,,0.39840534979423864,,0.35719404162492563,,0.8162921049696412,,0.4505131198351996,,0.00199707232726117,,1.174772368537055,
glass_identification,Glass Identification,WNB,0.6298711755233495,0.016467789767088917,0.3779688418577307,0.008863062981775789,0.5441268076171457,0.017970801441510757,0.6298711755233495,0.016467789767088917,0.5692485961503027,0.014841875252660229,0.359250703000703,0.013046959641598624,0.3779688418577307,0.008863062981775789,0.3559705347080648,0.0085253407585379,0.84886224542701,0.003770525929564511,0.05474347511513365,0.00557410940535893,0.003543613152578473,0.0005061275274227751,0.04508219824896918,0.0007814606844740043
haberman_s_survival,Haberman Survival,Adaptive Weighted NBEM,0.7457634408602151,0.0015462948827739103,0.569973649538867,0.00406558453428719,0.704799867755512,0.014766470464139822,0.7457634408602151,0.0015462948827739103,0.6925861453410203,0.0038995449903002307,0.6480608975790966,0.02672823806035056,0.569973649538867,0.00406558453428719,0.5566261850428754,0.007355868773945781,0.6405278326745718,0.019030142810965465,0.00301934446208179,0.00028737978120638554,0.004181444304995239,0.0004193356490061012,0.018730583190917968,5.040534609795273e-05
haberman_s_survival,Haberman Survival,Bernoulli NB,0.7224731182795698,,0.5030385375494071,,0.5727740532472314,,0.7224731182795698,,0.6302586985296663,,0.4265781203100447,,0.5030385375494071,,0.4464093314093314,,0.683197463768116,,0.005868038022890687,,0.0035169013310223816,,0.02587718963623047,
haberman_s_survival,Haberman Survival,Categorical NB,0.7321505376344086,,0.5735891523935003,,0.7105957730812014,,0.7321505376344086,,0.6943630529796486,,0.6607144120247568,,0.5735891523935003,,0.572059879876168,,0.6830245388669302,,0.006990702264010907,,0.002117265947163105,,0.019765281677246095,
haberman_s_survival,Haberman Survival,Dependency-Aware NBEM,0.7450537634408602,,0.5307806324110672,,0.6412415592907179,,0.7450537634408602,,0.6574435925486299,,0.5489390327877536,,0.5307806324110672,,0.48640745483808745,,0.6695611001317523,,0.03504992218222469,,0.0019428986823186278,,0.06136035919189453,
haberman_s_survival,Haberman Survival,Gaussian NB,0.7448387096774194,,0.5711462450592886,,0.6890203808056978,,0.7448387096774194,,0.6916105548063756,,0.6233955412403688,,0.5711462450592886,,0.5575536406628447,,0.6257767896354853,,0.003388753393664956,,0.002354724914766848,,0.0184661865234375,
haberman_s_survival,Haberman Survival,Hybrid NBEM,0.7398924731182795,0.008414279083572302,0.5670152613087396,0.012150827173170582,0.7104780095761696,0.028533339548232988,0.7398924731182795,0.008414279083572302,0.6909596267604163,0.009859975790679435,0.6621707592676543,0.050379696125425366,0.5670152613087396,0.012150827173170582,0.5582536730213042,0.014840277816169345,0.715603041282389,0.017210379025311,0.4754607912898064,0.08248589762232411,0.014687553099356593,0.0003503084765239776,1.1599992752075194,0.0004133893314479654
haberman_s_survival,Haberman Survival,Hybrid w/o Adaptive,0.741505376344086,,0.5645998023715415,,0.6889604762312215,,0.741505376344086,,0.6896015898887069,,0.6265107995452823,,0.5645998023715415,,0.5551713155430302,,0.6926136363636364,,0.5714037534082308,,0.009225694043561817,,1.1579590797424317,
haberman_s_survival,Haberman Survival,Hybrid w/o Deep,0.7317204301075269,,0.554100790513834,,0.6769971058754892,,0.7317204301075269,,0.6798077732514166,,0.6076232228818436,,0.554100790513834,,0.5423617083196915,,0.6832756916996047,,0.08860603717621415,,0.011798441410064697,,0.06519908905029297,
haberman_s_survival,Haberman Survival,Hybrid w/o Dependency,0.7416129032258064,,0.5486907114624506,,0.6797357821967605,,0.7416129032258064,,0.6752988997918252,,0.6155291322198997,,0.5486907114624506,,0.5254560625895254,,0.6707866710584102,,0.5265642418060452,,0.010722337593324482,,1.1474295616149903,
haberman_s_survival,Haberman Survival,NBEM,0.7457634408602151,0.0015462948827739103,0.569973649538867,0.00406558453428719,0.704799867755512,0.014766470464139822,0.7457634408602151,0.0015462948827739103,0.6925861453410203,0.0038995449903002307,0.6480608975790966,0.02672823806035056,0.569973649538867,0.00406558453428719,0.5566261850428754,0.007355868773945781,0.6405278326745718,0.019030142810965465,0.003331385380588472,0.0004209686881289289,0.0037297130282968284,0.00045620413672455576,0.01895130157470703,4.442681336807713e-05
haberman_s_survival,Haberman Survival,Probabilistic Deep NBEM,0.7483870967741935,,0.5442907334211682,,0.6621077435328754,,0.7483870967741935,,0.6705775729894415,,0.581211989715883,,0.5442907334211682,,0.5099297021985701,,0.5836791831357049,,0.46170933614484966,,0.0021094061667099595,,1.1466404914855957,
haberman_s_survival,Haberman Survival,WNB,0.735268817204301,0.0,0.5,0.0,0.5407094461787489,0.0,0.735268817204301,0.0,0.6231313020966095,0.0,0.3676344086021505,0.0,0.5,0.0,0.42370316615599635,0.0,0.7068233970136144,0.014173612914991302,0.024762955512851476,0.0026585297044712853,0.0011098238918930293,0.00019357526105875868,0.04007061004638672,0.000288047964818186
heart_disease,Heart Disease,Adaptive Weighted NBEM,0.560236559139785,0.007997354748235751,0.2711,0.009836632073323874,0.4660552975259774,0.017766551213168235,0.560236559139785,0.007997354748235751,0.49690033798692423,0.008825182623011562,0.257821862671611,0.021729445463439696,0.2711,0.009836632073323874,0.25208224340642976,0.011091879071767244,0.8191488789153416,0.004514261081559421,0.007021688623353839,0.001019447027258225,0.007816831613890827,0.0007550625629519458,0.04720294952392578,9.961198767252301e-05
heart_disease,Heart Disease,Bernoulli NB,0.5580645161290322,,0.31046568627450977,,0.52744726062468,,0.5580645161290322,,0.5367741547914613,,0.2878924394319131,,0.31046568627450977,,0.29316434164778815,,0.803984020235179,,0.00668852892704308,,0.0037077140528708695,,0.05952596664428711,
heart_disease,Heart Disease,Categorical NB,0.5549462365591398,,0.33313235294117644,,0.5287849248053232,,0.5549462365591398,,0.5320539124510203,,0.3207702315744111,,0.33313235294117644,,0.314460250145456,,0.8130981243800488,,0.009899283945560455,,0.0017338890116661786,,0.043017005920410155,
heart_disease,Heart Disease,Dependency-Aware NBEM,0.557741935483871,,0.22833333333333333,,0.3663419891469576,,0.557741935483871,,0.42157604559429507,,0.20570016701051186,,0.22833333333333333,,0.1891702534020801,,0.7927307849629874,,0.08727846378460527,,0.006174867879599333,,0.13736991882324218,
heart_disease,Heart Disease,Gaussian NB,0.5483870967741936,,0.34058333333333335,,0.563518039889432,,0.5483870967741936,,0.549376338682365,,0.3230496623259781,,0.34058333333333335,,0.32310680066914116,,0.812157137945069,,0.004176352499052882,,0.002918021916411817,,0.05726432800292969,
heart_disease,Heart Disease,Hybrid NBEM,0.5867956989247312,0.010688085501910504,0.3117921568627451,0.018560550529219573,0.5220119675434963,0.0141422488917932,0.5867956989247312,0.010688085501910504,0.5440669287126493,0.015372537719647897,0.2934483962269465,0.01506525793448298,0.3117921568627451,0.018560550529219573,0.2927744099962366,0.018659162894175834,0.8228401364243633,0.007098838245697373,0.6373843824816868,0.08953557498339777,0.03302748600021005,0.001653856038023655,1.2903834915161132,0.0015628063657787082
heart_disease,Heart Disease,Hybrid w/o Adaptive,0.590752688172043,,0.3035539215686275,,0.5236445410461125,,0.590752688172043,,0.5381664939606778,,0.32424388003375754,,0.3035539215686275,,0.2936326888953428,,0.8030428374794708,,0.7680141456658021,,0.01729480696376413,,1.286135768890381,
heart_disease,Heart Disease,Hybrid w/o Deep,0.5908602150537634,,0.31828431372549015,,0.5029170822738771,,0.5908602150537634,,0.5346779054537968,,0.2858561431576306,,0.31828431372549015,,0.29223567877515244,,0.8250426626368043,,0.1974293452920392,,0.028581723221577704,,0.1698301315307617,
heart_disease,Heart Disease,Hybrid w/o Dependency,0.6005376344086021,,0.3277941176470588,,0.5264256700646188,,0.6005376344086021,,0.5543405788089675,,0.2934707244453846,,0.3277941176470588,,0.3033256418269067,,0.8126702838922156,,0.6262132867705077,,0.020013686106540262,,1.2685805320739747,
heart_disease,Heart Disease,NBEM,0.5655483870967741,0.008805591618438975,0.30496666666666666,0.011953908241301082,0.5260175102765635,0.007962622911244483,0.5655483870967741,0.008805591618438975,0.5397012282680939,0.005777087856055107,0.2928132762834001,0.011788623939246082,0.30496666666666666,0.011953908241301082,0.2929144893205914,0.010366694503829745,0.8171840373972558,0.0033212940055885277,0.006817650981247425,0.000431211130570831,0.006523576132021844,0.00023343543427963115,0.04738698959350586,0.0001943682264950153
heart_disease,Heart Disease,Probabilistic Deep NBEM,0.5740860215053762,,0.2565,,0.4410603108361534,,0.5740860215053762,,0.4762735175882821,,0.2548315529331863,,0.2565,,0.23288248012436794,,0.756278777501766,,0.5331122347153723,,0.002409016853198409,,1.26517333984375,
heart_disease,Heart Disease,WNB,0.5411827956989248,0.0,0.2,0.0,0.29299630015030637,0.0,0.5411827956989248,0.0,0.3801338615181085,0.0,0.10823655913978494,0.0,0.2,0.0,0.1404463459759482,0.0,0.8116365563132675,0.0029928444992708136,0.07031659461557865,0.007331443744814305,0.003480404815636575,0.0003661969013971638,0.06383188247680664,0.0010898487326244663
heart_failure_clinical_records,Heart Failure,Adaptive Weighted NBEM,0.7471724137931034,0.0029028393715401753,0.6428571428571429,0.004348181578957838,0.7448486200260213,0.010241341203300421,0.7471724137931034,0.0029028393715401753,0.7156071234661878,0.004367310577804835,0.7383658023136284,0.016591712666341473,0.6428571428571429,0.004348181578957838,0.6489809271295246,0.0076319713685712096,0.8487253968253968,0.005334751165784594,0.006748126251623035,0.0006708569089952723,0.00754188522696495,0.0007720760871467412,0.03651992797851562,8.017121437140838e-05
heart_failure_clinical_records,Heart Failure,Bernoulli NB,0.825977011494253,,0.7709126984126984,,0.8277517016573356,,0.825977011494253,,0.8162463461884755,,0.819910503366453,,0.7709126984126984,,0.7808008835315403,,0.8787791005291006,,0.0055733824148774145,,0.0034626091131940485,,0.05462074279785156,
heart_failure_clinical_records,Heart Failure,Categorical NB,0.8395402298850575,,0.8107142857142857,,0.8407960850401868,,0.8395402298850575,,0.8383442122390223,,0.8218526429710641,,0.8107142857142857,,0.8139085868872952,,0.8916613756613756,,0.010638912883587181,,0.0020516540855169295,,0.03450469970703125,
heart_failure_clinical_records,Heart Failure,Dependency-Aware NBEM,0.812528735632184,,0.7286904761904762,,0.832985874787474,,0.812528735632184,,0.7896541942538129,,0.8460498044628479,,0.7286904761904762,,0.7408812890588811,,0.9017830687830688,,0.09033497117925435,,0.004367122682742775,,0.13178424835205077,
heart_failure_clinical_records,Heart Failure,Gaussian NB,0.7658620689655172,,0.6848015873015874,,0.7593562904694838,,0.7658620689655172,,0.7488764246432831,,0.7486058253340862,,0.6848015873015874,,0.6980339748377874,,0.8485132275132274,,0.004452469456009567,,0.002416107524186373,,0.05525150299072266,
heart_failure_clinical_records,Heart Failure,Hybrid NBEM,0.8321839080459771,0.0050965055810104085,0.7835555555555556,0.009871449500612032,0.8350270043208061,0.007522880655359423,0.8321839080459771,0.0050965055810104085,0.8265512476616411,0.006115908322051431,0.8260507981085784,0.009084493828526087,0.7835555555555556,0.009871449500612032,0.795349235498693,0.008415186767060734,0.8969603174603176,0.004063315089978824,0.6352785046212375,0.04235456904811167,0.0267204547021538,0.0010834353056894434,1.2558036613464356,0.0005114099546981214
heart_failure_clinical_records,Heart Failure,Hybrid w/o Adaptive,0.8394252873563218,,0.7983730158730158,,0.8389630070094443,,0.8394252873563218,,0.8354460868997599,,0.8259028665207155,,0.7983730158730158,,0.8071661194162507,,0.9003915343915343,,0.6935706725576892,,0.013089193776249886,,1.251729965209961,
heart_failure_clinical_records,Heart Failure,Hybrid w/o Deep,0.8191954022988506,,0.7626587301587302,,0.8198585513622483,,0.8191954022988506,,0.8086432441739813,,0.8086777441983392,,0.7626587301587302,,0.7706363550118992,,0.9043439153439154,,0.19198189012240618,,0.02098945006728172,,0.13853864669799804,
heart_failure_clinical_records,Heart Failure,Hybrid w/o Dependency,0.7959770114942529,,0.7372619047619048,,0.7911436877160265,,0.7959770114942529,,0.7874162849841609,,0.7767655593199072,,0.7372619047619048,,0.7488208397627085,,0.8697275132275133,,0.5585911462781951,,0.01671749888919294,,1.2345962524414062,
heart_failure_clinical_records,Heart Failure,NBEM,0.7511724137931035,0.005399485694547535,0.6506031746031746,0.006340234236115244,0.7496245458339761,0.006479192305225461,0.7511724137931035,0.005399485694547535,0.7227111357510925,0.0054897780423730684,0.7432130081673559,0.009685142452667253,0.6506031746031746,0.006340234236115244,0.6589924850125582,0.007020126131076384,0.8390481481481482,0.003176414496487848,0.007550958166830242,0.0007198958214149894,0.006627940200269222,0.0007732371049233043,0.03671060562133789,6.156411291639375e-05
heart_failure_clinical_records,Heart Failure,Probabilistic Deep NBEM,0.8026436781609195,,0.7464285714285714,,0.7974335061906277,,0.8026436781609195,,0.7921706181468349,,0.7821260116694899,,0.7464285714285714,,0.7539250080424444,,0.8650608465608466,,0.4883900645887479,,0.0023319143801927567,,1.231887435913086,
heart_failure_clinical_records,Heart Failure,WNB,0.8207356321839081,0.0068637149299570184,0.740531746031746,0.010317521367340751,0.832177179663776,0.014941015528442824,0.8207356321839081,0.0068637149299570184,0.8010786719601279,0.00915329326646343,0.8416108273453811,0.020858577923127484,0.740531746031746,0.010317521367340751,0.7559438684824543,0.012320859908119859,0.8967835978835978,0.006808453396544665,0.06562983597628773,0.007900954045320327,0.0025339443841949105,0.0003710790244026524,0.06295404434204102,0.0005135153957228436
hepatitis,Hepatitis,Adaptive Weighted NBEM,0.8421666666666667,0.010397482334146543,0.7592948717948718,0.015820806318185162,0.854076202963703,0.009960239229373637,0.8421666666666667,0.010397482334146543,0.8402342909425519,0.01021864945118149,0.7828447108447109,0.015182793618190351,0.7592948717948718,0.015820806318185162,0.7563616063485629,0.01658460852465806,0.8642094017094017,0.00833359015054627,0.0065984661877155305,0.0005981044379648476,0.0073679708456620575,0.0006125176643857025,0.03200319290161133,1.5189849567464253e-05
hepatitis,Hepatitis,Bernoulli NB,0.8375,,0.7714743589743589,,0.8468939393939394,,0.8375,,0.840615000941088,,0.7610955710955711,,0.7714743589743589,,0.7635998059911103,,0.8759615384615385,,0.005996784474700689,,0.003193241590633988,,0.04522829055786133,
hepatitis,Hepatitis,Categorical NB,0.8574999999999999,,0.8214743589743589,,0.8802509157509156,,0.8574999999999999,,0.861025202333898,,0.80239010989011,,0.8214743589743589,,0.7989454675759023,,0.8889957264957266,,0.011801645299419761,,0.0018994565820321442,,0.02908153533935547,
hepatitis,Hepatitis,Dependency-Aware NBEM,0.8004166666666667,,0.5166666666666667,,0.6551183035714286,,0.8004166666666667,,0.7153965096206475,,0.44973214285714286,,0.5166666666666667,,0.46912866826659927,,0.8570512820512821,,0.09988129194825887,,0.005021234229207039,,0.10391902923583984,
hepatitis,Hepatitis,Gaussian NB,0.63875,,0.7128205128205127,,0.8140352182539683,,0.63875,,0.6695149711399712,,0.6446626984126984,,0.7128205128205127,,0.6051298701298701,,0.8423076923076923,,0.00342685601208359,,0.002352033741772175,,0.05393142700195312,
hepatitis,Hepatitis,Hybrid NBEM,0.8460833333333333,0.008772787786989677,0.7139102564102564,0.015398964995915485,0.8423969488844488,0.016158852763262215,0.8460833333333333,0.008772787786989677,0.8323344566061959,0.011711939983777571,0.7874114219114219,0.03573771185079431,0.7139102564102564,0.015398964995915485,0.7256359244620114,0.023641210357758385,0.8731730769230769,0.01160955415433159,0.418864751458168,0.0647185134912508,0.024703930346295238,0.0038785155755123348,1.0713339233398438,0.000401361881083482
hepatitis,Hepatitis,Hybrid w/o Adaptive,0.8258333333333333,,0.5958333333333333,,0.7647473672161172,,0.8258333333333333,,0.77651792135068,,0.6647481684981684,,0.5958333333333333,,0.5947418635004842,,0.852190170940171,,0.4769210068974644,,0.014450940000824631,,1.0677788734436036,
hepatitis,Hepatitis,Hybrid w/o Deep,0.85125,,0.7253205128205128,,0.8330384615384615,,0.85125,,0.8365810337810338,,0.7650915750915751,,0.7253205128205128,,0.7354765974765975,,0.8590811965811966,,0.18459918205626308,,0.026211919728666544,,0.10428524017333984,
hepatitis,Hepatitis,Hybrid w/o Dependency,0.845,,0.6961538461538461,,0.8270929487179487,,0.845,,0.8242745421245422,,0.7676739926739927,,0.6961538461538461,,0.7075775335775336,,0.8535256410256411,,0.32053038019221275,,0.01521359330508858,,1.0503290176391602,
hepatitis,Hepatitis,NBEM,0.8369166666666666,0.002095796056659868,0.7726923076923077,0.0067284794639975035,0.8562049145299145,0.008078908369433509,0.8369166666666666,0.002095796056659868,0.8384245553802077,0.002707148482649914,0.7735577200577202,0.017687977395263888,0.7726923076923077,0.0067284794639975035,0.7585344237083367,0.005785803230521619,0.8647756410256411,0.009460679716509306,0.006719549112021923,0.000549860109625729,0.006230706176720559,0.0005849077414667673,0.03223249435424805,3.30554028677997e-05
hepatitis,Hepatitis,Probabilistic Deep NBEM,0.79375,,0.533974358974359,,0.6939638850732601,,0.79375,,0.7276667852581645,,0.5280517399267399,,0.533974358974359,,0.5060762634555738,,0.7280982905982907,,0.265489795524627,,0.0017469599843025208,,1.0472874641418457,
hepatitis,Hepatitis,WNB,0.79375,0.0,0.5,0.0,0.6305468750000001,0.0,0.79375,0.0,0.7026614668856047,0.0,0.396875,0.0,0.5,0.0,0.4424192665571976,0.0,0.8806196581196583,0.01648986633929001,0.0862566348677501,0.011702462546996922,0.0032334374822676182,0.0007280807169344585,0.05386142730712891,0.000701918621279879
ilpd_indian_liver_patient_dataset,Indian Liver Patients,Adaptive Weighted NBEM,0.5635184102863823,0.0020293039801966136,0.6793455796952927,0.002127866424730926,0.794642842878746,0.0031010008685856943,0.5635184102863823,0.0020293039801966136,0.564721849422886,0.002171090163076431,0.6746076477610304,0.0025139212338467607,0.6793455796952927,0.002127866424730926,0.5620439425714819,0.0019855734592869535,0.7344887955182073,0.0024409812728882294,0.00736928666010499,0.000251660319583001,0.0074742913106456395,0.0004013510831811655,0.08445253372192382,0.00011459467413620647
ilpd_indian_liver_patient_dataset,Indian Liver Patients,Bernoulli NB,0.7084745762711864,,0.5928140158502425,,0.681195185268557,,0.7084745762711864,,0.685934994126854,,0.6209931813103389,,0.5928140158502425,,0.5941625627762237,,0.6808915334426453,,0.006003789883106947,,0.003492766781710088,,0.0873291015625,
ilpd_indian_liver_patient_dataset,Indian Liver Patients,Categorical NB,0.6703974284044418,,0.676598474755756,,0.7345183394256428,,0.6703974284044418,,0.683868657074246,,0.6479249710145625,,0.676598474755756,,0.640486595524971,,0.7405929749948761,,0.010407819109968842,,0.0019474696135148406,,0.05357933044433594,
ilpd_indian_liver_patient_dataset,Indian Liver Patients,Dependency-Aware NBEM,0.7135593220338983,,0.5,,0.5092190969765887,,0.7135593220338983,,0.5943005622596157,,0.35677966101694913,,0.5,,0.4164090409040904,,0.7224616980938716,,0.10476036698091776,,0.005222042487002909,,0.21472501754760742,
ilpd_indian_liver_patient_dataset,Indian Liver Patients,Gaussian NB,0.5643483343074226,,0.6816866075698572,,0.8008030312034385,,0.5643483343074226,,0.5644672216086799,,0.6793960807024602,,0.6816866075698572,,0.5624989704490935,,0.7281292700006833,,0.005227253725752235,,0.002409870992414653,,0.09066982269287109,
ilpd_indian_liver_patient_dataset,Indian Liver Patients,Hybrid NBEM,0.6991759205143191,0.0036912879574366292,0.5306259821001571,0.017960618062340526,0.6229181438661093,0.03320127149784835,0.6991759205143191,0.0036912879574366292,0.6350172052814083,0.018233830709073983,0.5440627512135296,0.05120513137491939,0.5306259821001571,0.017960618062340526,0.5014250992316809,0.03226929319824134,0.7307564306210289,0.007814041501226566,0.8472943369112909,0.15318593003626604,0.027439358104020355,0.0031448985108108963,1.3208203315734863,0.0034316141145519156
ilpd_indian_liver_patient_dataset,Indian Liver Patients,Hybrid w/o Adaptive,0.7065751022793687,,0.5629931850789096,,0.6664482801368423,,0.7065751022793687,,0.6661356885027491,,0.6083612991292472,,0.5629931850789096,,0.5560272895959143,,0.7420528882284622,,1.0702298724325374,,0.012571261124685406,,1.316736888885498,
ilpd_indian_liver_patient_dataset,Indian Liver Patients,Hybrid w/o Deep,0.6893629456458211,,0.49020056193208994,,0.5696421125012991,,0.6893629456458211,,0.5929693641006176,,0.4669614472469836,,0.49020056193208994,,0.42816388375695064,,0.7342908809865409,,0.15653927861712874,,0.019702585018239915,,0.22763519287109374,
ilpd_indian_liver_patient_dataset,Indian Liver Patients,Hybrid w/o Dependency,0.7066335476329633,,0.538019018583043,,0.6595217400483628,,0.7066335476329633,,0.6407040401610519,,0.6064395183085608,,0.538019018583043,,0.5077887626869851,,0.7399953883992622,,0.9661644961917772,,0.0181498977355659,,1.2995877265930176,
ilpd_indian_liver_patient_dataset,Indian Liver Patients,NBEM,0.5593980128579779,0.0020116581667791694,0.6775407785065246,0.002007987511760922,0.7954320043464547,0.004257407350900101,0.5593980128579779,0.0020116581667791694,0.5593644816436156,0.0020985385246386394,0.6746204980380538,0.0033949100015537755,0.6775407785065246,0.002007987511760922,0.5579320344309882,0.0017464384058567468,0.7314552162328346,0.0019582305441761395,0.008143994412384928,0.00043341689464926325,0.006661011050455272,0.0004975811600416347,0.08465351104736327,9.829020642421573e-05
ilpd_indian_liver_patient_dataset,Indian Liver Patients,Probabilistic Deep NBEM,0.7134716540035068,,0.5357104427136707,,0.6746907188370251,,0.7134716540035068,,0.641129281877776,,0.6355513733624122,,0.5357104427136707,,0.5037426778894861,,0.7305264483842318,,0.8803587978007272,,0.0026818447513505816,,1.296986961364746,
ilpd_indian_liver_patient_dataset,Indian Liver Patients,WNB,0.7135593220338983,0.0,0.5,0.0,0.5092190969765887,0.0,0.7135593220338983,0.0,0.5943005622596157,0.0,0.35677966101694913,0.0,0.5,0.0,0.4164090409040904,0.0,0.7275528199084512,0.004379558673674856,0.05833609715569764,0.00788824073402607,0.002219015620648861,0.000257794080906342,0.09114862442016601,0.0008950275289959037
internet_advertisements,Internet Ads,Adaptive Weighted NBEM,0.9663929290669053,0.0005456202682903285,0.892907390276493,0.000791962791920383,0.9664388464581982,0.0007303783039775548,0.9663929290669053,0.0005456202682903285,0.9648476230449475,0.000537256387274076,0.9649960761293709,0.0023506435425783645,0.892907390276493,0.000791962791920383,0.9239274235408169,0.0011265280213045635,0.9691542467536918,0.0009439069794703242,0.3262641015928239,0.04701446994443863,0.043282723310403524,0.007270156689058807,74.40098470687866,5.408559387432918e-05
internet_advertisements,Internet Ads,Bernoulli NB,0.9621830014171702,,0.8849881796690307,,0.9621272722573808,,0.9621830014171702,,0.9605093045852747,,0.9548838033165632,,0.8849881796690307,,0.9146545597715194,,0.9648535306814677,,0.2855406450340524,,0.03234633537940681,,74.54415626525879,
internet_advertisements,Internet Ads,Categorical NB,0.968281494741553,,0.9021790523178128,,0.9683986042802426,,0.968281494741553,,0.9670608250208419,,0.9642957328260084,,0.9021790523178128,,0.9291363258329556,,0.9741795148525029,,0.7252885687164963,,0.07566946800798177,,0.6484832763671875,
internet_advertisements,Internet Ads,Dependency-Aware NBEM,0.8600190199149698,,0.5,,0.7396333367689832,,0.8600190199149698,,0.7952960548505323,,0.4300095099574849,,0.5,,0.4623709924897036,,0.9645430328570939,,15.342720664828084,,0.3363579744938761,,140.55502014160157,
internet_advertisements,Internet Ads,Gaussian NB,0.7718784963078988,,0.8272545996505294,,0.8945305216244073,,0.7718784963078988,,0.8044335091464669,,0.6755233331532391,,0.8272545996505294,,0.6879875327773244,,0.8335016445677871,,0.22238182378932833,,0.0601480197859928,,60.49913215637207,
internet_advertisements,Internet Ads,Hybrid NBEM,0.9681625270381143,0.0008794331553094596,0.9247302908829272,0.005759101000777883,0.9685142676251323,0.0006605510679411442,0.9681625270381143,0.0008794331553094596,0.967891602511861,0.0009055219784731162,0.9437075005864687,0.004128231647992179,0.9247302908829272,0.005759101000777883,0.9328062990727514,0.002110717582485317,0.9791012437043889,0.0019214463721180404,70.23410284671468,7.657118730145821,0.7433417483605445,0.12778703519035145,140.55686059951782,0.0030837499899409207
internet_advertisements,Internet Ads,Hybrid w/o Adaptive,0.9603583948683523,,0.9176297666769452,,0.9618517618881528,,0.9603583948683523,,0.9605617059490783,,0.9229729955907346,,0.9176297666769452,,0.9186380988678836,,0.973573423099325,,64.19970833449625,,0.6231603672262281,,140.5533455848694,
internet_advertisements,Internet Ads,Hybrid w/o Deep,0.9719418960244648,,0.9252770068866276,,0.9720734482513149,,0.9719418960244648,,0.9713863796851621,,0.9575947432525849,,0.9252770068866276,,0.9394575487814661,,0.970583050673245,,17.835883057140745,,0.4504105017287657,,140.55200204849243,
internet_advertisements,Internet Ads,Hybrid w/o Dependency,0.9667617662415156,,0.925925583307637,,0.9676962868493515,,0.9667617662415156,,0.9667524811213604,,0.9390636942438849,,0.925925583307637,,0.93101582024858,,0.980116918491109,,48.31571443956345,,0.1531236146343872,,79.25922002792359,
internet_advertisements,Internet Ads,NBEM,0.9622450958454538,0.00045076802149367895,0.884291088498304,0.0005818507009806523,0.9618820550819344,0.000536275965448455,0.9622450958454538,0.00045076802149367895,0.9605071634568756,0.00042070486728109535,0.9547221441159017,0.001831173823368746,0.884291088498304,0.0005818507009806523,0.9145276957936321,0.0008065837406844972,0.9696907013396375,0.0008091517786874554,0.30482049408368767,0.04632442847497511,0.041784789473749695,0.0064531646516626144,74.40129007339479,5.912233142774135e-05
internet_advertisements,Internet Ads,Probabilistic Deep NBEM,0.9588340046244499,,0.9203818480830506,,0.9613528360046691,,0.9588340046244499,,0.9593808923550504,,0.9177976882044996,,0.9203818480830506,,0.9169542762493558,,0.9722841504779526,,46.35060960142873,,0.018365272064693274,,50.584359073638915,
internet_advertisements,Internet Ads,WNB,0.8600190199149698,0.0,0.5,0.0,0.7396333367689832,0.0,0.8600190199149698,0.0,0.7952960548505323,0.0,0.4300095099574849,0.0,0.5,0.0,0.4623709924897036,0.0,0.963473669784493,0.0007721243001675411,7.966645060735755,1.423385234036372,0.2800374364387244,0.04979128287818001,35.54272035598755,0.017741674109870896
mushroom,Mushroom,Adaptive Weighted NBEM,0.9542341507158915,0.0003832608000463249,0.952794492897851,0.0003874593530907045,0.9569320172585275,0.0003508561483446471,0.9542341507158915,0.0003832608000463249,0.9540923749817936,0.00038682175256552983,0.958137568796786,0.0003496906879171954,0.952794492897851,0.0003874593530907045,0.953967136679652,0.00038837772973080955,0.995737797613107,6.099859097224611e-05,0.03197930146474391,0.0024065714771122,0.015552733489312232,0.0009997171481930039,0.7373010635375976,7.477402663316563e-05
mushroom,Mushroom,Bernoulli NB,0.9268851604772206,,0.925997211752614,,0.9277422281726565,,0.9268851604772206,,0.9267810452679799,,0.9283253915090202,,0.925997211752614,,0.9266262472753268,,0.9155059701880486,,0.018231357121840118,,0.006347056129015982,,2.610111045837402,
mushroom,Mushroom,Categorical NB,0.9544550076042633,,0.9530367376734852,,0.9571290683846778,,0.9544550076042633,,0.9543107946831684,,0.958313521426267,,0.9530367376734852,,0.9541855592335121,,0.9979757527227117,,0.028720892313867808,,0.005700291902758181,,0.4022651672363281,
mushroom,Mushroom,Dependency-Aware NBEM,0.9970455468101479,,0.996934860900882,,0.9970658668126626,,0.9970455468101479,,0.9970451187739572,,0.9971681215215016,,0.996934860900882,,0.9970408722365647,,0.9999745094036493,,0.2845973025076091,,0.011055395053699613,,4.973516845703125,
mushroom,Mushroom,Gaussian NB,0.8996841655608675,,0.8999130919020505,,0.90052660440746,,0.8996841655608675,,0.8996733367509228,,0.9001152633052882,,0.8999130919020505,,0.8995816419291526,,0.9491649455919928,,0.011299688671715557,,0.00518355518579483,,1.33931884765625,
mushroom,Mushroom,Hybrid NBEM,0.9997045849768842,0.00028338724148718877,0.999695439055515,0.00029316320847003777,0.9997057544723257,0.00028199443333113783,0.9997045849768842,0.00028338724148718877,0.9997045641687938,0.0002834140591504293,0.999714106391439,0.0002730230855006596,0.999695439055515,0.00029316320847003777,0.9997041655455142,0.00028379063102327326,0.9999997570028734,5.433580933177242e-07,11.598112153718247,0.5410449090915327,0.07455537240952254,0.005357315183415287,11.244065132141113,0.0030985115714613574
mushroom,Mushroom,Hybrid w/o Adaptive,0.9998768472906404,,0.9998721227621484,,0.9998771391217053,,0.9998768472906404,,0.9998768414919883,,0.9998815165876778,,0.9998721227621484,,0.9998766675324241,,1.0,,11.486159173818304,,0.04664388168603182,,11.11949806213379,
mushroom,Mushroom,Hybrid w/o Deep,0.9937233017650374,,0.9938685274274948,,0.993787580756633,,0.9937233017650374,,0.9937243855745524,,0.9936291402549401,,0.9938685274274948,,0.9937177172657089,,0.9999745094036493,,0.42084870047401635,,0.03584790145978332,,4.973867797851563,
mushroom,Mushroom,Hybrid w/o Dependency,0.9995076921212561,,0.9994979296582829,,0.9995088566858836,,0.9995076921212561,,0.9995076681761432,,0.9995172775146008,,0.9994979296582829,,0.9995069955934588,,0.9999957491000118,,11.092786447796971,,0.06499821883626282,,11.10299711227417,
mushroom,Mushroom,NBEM,0.9431562236804634,0.00029407419593070603,0.9411753664287155,0.00028593850189671674,0.9481358598305164,0.000300916262089404,0.9431562236804634,0.00029407419593070603,0.9428706410394889,0.00029986227795197526,0.9497804678621791,0.0003146586794962696,0.9411753664287155,0.00028593850189671674,0.9426847349183685,0.0003014541492236021,0.9963251975035009,4.658504738352671e-05,0.03124178245663643,0.0034931342266160243,0.012701989468187094,0.0017255344353814832,0.7374868011474609,0.00010792285223646238
mushroom,Mushroom,Probabilistic Deep NBEM,0.9988925344918475,,0.9988953192554518,,0.998895947812189,,0.9988925344918475,,0.9988925841558031,,0.9988903982960237,,0.9988953192554518,,0.9988911978699122,,0.9999902878635705,,10.718164592073299,,0.0126114999409765,,3.3741290092468263,
mushroom,Mushroom,WNB,0.9852288549979097,3.648105775111808e-07,0.984677436191868,1.608089872144539e-06,0.9856606029223764,1.326975593839911e-05,0.9852288549979097,3.648105775111808e-07,0.9852167153649145,9.689098959249756e-07,0.9861586765108641,1.3533148620134488e-05,0.984677436191868,1.608089872144539e-06,0.98518918650269,1.3447717932403076e-06,0.9994830706570408,2.5243948459468586e-05,0.18481899911072106,0.01848486937776888,0.0062692959792912005,0.0008682023660582002,1.6500788116455076,0.0015425948174611903
predict_students_dropout_and_academic_success,Students,Adaptive Weighted NBEM,0.6877930196214621,0.0013312838647100598,0.5838478336429056,0.0022222670583368137,0.6647657159533644,0.0016418866839934957,0.6877930196214621,0.0013312838647100598,0.664842423513881,0.0017699072118388425,0.6195505816144553,0.00176385709875358,0.5838478336429056,0.0022222670583368137,0.5869848064562084,0.002379714616217715,0.8278831024377753,0.0006833332625274058,0.016570256398990752,0.0013093144319939695,0.01616571789607406,0.0016237942224623027,0.9212837028503419,0.0001838245948057508
predict_students_dropout_and_academic_success,Students,Bernoulli NB,0.6835464694646742,,0.5515507872880739,,0.6519804489789025,,0.6835464694646742,,0.6425933236740294,,0.5984775534073459,,0.5515507872880739,,0.5450680815505188,,0.7978185993708289,,0.014748244127258659,,0.005218924325890839,,2.326138496398926,
predict_students_dropout_and_academic_success,Students,Categorical NB,0.6932647620604067,,0.648473436008372,,0.720031686016843,,0.6932647620604067,,0.7020256125784411,,0.6552529193468679,,0.648473436008372,,0.6455798424442347,,0.852565632690651,,0.02886493077967316,,0.00428600471932441,,0.2515840530395508,
predict_students_dropout_and_academic_success,Students,Dependency-Aware NBEM,0.7151936100017364,,0.5675702325284405,,0.6409241374879229,,0.7151936100017364,,0.6440147348836464,,0.5773564644294844,,0.5675702325284405,,0.519120622889118,,0.8568476897704087,,0.36098683569580314,,0.013133404962718486,,4.439242553710938,
predict_students_dropout_and_academic_success,Students,Gaussian NB,0.6785731795757025,,0.584808778994856,,0.6585017334906329,,0.6785731795757025,,0.6632094234072615,,0.6030864657726979,,0.584808778994856,,0.5875786430624046,,0.8144038018264197,,0.008932448201812803,,0.0054567677434533834,,1.1621433258056642,
predict_students_dropout_and_academic_success,Students,Hybrid NBEM,0.758998804939583,0.00253291991979354,0.6781649677836767,0.0026080366080451995,0.7483217317982648,0.002449924500672809,0.758998804939583,0.00253291991979354,0.7505078505031381,0.002502662091993508,0.6982620876571625,0.003480332016598501,0.6781649677836767,0.0026080366080451995,0.6842761310718709,0.003007138584893275,0.8904892087666212,0.002434918755752323,8.423812992442398,0.436614974240701,0.07505277563352138,0.0040770766388160415,6.3650657081604,0.0013890171387904093
predict_students_dropout_and_academic_success,Students,Hybrid w/o Adaptive,0.7619776717771671,,0.6812075905682032,,0.7514282461902482,,0.7619776717771671,,0.7536524606030597,,0.7014065415810234,,0.6812075905682032,,0.6876834727650947,,0.8943282683778341,,8.864805825403892,,0.0670333416434005,,6.270011234283447,
predict_students_dropout_and_academic_success,Students,Hybrid w/o Deep,0.734180260053318,,0.6449267655295914,,0.7186572630140089,,0.734180260053318,,0.7201844062539273,,0.6764721561401267,,0.6449267655295914,,0.6529128084323262,,0.864887238432195,,0.6112262167735025,,0.04295739771332592,,4.439601135253906,
predict_students_dropout_and_academic_success,Students,Hybrid w/o Dependency,0.7633366699692553,,0.6837095832863664,,0.7535084999207597,,0.7633366699692553,,0.755300472306032,,0.7046074388218299,,0.6837095832863664,,0.6904659216644633,,0.8941454868125402,,8.479835867462679,,0.05009013104718178,,6.24244966506958,
predict_students_dropout_and_academic_success,Students,NBEM,0.6681745196776402,0.0012100480486320964,0.57384222440346,0.0024913522744611015,0.6550815623046594,0.0019651243179630872,0.6681745196776402,0.0012100480486320964,0.6525055850609056,0.0017395329252558609,0.6055336752662162,0.002588971502142482,0.57384222440346,0.0024913522744611015,0.5803247691316371,0.002730800645202252,0.8240485894024637,0.00079582459477968,0.01681975262705237,0.0011637336438798166,0.013442549831233918,0.0004567809116923079,0.9214759826660156,0.0002077958077098883
predict_students_dropout_and_academic_success,Students,Probabilistic Deep NBEM,0.7680811619664362,,0.6763734302684441,,0.7547342839950975,,0.7680811619664362,,0.7532323462450673,,0.7164915409873995,,0.6763734302684441,,0.6847703266803565,,0.8989978678848068,,8.303488666098565,,0.016410754434764384,,2.844043827056885,
predict_students_dropout_and_academic_success,Students,WNB,0.7085005566734421,0.0005438841948108088,0.5581447654803082,0.0005314113587246993,0.5855558314524736,0.0004004744474057812,0.7085005566734421,0.0005438841948108088,0.6359089505822559,0.0004930404169392055,0.47977905619434524,0.0003631889960488651,0.5581447654803082,0.0005314113587246993,0.5114203883360334,0.0004066773412307396,0.8531936036910654,0.00043965240313414977,0.2510377703234553,0.015057451219635642,0.010517582427710294,0.000936384907039302,1.3404296875,0.002076993552758385
productivity_prediction_of_garment_employees,Productivity Prediction,Adaptive Weighted NBEM,0.6141946778711485,0.0024389108588088724,0.37883062696608677,0.004543846757218827,0.5631145569554459,0.018519116330686924,0.6141946778711485,0.0024389108588088724,0.505395048180332,0.0018450719760990143,0.508906261872234,0.033723612970312546,0.37883062696608677,0.004543846757218827,0.34026757678748776,0.005093742622987466,0.6448249812871183,0.007572388457113642,0.01690049445722252,0.0009528700278116757,0.012524495446123182,0.001410432725831499,0.16076522827148437,0.00011505547260960648
productivity_prediction_of_garment_employees,Productivity Prediction,Bernoulli NB,0.6574509803921569,,0.4513697241265592,,0.6088214640288948,,0.6574509803921569,,0.6185731270932108,,0.4938846348652607,,0.4513697241265592,,0.4422270394065338,,0.7754575719895118,,0.0064163848524913195,,0.0033062684116885064,,0.24686946868896484,
productivity_prediction_of_garment_employees,Productivity Prediction,Categorical NB,0.7059243697478992,,0.553699884913638,,0.6986129439654448,,0.7059243697478992,,0.6981967470587559,,0.5780260093404677,,0.553699884913638,,0.5567121849895462,,0.835310837411097,,0.012230386561714112,,0.0024060694966465236,,0.09311847686767578,
productivity_prediction_of_garment_employees,Productivity Prediction,Dependency-Aware NBEM,0.7026190476190476,,0.458913195951307,,0.6156640441720665,,0.7026190476190476,,0.6373407112390057,,0.4528070764832653,,0.458913195951307,,0.43826318096054945,,0.8537760538687438,,0.13904904569499194,,0.007870611269026995,,0.5247177124023438,
productivity_prediction_of_garment_employees,Productivity Prediction,Gaussian NB,0.6274089635854342,,0.4069498581905376,,0.5817511594849007,,0.6274089635854342,,0.5304647698118122,,0.5396355134192131,,0.4069498581905376,,0.383201406338219,,0.7537955830662321,,0.007348663383163511,,0.0034404822858050466,,0.2056640625,
productivity_prediction_of_garment_employees,Productivity Prediction,Hybrid NBEM,0.728984593837535,0.009383710387040878,0.5527304910407644,0.01317110284614162,0.7071899643347169,0.014192705406772846,0.728984593837535,0.009383710387040878,0.7032857321699932,0.010111771614075045,0.6385647149228804,0.03018759034713091,0.5527304910407644,0.01317110284614162,0.5590758468555609,0.015616991183128271,0.8685574113720593,0.006314380244461037,3.5580901549570263,0.33894732108267867,0.03906754182185977,0.0013393445688571987,1.9100125122070313,0.0004116419850543686
productivity_prediction_of_garment_employees,Productivity Prediction,Hybrid w/o Adaptive,0.7251540616246499,,0.54764767505654,,0.7057627271952776,,0.7251540616246499,,0.6984258655037847,,0.6396793915999411,,0.54764767505654,,0.5507879343513112,,0.8735798071388328,,3.528499622712843,,0.019537743413820863,,1.8769846916198731,
productivity_prediction_of_garment_employees,Productivity Prediction,Hybrid w/o Deep,0.7176470588235293,,0.5062181788569526,,0.6811029127169018,,0.7176470588235293,,0.6769843652271982,,0.6048047396865324,,0.5062181788569526,,0.5017773121922199,,0.8506544215020092,,0.29744852499570695,,0.03009071198757738,,0.5453660011291503,
productivity_prediction_of_garment_employees,Productivity Prediction,Hybrid w/o Dependency,0.7000420168067227,,0.5302962243040951,,0.6703759292451382,,0.7000420168067227,,0.6756839140385853,,0.5727587140386425,,0.5302962243040951,,0.5306286619481615,,0.8355576992422312,,3.415281896549277,,0.028275064169429244,,1.8622992515563965,
productivity_prediction_of_garment_employees,Productivity Prediction,NBEM,0.6210364145658264,0.0018221215849761583,0.3966276448703955,0.005923320156863652,0.575146247957308,0.025590292952823154,0.6210364145658264,0.0018221215849761583,0.5194293847546358,0.00216590996715782,0.5285337920263488,0.047165698020681615,0.3966276448703955,0.005923320156863652,0.3671629265002876,0.009126491756699119,0.6456366025680262,0.00741222447706724,0.018145728535018862,0.001345702759599852,0.011212812457233667,0.001127061647783452,0.1610728645324707,5.83121975242556e-05
productivity_prediction_of_garment_employees,Productivity Prediction,Probabilistic Deep NBEM,0.7033473389355742,,0.5161708890851393,,0.6731874929549144,,0.7033473389355742,,0.6694979758095028,,0.5919523466556404,,0.5161708890851393,,0.5165021919379201,,0.8366734260614604,,3.2485563669120894,,0.004558661603368819,,1.42052001953125,
productivity_prediction_of_garment_employees,Productivity Prediction,WNB,0.6130406162464986,0.004555620585886109,0.3559786672102331,0.004711133738222639,0.5242798781703278,0.01774026716399621,0.6130406162464986,0.004555620585886109,0.4949098536421663,0.007570594919000008,0.38371237366865907,0.019205949050703938,0.3559786672102331,0.004711133738222639,0.3002040869531684,0.007792313846962818,0.8365371768449995,0.00193750634191328,0.08804010880645365,0.009226062949562812,0.003938022470101714,0.00041811115789987767,0.19690139770507814,0.0002533747312659274
