dataset,relative_path,exists,expected_sha256,actual_sha256,hash_match
abalone,datasets/processed/abalone/abalone.csv,True,d37bfc2a5c8b3a0b6c99908075b1e2728b5571d48a24a930269528be6d79ab26,d37bfc2a5c8b3a0b6c99908075b1e2728b5571d48a24a930269528be6d79ab26,True
bank_marketing,datasets/processed/bank_marketing/bank_marketing.csv,True,b21fff4949760b8617740274eb4b8550dc1334344f358fb54d374ee545b6bda6,b21fff4949760b8617740274eb4b8550dc1334344f358fb54d374ee545b6bda6,True
car_evaluation,datasets/processed/car_evaluation/car_evaluation.csv,True,a8f710ac98631e5b1dd400406887901772dfc0a6564d6499465e044dddfbaacf,a8f710ac98631e5b1dd400406887901772dfc0a6564d6499465e044dddfbaacf,True
cardiotocography,datasets/processed/cardiotocography/cardiotocography.csv,True,c9d5a356c8e5d0ec48ac69d5041e59d6b4e77e42e7852cec46d022902002cee6,c9d5a356c8e5d0ec48ac69d5041e59d6b4e77e42e7852cec46d022902002cee6,True
chronic_kidney_disease,datasets/processed/chronic_kidney_disease/chronic_kidney_disease.csv,True,103e7d2a75759fa260c40c0c4fca18338cc420dc055b8a42a1e5289333c6862a,103e7d2a75759fa260c40c0c4fca18338cc420dc055b8a42a1e5289333c6862a,True
cirrhosis_patient_survival_prediction_dataset_1,datasets/processed/cirrhosis_patient_survival_prediction_dataset_1/cirrhosis_patient_survival_prediction_dataset_1.csv,True,84f99516a59deed0c621b042fa0997e8e283d0bad89eab9761f563af9c6f088b,84f99516a59deed0c621b042fa0997e8e283d0bad89eab9761f563af9c6f088b,True
credit_approval,datasets/processed/credit_approval/credit_approval.csv,True,2b1dda58aee6d1f86f8fda65037dd98827a5f2faee7deb9497da9ed308cda1f1,2b1dda58aee6d1f86f8fda65037dd98827a5f2faee7deb9497da9ed308cda1f1,True
diabetes_130_us_hospitals_for_years_1999_2008,datasets/processed/diabetes_130_us_hospitals_for_years_1999_2008/diabetes_130_us_hospitals_for_years_1999_2008.csv,True,a5a559ccd1edbdd4cb43a9ba968418b087cbd2f9e7e26c9bb74d1cb9a0b6a3f6,a5a559ccd1edbdd4cb43a9ba968418b087cbd2f9e7e26c9bb74d1cb9a0b6a3f6,True
dry_bean_dataset,datasets/processed/dry_bean_dataset/dry_bean_dataset.csv,True,7213b497bb27f9ad8966c0c718709b3eb44c2a178941281ff5aadee4e151c190,7213b497bb27f9ad8966c0c718709b3eb44c2a178941281ff5aadee4e151c190,True
ecoli,datasets/processed/ecoli/ecoli.csv,True,353bf415fa2691c5f6e2165c10420bfc426b910cbf8eb76b6c0a45e8f52c826e,353bf415fa2691c5f6e2165c10420bfc426b910cbf8eb76b6c0a45e8f52c826e,True
glass_identification,datasets/processed/glass_identification/glass_identification.csv,True,738d764c9499ca6e75bb2dec92dc096e3d945c66703bfc585682829f00a16192,738d764c9499ca6e75bb2dec92dc096e3d945c66703bfc585682829f00a16192,True
haberman_s_survival,datasets/processed/haberman_s_survival/haberman_s_survival.csv,True,35ff0874673802c9436c1fecdf043d5158ca1d895da3b52e474b4ee53013f2b6,35ff0874673802c9436c1fecdf043d5158ca1d895da3b52e474b4ee53013f2b6,True
heart_disease,datasets/processed/heart_disease/heart_disease.csv,True,b7d370567c8e93fbd24e8c3063c2e60e6f607a5c9195e66853f41278f2681fc0,b7d370567c8e93fbd24e8c3063c2e60e6f607a5c9195e66853f41278f2681fc0,True
heart_failure_clinical_records,datasets/processed/heart_failure_clinical_records/heart_failure_clinical_records.csv,True,676f52cec14eba9a9f45d83dd88d543d9b9864b7fb6b8e788b629eab467d29e1,676f52cec14eba9a9f45d83dd88d543d9b9864b7fb6b8e788b629eab467d29e1,True
hepatitis,datasets/processed/hepatitis/hepatitis.csv,True,ab971d40d4fd7f686f09c9850d8e18102de13d06dc88f70d3472eb9564a6de41,ab971d40d4fd7f686f09c9850d8e18102de13d06dc88f70d3472eb9564a6de41,True
ilpd_indian_liver_patient_dataset,datasets/processed/ilpd_indian_liver_patient_dataset/ilpd_indian_liver_patient_dataset.csv,True,4c460a527482cc9ba3d10c685d38aaf4c302550c5d3e015e745156bb916dc4ff,4c460a527482cc9ba3d10c685d38aaf4c302550c5d3e015e745156bb916dc4ff,True
internet_advertisements,datasets/processed/internet_advertisements/internet_advertisements.csv,True,dc71662863e9ac222d7f5ed74a9d9a921bd97a2ebf8c5f1346c6cde2acc7b643,dc71662863e9ac222d7f5ed74a9d9a921bd97a2ebf8c5f1346c6cde2acc7b643,True
mushroom,datasets/processed/mushroom/mushroom.csv,True,3e8c9fb553172e8630d71bc21567d15cf7c69facaf24171f86b8cad78f1f5e9d,3e8c9fb553172e8630d71bc21567d15cf7c69facaf24171f86b8cad78f1f5e9d,True
predict_students_dropout_and_academic_success,datasets/processed/predict_students_dropout_and_academic_success/predict_students_dropout_and_academic_success.csv,True,69bbe7b095fd5c51215339a1e0034d4c53f378a4ec7a2092c7cfa1ea576f1dbb,69bbe7b095fd5c51215339a1e0034d4c53f378a4ec7a2092c7cfa1ea576f1dbb,True
productivity_prediction_of_garment_employees,datasets/processed/productivity_prediction_of_garment_employees/productivity_prediction_of_garment_employees.csv,True,c9b7540604b3e4d35f32eea80f209922f126fbbd5dd7d252f77a38b9ebb59df1,c9b7540604b3e4d35f32eea80f209922f126fbbd5dd7d252f77a38b9ebb59df1,True
