dataset,display_name,model,seed,accuracy_with_duration,balanced_accuracy_with_duration,f1_weighted_with_duration,f1_macro_with_duration,roc_auc_weighted_with_duration,train_time_s_with_duration,inference_time_s_with_duration,accuracy_without_duration,balanced_accuracy_without_duration,f1_weighted_without_duration,f1_macro_without_duration,roc_auc_weighted_without_duration,train_time_s_without_duration,inference_time_s_without_duration,delta_without_minus_with_accuracy,delta_without_minus_with_balanced_accuracy,delta_without_minus_with_f1_weighted,delta_without_minus_with_f1_macro,delta_without_minus_with_roc_auc_weighted,delta_without_minus_with_train_time_s,delta_without_minus_with_inference_time_s
bank_marketing,Bank,Adaptive Weighted NBEM,13,0.8864214529453733,0.5490863274663773,0.850518577378143,0.5609298915022412,0.8620270054938205,0.04185139238834381,0.034268473833799364,0.8843865147078633,0.5367824001048567,0.8450585813138158,0.5407423596963037,0.7369838478105487,0.037273935880512,0.029463896062225103,-0.002034938237509998,-0.012303927361520639,-0.005459996064327122,-0.020187531805937464,-0.1250431576832718,-0.004577456507831812,-0.00480457777157426
bank_marketing,Bank,Adaptive Weighted NBEM,21,0.8864657154029146,0.5495231165372267,0.8506689783179698,0.5615163137006626,0.862225661259839,0.03708820613101125,0.027866570465266704,0.8841432644024676,0.53590561744799,0.8446546180733863,0.5394258244062237,0.7374138988455584,0.042290727607905865,0.02845254959538579,-0.0023224510004470345,-0.013617499089236706,-0.006014360244583572,-0.02209048929443891,-0.1248117624142806,0.005202521476894616,0.000585979130119086
bank_marketing,Bank,Adaptive Weighted NBEM,42,0.8865541767295401,0.5494091115080039,0.8506831117034975,0.5614021946287864,0.8619279221470038,0.04104897063225508,0.03144797319546342,0.884364508210297,0.5359487681746876,0.8447410333190588,0.5393753076342274,0.7373303374651949,0.03298391569405794,0.02803679397329688,-0.002189668519243071,-0.01346034333331625,-0.00594207838443872,-0.022026886994559014,-0.12459758468180882,-0.00806505493819714,-0.003411179222166539
bank_marketing,Bank,Adaptive Weighted NBEM,87,0.8865540740097246,0.5495686314527614,0.8507304617342525,0.5616070283901466,0.8621129587420665,0.03712259251624346,0.028296208754181863,0.8842538153807956,0.5366214127502318,0.844981447361348,0.5406530649030511,0.7373049248014387,0.03609791900962591,0.028814825043082238,-0.0023002586289290194,-0.012947218702529573,-0.005749014372904537,-0.02095396348709555,-0.12480803394062778,-0.0010246735066175502,0.0005186162889003754
bank_marketing,Bank,Adaptive Weighted NBEM,123,0.8865320675121584,0.5492303552665543,0.8505977038455657,0.5610644892374566,0.8619514251802451,0.03685809476301074,0.028985689394176006,0.884497163514587,0.5365976145401431,0.8450166843527118,0.5403375401941611,0.7371787317901518,0.041320815682411194,0.02986320583149791,-0.0020349039975714467,-0.012632740726411185,-0.005581019492853834,-0.020726949043295417,-0.12477269339009334,0.004462720919400455,0.0008775164373219027
bank_marketing,Bank,Hybrid NBEM,13,0.9016167511952918,0.6919437678786969,0.8931287878608675,0.7217963697157612,0.9158298413570053,55.86697584595531,0.14393341727554798,0.8920616806077021,0.593203787028153,0.8670298056769992,0.6232670539414353,0.7751667064501314,40.162083870451895,0.1447462195530534,-0.009555070587589753,-0.09873998085054392,-0.026098982183868302,-0.09852931577432589,-0.14066313490687388,-15.704891975503415,0.0008128022775054089
bank_marketing,Bank,Hybrid NBEM,21,0.9009975659316917,0.6922468490599606,0.8927090053209483,0.7212323034354639,0.9156515028979468,56.342736683506516,0.14551455350592732,0.8916635483865603,0.5938000835530837,0.8669590104783123,0.6237574907465883,0.7740222452861056,41.68733224319294,0.14292181506752968,-0.009334017545131412,-0.09844676550687692,-0.02574999484263607,-0.09747481268887559,-0.1416292576118412,-14.655404440313575,-0.002592738438397635
bank_marketing,Bank,Hybrid NBEM,42,0.9001791482492484,0.6898965332046332,0.8918439287586152,0.7190078769452685,0.9159759746375734,59.42877134000882,0.15737694138661026,0.8909779180767406,0.5898837910693662,0.8655319126995634,0.6187494772089169,0.7757863757559276,37.886628752201794,0.1434731946326792,-0.009201230172507735,-0.10001274213526701,-0.026312016059051757,-0.10025839973635153,-0.14018959888164584,-21.542142587807028,-0.013903746753931051
bank_marketing,Bank,Hybrid NBEM,87,0.9027227599033886,0.6936296188822653,0.8941661130772596,0.7241742708133642,0.9169283881076176,50.07337360596284,0.15155008118599653,0.8917077081242862,0.5916859628907357,0.8663719955177402,0.6210379077652248,0.7732905694511161,39.74501105891541,0.14487889548763633,-0.011015051779102336,-0.10194365599152955,-0.027794117559519327,-0.10313636304813933,-0.1436378186565015,-10.328362547047433,-0.006671185698360199
bank_marketing,Bank,Hybrid NBEM,123,0.9031651839305903,0.699218242055961,0.895348398260365,0.7286800248509389,0.9163394837623653,55.73020736929029,0.14909206917509438,0.8918626291713906,0.5980106141187022,0.8681845627260352,0.6288568593103844,0.7738446286005278,47.07611123770475,0.14756543915718795,-0.011302554759199723,-0.10120762793725879,-0.027163835534329883,-0.09982316554055448,-0.14249485516183746,-8.65409613158554,-0.0015266300179064274
bank_marketing,Bank,NBEM,13,0.8864213893569163,0.5672940824559609,0.8565335010864704,0.5877027992455701,0.8597287515426876,0.03707103431224823,0.022708046808838846,0.884983737496675,0.5470433953366542,0.8491229390528726,0.5575812971565502,0.7322125521800752,0.03907130062580109,0.021248736698180438,-0.0014376518602412514,-0.020250687119306665,-0.007410562033597801,-0.03012150208901987,-0.12751619936261238,0.002000266313552858,-0.001459310110658408
bank_marketing,Bank,NBEM,21,0.8864878344031357,0.5670049108212415,0.8564667071342811,0.5872753490420839,0.8599824217734227,0.04345939699560404,0.020518718659877776,0.885072272194597,0.546437746965604,0.8489561480012817,0.5566635555992991,0.7326927320332925,0.0382855380885303,0.020885137375444174,-0.0014155622085386677,-0.020567163855637505,-0.0075105591329993615,-0.03061179344278475,-0.1272896897401301,-0.005173858907073739,0.0003664187155663981
bank_marketing,Bank,NBEM,42,0.8860455277700086,0.5659338776140453,0.855906916754823,0.5856606718543615,0.8596976576826538,0.03988179629668594,0.021601998805999757,0.8849838304336508,0.5469611196878168,0.8490873591804509,0.5574220388630107,0.7326635190982806,0.038809878565371034,0.020587705168873073,-0.0010616973363577475,-0.018972757926228545,-0.006819557574372137,-0.028238632991350876,-0.12703413858437318,-0.001071917731314903,-0.0010142936371266842
bank_marketing,Bank,NBEM,87,0.8861338570283002,0.5670446974319914,0.8562964213546216,0.5872161503135911,0.8599394263477453,0.03894054675474763,0.019842651207000017,0.8849173511474928,0.546755997315706,0.8489994788817936,0.5571590587398907,0.7326678560971189,0.03880611937493086,0.020886631961911917,-0.0012165058808073503,-0.020288700116285363,-0.007296942472827972,-0.0300570915737004,-0.1272715702506264,-0.00013442737981677472,0.0010439807549119003
bank_marketing,Bank,NBEM,123,0.8864657740999519,0.5667437438341955,0.8563768473542519,0.586910014973211,0.8598486713412022,0.0402855483815074,0.02057096054777503,0.8853819871118915,0.5476786474524917,0.8495243366275347,0.5585732696452166,0.7326359690307612,0.05261917989701033,0.02804606342688203,-0.0010837869880603312,-0.019065096381703728,-0.00685251072671722,-0.02833674532799446,-0.12721270231044102,0.01233363151550293,0.007475102879107
bank_marketing,Bank,WNB,13,0.8830151953911869,0.5,0.8281567120930153,0.46893683934467917,0.8720077383487365,0.19990226551890372,0.007392831705510616,0.8830151953911869,0.5,0.8281567120930153,0.46893683934467917,0.7468668172355045,0.16861507603898646,0.0076385348103940485,0.0,0.0,0.0,0.0,-0.12514092111323194,-0.031287189479917266,0.00024570310488343256
bank_marketing,Bank,WNB,21,0.8830151953911869,0.5,0.8281567120930153,0.46893683934467917,0.8720645477962901,0.16371959811076522,0.009760157391428947,0.8830151953911869,0.5,0.8281567120930153,0.46893683934467917,0.7472147370986841,0.16961463261395693,0.007369636930525303,0.0,0.0,0.0,0.0,-0.12484981069760592,0.005895034503191704,-0.0023905204609036435
bank_marketing,Bank,WNB,42,0.8830151953911869,0.5,0.8281567120930153,0.46893683934467917,0.8722153223438592,0.18020177390426398,0.00732589578256011,0.8830151953911869,0.5,0.8281567120930153,0.46893683934467917,0.7471746775875593,0.1587388158775866,0.007424654997885227,0.0,0.0,0.0,0.0,-0.12504064475629995,-0.021462958026677387,9.875921532511659e-05
bank_marketing,Bank,WNB,87,0.8830151953911869,0.5,0.8281567120930153,0.46893683934467917,0.872213390195466,0.15296518029645084,0.00636051157489419,0.8830151953911869,0.5,0.8281567120930153,0.46893683934467917,0.7471724832885045,0.16526391310617328,0.007259984873235226,0.0,0.0,0.0,0.0,-0.12504090690696146,0.012298732809722435,0.0008994732983410364
bank_marketing,Bank,WNB,123,0.8830151953911869,0.5,0.8281567120930153,0.46893683934467917,0.8723379107349457,0.17977521093562246,0.007843657117336988,0.8830151953911869,0.5,0.8281567120930153,0.46893683934467917,0.7470391239411561,0.19631996573880314,0.00977480923756957,0.0,0.0,0.0,0.0,-0.12529878679378958,0.016544754803180683,0.0019311521202325828
