dataset,seed,fold,cv_protocol,predictor_signature_group_overlap_count,integrity_ok
haberman_s_survival,13,1,StratifiedGroupKFold_10,0,True
haberman_s_survival,13,2,StratifiedGroupKFold_10,0,True
haberman_s_survival,13,3,StratifiedGroupKFold_10,0,True
haberman_s_survival,13,4,StratifiedGroupKFold_10,0,True
haberman_s_survival,13,5,StratifiedGroupKFold_10,0,True
haberman_s_survival,13,6,StratifiedGroupKFold_10,0,True
haberman_s_survival,13,7,StratifiedGroupKFold_10,0,True
haberman_s_survival,13,8,StratifiedGroupKFold_10,0,True
haberman_s_survival,13,9,StratifiedGroupKFold_10,0,True
haberman_s_survival,13,10,StratifiedGroupKFold_10,0,True
haberman_s_survival,21,1,StratifiedGroupKFold_10,0,True
haberman_s_survival,21,2,StratifiedGroupKFold_10,0,True
haberman_s_survival,21,3,StratifiedGroupKFold_10,0,True
haberman_s_survival,21,4,StratifiedGroupKFold_10,0,True
haberman_s_survival,21,5,StratifiedGroupKFold_10,0,True
haberman_s_survival,21,6,StratifiedGroupKFold_10,0,True
haberman_s_survival,21,7,StratifiedGroupKFold_10,0,True
haberman_s_survival,21,8,StratifiedGroupKFold_10,0,True
haberman_s_survival,21,9,StratifiedGroupKFold_10,0,True
haberman_s_survival,21,10,StratifiedGroupKFold_10,0,True
haberman_s_survival,42,1,StratifiedGroupKFold_10,0,True
haberman_s_survival,42,2,StratifiedGroupKFold_10,0,True
haberman_s_survival,42,3,StratifiedGroupKFold_10,0,True
haberman_s_survival,42,4,StratifiedGroupKFold_10,0,True
haberman_s_survival,42,5,StratifiedGroupKFold_10,0,True
haberman_s_survival,42,6,StratifiedGroupKFold_10,0,True
haberman_s_survival,42,7,StratifiedGroupKFold_10,0,True
haberman_s_survival,42,8,StratifiedGroupKFold_10,0,True
haberman_s_survival,42,9,StratifiedGroupKFold_10,0,True
haberman_s_survival,42,10,StratifiedGroupKFold_10,0,True
haberman_s_survival,87,1,StratifiedGroupKFold_10,0,True
haberman_s_survival,87,2,StratifiedGroupKFold_10,0,True
haberman_s_survival,87,3,StratifiedGroupKFold_10,0,True
haberman_s_survival,87,4,StratifiedGroupKFold_10,0,True
haberman_s_survival,87,5,StratifiedGroupKFold_10,0,True
haberman_s_survival,87,6,StratifiedGroupKFold_10,0,True
haberman_s_survival,87,7,StratifiedGroupKFold_10,0,True
haberman_s_survival,87,8,StratifiedGroupKFold_10,0,True
haberman_s_survival,87,9,StratifiedGroupKFold_10,0,True
haberman_s_survival,87,10,StratifiedGroupKFold_10,0,True
haberman_s_survival,123,1,StratifiedGroupKFold_10,0,True
haberman_s_survival,123,2,StratifiedGroupKFold_10,0,True
haberman_s_survival,123,3,StratifiedGroupKFold_10,0,True
haberman_s_survival,123,4,StratifiedGroupKFold_10,0,True
haberman_s_survival,123,5,StratifiedGroupKFold_10,0,True
haberman_s_survival,123,6,StratifiedGroupKFold_10,0,True
haberman_s_survival,123,7,StratifiedGroupKFold_10,0,True
haberman_s_survival,123,8,StratifiedGroupKFold_10,0,True
haberman_s_survival,123,9,StratifiedGroupKFold_10,0,True
haberman_s_survival,123,10,StratifiedGroupKFold_10,0,True
internet_advertisements,13,1,StratifiedGroupKFold_10,0,True
internet_advertisements,13,2,StratifiedGroupKFold_10,0,True
internet_advertisements,13,3,StratifiedGroupKFold_10,0,True
internet_advertisements,13,4,StratifiedGroupKFold_10,0,True
internet_advertisements,13,5,StratifiedGroupKFold_10,0,True
internet_advertisements,13,6,StratifiedGroupKFold_10,0,True
internet_advertisements,13,7,StratifiedGroupKFold_10,0,True
internet_advertisements,13,8,StratifiedGroupKFold_10,0,True
internet_advertisements,13,9,StratifiedGroupKFold_10,0,True
internet_advertisements,13,10,StratifiedGroupKFold_10,0,True
internet_advertisements,21,1,StratifiedGroupKFold_10,0,True
internet_advertisements,21,2,StratifiedGroupKFold_10,0,True
internet_advertisements,21,3,StratifiedGroupKFold_10,0,True
internet_advertisements,21,4,StratifiedGroupKFold_10,0,True
internet_advertisements,21,5,StratifiedGroupKFold_10,0,True
internet_advertisements,21,6,StratifiedGroupKFold_10,0,True
internet_advertisements,21,7,StratifiedGroupKFold_10,0,True
internet_advertisements,21,8,StratifiedGroupKFold_10,0,True
internet_advertisements,21,9,StratifiedGroupKFold_10,0,True
internet_advertisements,21,10,StratifiedGroupKFold_10,0,True
internet_advertisements,42,1,StratifiedGroupKFold_10,0,True
internet_advertisements,42,2,StratifiedGroupKFold_10,0,True
internet_advertisements,42,3,StratifiedGroupKFold_10,0,True
internet_advertisements,42,4,StratifiedGroupKFold_10,0,True
internet_advertisements,42,5,StratifiedGroupKFold_10,0,True
internet_advertisements,42,6,StratifiedGroupKFold_10,0,True
internet_advertisements,42,7,StratifiedGroupKFold_10,0,True
internet_advertisements,42,8,StratifiedGroupKFold_10,0,True
internet_advertisements,42,9,StratifiedGroupKFold_10,0,True
internet_advertisements,42,10,StratifiedGroupKFold_10,0,True
internet_advertisements,87,1,StratifiedGroupKFold_10,0,True
internet_advertisements,87,2,StratifiedGroupKFold_10,0,True
internet_advertisements,87,3,StratifiedGroupKFold_10,0,True
internet_advertisements,87,4,StratifiedGroupKFold_10,0,True
internet_advertisements,87,5,StratifiedGroupKFold_10,0,True
internet_advertisements,87,6,StratifiedGroupKFold_10,0,True
internet_advertisements,87,7,StratifiedGroupKFold_10,0,True
internet_advertisements,87,8,StratifiedGroupKFold_10,0,True
internet_advertisements,87,9,StratifiedGroupKFold_10,0,True
internet_advertisements,87,10,StratifiedGroupKFold_10,0,True
internet_advertisements,123,1,StratifiedGroupKFold_10,0,True
internet_advertisements,123,2,StratifiedGroupKFold_10,0,True
internet_advertisements,123,3,StratifiedGroupKFold_10,0,True
internet_advertisements,123,4,StratifiedGroupKFold_10,0,True
internet_advertisements,123,5,StratifiedGroupKFold_10,0,True
internet_advertisements,123,6,StratifiedGroupKFold_10,0,True
internet_advertisements,123,7,StratifiedGroupKFold_10,0,True
internet_advertisements,123,8,StratifiedGroupKFold_10,0,True
internet_advertisements,123,9,StratifiedGroupKFold_10,0,True
internet_advertisements,123,10,StratifiedGroupKFold_10,0,True
