duplicate_cv_protocol,analysis,dataset,display_name,file,target,target_transform,model,seed,fold,cv_protocol,n_splits_or_total_folds,stratified,grouped,n_rows,n_features,n_classes,n_boolean,n_categorical,n_numerical,accuracy,balanced_accuracy,precision_weighted,recall_weighted,f1_weighted,precision_macro,recall_macro,f1_macro,roc_auc_weighted,train_time_s,inference_time_s,peak_memory_mb,status
record_level_v4_reference,main,haberman_s_survival,Haberman Survival,C:\inetpub\wwwroot\up\uni\mlm\NBEM_Project\datasets\processed\haberman_s_survival\haberman_s_survival.csv,survival_status,none,NBEM,13,1,StratifiedKFold_10,10,True,False,306,3,2,0,0,3,0.7741935483870968,0.6032608695652174,0.7549923195084485,0.7741935483870968,0.7339428439997701,0.7261904761904762,0.6032608695652174,0.6131907308377897,0.7989130434782609,0.0020943700801581,0.0022216639481484,0.0188884735107421,OK
record_level_v4_reference,main,haberman_s_survival,Haberman Survival,C:\inetpub\wwwroot\up\uni\mlm\NBEM_Project\datasets\processed\haberman_s_survival\haberman_s_survival.csv,survival_status,none,Hybrid NBEM,13,1,StratifiedKFold_10,10,True,False,306,3,2,0,0,3,0.8064516129032258,0.625,0.8464961067853171,0.8064516129032258,0.7595533498759305,0.896551724137931,0.625,0.6423076923076922,0.8641304347826086,0.3600330278277397,0.0149066350422799,1.158024787902832,OK
record_level_v4_reference,main,haberman_s_survival,Haberman Survival,C:\inetpub\wwwroot\up\uni\mlm\NBEM_Project\datasets\processed\haberman_s_survival\haberman_s_survival.csv,survival_status,none,NBEM,13,2,StratifiedKFold_10,10,True,False,306,3,2,0,0,3,0.7741935483870968,0.5625,0.8268817204301075,0.7741935483870968,0.701291675120038,0.8833333333333333,0.5625,0.5450733752620545,0.5543478260869565,0.0021729681175202,0.003234036033973,0.0187854766845703,OK
record_level_v4_reference,main,haberman_s_survival,Haberman Survival,C:\inetpub\wwwroot\up\uni\mlm\NBEM_Project\datasets\processed\haberman_s_survival\haberman_s_survival.csv,survival_status,none,Hybrid NBEM,13,2,StratifiedKFold_10,10,True,False,306,3,2,0,0,3,0.7419354838709677,0.5,0.5504682622268471,0.7419354838709677,0.6320191158900836,0.3709677419354839,0.5,0.4259259259259259,0.7119565217391304,0.7682989339809865,0.0146823760587722,1.1614351272583008,OK
record_level_v4_reference,main,haberman_s_survival,Haberman Survival,C:\inetpub\wwwroot\up\uni\mlm\NBEM_Project\datasets\processed\haberman_s_survival\haberman_s_survival.csv,survival_status,none,NBEM,13,3,StratifiedKFold_10,10,True,False,306,3,2,0,0,3,0.6774193548387096,0.4565217391304347,0.5372636262513905,0.6774193548387096,0.5992555831265508,0.3620689655172414,0.4565217391304347,0.4038461538461538,0.6847826086956521,0.0041139870882034,0.0041250931099057,0.01904296875,OK
record_level_v4_reference,main,haberman_s_survival,Haberman Survival,C:\inetpub\wwwroot\up\uni\mlm\NBEM_Project\datasets\processed\haberman_s_survival\haberman_s_survival.csv,survival_status,none,Hybrid NBEM,13,3,StratifiedKFold_10,10,True,False,306,3,2,0,0,3,0.7419354838709677,0.5815217391304348,0.7060931899641577,0.7419354838709677,0.7092473118279571,0.6388888888888888,0.5815217391304348,0.5866666666666667,0.7717391304347826,0.4243357009254396,0.0141548330429941,1.160161018371582,OK
record_level_v4_reference,main,haberman_s_survival,Haberman Survival,C:\inetpub\wwwroot\up\uni\mlm\NBEM_Project\datasets\processed\haberman_s_survival\haberman_s_survival.csv,survival_status,none,NBEM,13,4,StratifiedKFold_10,10,True,False,306,3,2,0,0,3,0.7096774193548387,0.5190217391304348,0.6424731182795699,0.7096774193548387,0.6579265137139899,0.5416666666666666,0.5190217391304348,0.5026737967914439,0.595108695652174,0.0039196289144456,0.0051084170117974,0.0186824798583984,OK
record_level_v4_reference,main,haberman_s_survival,Haberman Survival,C:\inetpub\wwwroot\up\uni\mlm\NBEM_Project\datasets\processed\haberman_s_survival\haberman_s_survival.csv,survival_status,none,Hybrid NBEM,13,4,StratifiedKFold_10,10,True,False,306,3,2,0,0,3,0.7741935483870968,0.6440217391304348,0.7540942928039702,0.7741935483870968,0.7550514002126905,0.7038461538461538,0.6440217391304348,0.6593406593406593,0.7472826086956521,0.6203619930893183,0.0162855109665542,1.161576271057129,OK
record_level_v4_reference,main,haberman_s_survival,Haberman Survival,C:\inetpub\wwwroot\up\uni\mlm\NBEM_Project\datasets\processed\haberman_s_survival\haberman_s_survival.csv,survival_status,none,NBEM,13,5,StratifiedKFold_10,10,True,False,306,3,2,0,0,3,0.7096774193548387,0.4782608695652174,0.5440860215053763,0.7096774193548387,0.6159464394400487,0.3666666666666666,0.4782608695652174,0.4150943396226415,0.3097826086956522,0.0020042390096932,0.0022455852013081,0.0189399719238281,OK
record_level_v4_reference,main,haberman_s_survival,Haberman Survival,C:\inetpub\wwwroot\up\uni\mlm\NBEM_Project\datasets\processed\haberman_s_survival\haberman_s_survival.csv,survival_status,none,Hybrid NBEM,13,5,StratifiedKFold_10,10,True,False,306,3,2,0,0,3,0.6451612903225806,0.4755434782608695,0.5937965260545905,0.6451612903225806,0.6150807717627993,0.4653846153846154,0.4755434782608695,0.4646781789638932,0.3532608695652174,0.5056436499580741,0.0134756460320204,1.1609468460083008,OK
record_level_v4_reference,main,haberman_s_survival,Haberman Survival,C:\inetpub\wwwroot\up\uni\mlm\NBEM_Project\datasets\processed\haberman_s_survival\haberman_s_survival.csv,survival_status,none,NBEM,13,6,StratifiedKFold_10,10,True,False,306,3,2,0,0,3,0.8064516129032258,0.6994949494949495,0.8054590570719603,0.8064516129032258,0.7868663594470046,0.8038461538461539,0.6994949494949495,0.7232142857142857,0.8333333333333334,0.003590288106352,0.0039495299570262,0.0187511444091796,OK
record_level_v4_reference,main,haberman_s_survival,Haberman Survival,C:\inetpub\wwwroot\up\uni\mlm\NBEM_Project\datasets\processed\haberman_s_survival\haberman_s_survival.csv,survival_status,none,Hybrid NBEM,13,6,StratifiedKFold_10,10,True,False,306,3,2,0,0,3,0.7741935483870968,0.7095959595959596,0.7677068723702665,0.7741935483870968,0.7700611427366646,0.7255434782608696,0.7095959595959596,0.7163398692810458,0.8383838383838383,0.7137470638845116,0.0151958230417221,1.1588125228881836,OK
record_level_v4_reference,main,haberman_s_survival,Haberman Survival,C:\inetpub\wwwroot\up\uni\mlm\NBEM_Project\datasets\processed\haberman_s_survival\haberman_s_survival.csv,survival_status,none,NBEM,13,7,StratifiedKFold_10,10,True,False,306,3,2,0,0,3,0.7666666666666667,0.5625,0.8229885057471265,0.7666666666666667,0.6919389978213508,0.8793103448275862,0.5625,0.542483660130719,0.7613636363636364,0.0028222519904375,0.0027897881809622,0.0189571380615234,OK
record_level_v4_reference,main,haberman_s_survival,Haberman Survival,C:\inetpub\wwwroot\up\uni\mlm\NBEM_Project\datasets\processed\haberman_s_survival\haberman_s_survival.csv,survival_status,none,Hybrid NBEM,13,7,StratifiedKFold_10,10,True,False,306,3,2,0,0,3,0.7666666666666667,0.5625,0.8229885057471265,0.7666666666666667,0.6919389978213508,0.8793103448275862,0.5625,0.542483660130719,0.875,0.6006643199361861,0.0145738769788295,1.1612024307250977,OK
record_level_v4_reference,main,haberman_s_survival,Haberman Survival,C:\inetpub\wwwroot\up\uni\mlm\NBEM_Project\datasets\processed\haberman_s_survival\haberman_s_survival.csv,survival_status,none,NBEM,13,8,StratifiedKFold_10,10,True,False,306,3,2,0,0,3,0.7333333333333333,0.6193181818181819,0.7138888888888888,0.7333333333333333,0.7200828157349897,0.6458333333333333,0.6193181818181819,0.6273291925465838,0.7386363636363636,0.00348691502586,0.0038824658840894,0.0189056396484375,OK
record_level_v4_reference,main,haberman_s_survival,Haberman Survival,C:\inetpub\wwwroot\up\uni\mlm\NBEM_Project\datasets\processed\haberman_s_survival\haberman_s_survival.csv,survival_status,none,Hybrid NBEM,13,8,StratifiedKFold_10,10,True,False,306,3,2,0,0,3,0.7,0.5568181818181819,0.6639999999999999,0.7,0.6749590834697218,0.5800000000000001,0.5568181818181819,0.5581014729950899,0.7727272727272727,0.4080817999783903,0.0232170508243143,1.1602058410644531,OK
record_level_v4_reference,main,haberman_s_survival,Haberman Survival,C:\inetpub\wwwroot\up\uni\mlm\NBEM_Project\datasets\processed\haberman_s_survival\haberman_s_survival.csv,survival_status,none,NBEM,13,9,StratifiedKFold_10,10,True,False,306,3,2,0,0,3,0.8,0.625,0.8428571428571429,0.8,0.752,0.8928571428571428,0.625,0.64,0.6761363636363636,0.0025668099988251,0.0027154618874192,0.0190086364746093,OK
record_level_v4_reference,main,haberman_s_survival,Haberman Survival,C:\inetpub\wwwroot\up\uni\mlm\NBEM_Project\datasets\processed\haberman_s_survival\haberman_s_survival.csv,survival_status,none,Hybrid NBEM,13,9,StratifiedKFold_10,10,True,False,306,3,2,0,0,3,0.8,0.625,0.8428571428571429,0.8,0.752,0.8928571428571428,0.625,0.64,0.6931818181818182,0.5229782678652555,0.0153389221522957,1.1612443923950195,OK
record_level_v4_reference,main,haberman_s_survival,Haberman Survival,C:\inetpub\wwwroot\up\uni\mlm\NBEM_Project\datasets\processed\haberman_s_survival\haberman_s_survival.csv,survival_status,none,NBEM,13,10,StratifiedKFold_10,10,True,False,306,3,2,0,0,3,0.7333333333333333,0.5397727272727273,0.6833333333333333,0.7333333333333333,0.6693333333333334,0.625,0.5397727272727273,0.52,0.5852272727272727,0.0024753969628363,0.0023203380405902,0.0188541412353515,OK
record_level_v4_reference,main,haberman_s_survival,Haberman Survival,C:\inetpub\wwwroot\up\uni\mlm\NBEM_Project\datasets\processed\haberman_s_survival\haberman_s_survival.csv,survival_status,none,Hybrid NBEM,13,10,StratifiedKFold_10,10,True,False,306,3,2,0,0,3,0.6666666666666666,0.4943181818181818,0.6025641025641025,0.6666666666666666,0.6249999999999999,0.4903846153846153,0.4943181818181818,0.4791666666666666,0.7784090909090908,0.5439749378710985,0.0104376780800521,1.160879135131836,OK
record_level_v4_reference,main,haberman_s_survival,Haberman Survival,C:\inetpub\wwwroot\up\uni\mlm\NBEM_Project\datasets\processed\haberman_s_survival\haberman_s_survival.csv,survival_status,none,NBEM,21,1,StratifiedKFold_10,10,True,False,306,3,2,0,0,3,0.7741935483870968,0.6440217391304348,0.7540942928039702,0.7741935483870968,0.7550514002126905,0.7038461538461538,0.6440217391304348,0.6593406593406593,0.701086956521739,0.0056333988904953,0.0061182270292192,0.0190944671630859,OK
record_level_v4_reference,main,haberman_s_survival,Haberman Survival,C:\inetpub\wwwroot\up\uni\mlm\NBEM_Project\datasets\processed\haberman_s_survival\haberman_s_survival.csv,survival_status,none,Hybrid NBEM,21,1,StratifiedKFold_10,10,True,False,306,3,2,0,0,3,0.7419354838709677,0.6222826086956521,0.7225806451612904,0.7419354838709677,0.7288786482334869,0.65,0.6222826086956521,0.6309523809523809,0.7336956521739131,0.4352001119405031,0.0146024960558861,1.1567106246948242,OK
record_level_v4_reference,main,haberman_s_survival,Haberman Survival,C:\inetpub\wwwroot\up\uni\mlm\NBEM_Project\datasets\processed\haberman_s_survival\haberman_s_survival.csv,survival_status,none,NBEM,21,2,StratifiedKFold_10,10,True,False,306,3,2,0,0,3,0.8064516129032258,0.6657608695652174,0.7980884109916367,0.8064516129032258,0.7819354838709677,0.7824074074074074,0.6657608695652174,0.69,0.7065217391304348,0.0036552159581333,0.0051596770063042,0.0188884735107421,OK
record_level_v4_reference,main,haberman_s_survival,Haberman Survival,C:\inetpub\wwwroot\up\uni\mlm\NBEM_Project\datasets\processed\haberman_s_survival\haberman_s_survival.csv,survival_status,none,Hybrid NBEM,21,2,StratifiedKFold_10,10,True,False,306,3,2,0,0,3,0.7419354838709677,0.5,0.5504682622268471,0.7419354838709677,0.6320191158900836,0.3709677419354839,0.5,0.4259259259259259,0.7119565217391304,0.4968488339800387,0.0146400870289653,1.1618280410766602,OK
record_level_v4_reference,main,haberman_s_survival,Haberman Survival,C:\inetpub\wwwroot\up\uni\mlm\NBEM_Project\datasets\processed\haberman_s_survival\haberman_s_survival.csv,survival_status,none,NBEM,21,3,StratifiedKFold_10,10,True,False,306,3,2,0,0,3,0.7419354838709677,0.5,0.5504682622268471,0.7419354838709677,0.6320191158900836,0.3709677419354839,0.5,0.4259259259259259,0.5,0.0031490309629589,0.0037402210291475,0.0188369750976562,OK
record_level_v4_reference,main,haberman_s_survival,Haberman Survival,C:\inetpub\wwwroot\up\uni\mlm\NBEM_Project\datasets\processed\haberman_s_survival\haberman_s_survival.csv,survival_status,none,Hybrid NBEM,21,3,StratifiedKFold_10,10,True,False,306,3,2,0,0,3,0.7419354838709677,0.5815217391304348,0.7060931899641577,0.7419354838709677,0.7092473118279571,0.6388888888888888,0.5815217391304348,0.5866666666666667,0.782608695652174,0.515106120146811,0.0157062809448689,1.1607084274291992,OK
record_level_v4_reference,main,haberman_s_survival,Haberman Survival,C:\inetpub\wwwroot\up\uni\mlm\NBEM_Project\datasets\processed\haberman_s_survival\haberman_s_survival.csv,survival_status,none,NBEM,21,4,StratifiedKFold_10,10,True,False,306,3,2,0,0,3,0.6774193548387096,0.4972826086956521,0.6140979689366786,0.6774193548387096,0.6365591397849463,0.4953703703703703,0.4972826086956521,0.4833333333333333,0.6032608695652174,0.0037432110402733,0.0040678530931472,0.0188884735107421,OK
record_level_v4_reference,main,haberman_s_survival,Haberman Survival,C:\inetpub\wwwroot\up\uni\mlm\NBEM_Project\datasets\processed\haberman_s_survival\haberman_s_survival.csv,survival_status,none,Hybrid NBEM,21,4,StratifiedKFold_10,10,True,False,306,3,2,0,0,3,0.6451612903225806,0.4755434782608695,0.5937965260545905,0.6451612903225806,0.6150807717627993,0.4653846153846154,0.4755434782608695,0.4646781789638932,0.7228260869565218,0.6298791391309351,0.0133056358899921,1.1613655090332031,OK
record_level_v4_reference,main,haberman_s_survival,Haberman Survival,C:\inetpub\wwwroot\up\uni\mlm\NBEM_Project\datasets\processed\haberman_s_survival\haberman_s_survival.csv,survival_status,none,NBEM,21,5,StratifiedKFold_10,10,True,False,306,3,2,0,0,3,0.7419354838709677,0.5,0.5504682622268471,0.7419354838709677,0.6320191158900836,0.3709677419354839,0.5,0.4259259259259259,0.673913043478261,0.0043318390380591,0.0045330319553613,0.0188369750976562,OK
record_level_v4_reference,main,haberman_s_survival,Haberman Survival,C:\inetpub\wwwroot\up\uni\mlm\NBEM_Project\datasets\processed\haberman_s_survival\haberman_s_survival.csv,survival_status,none,Hybrid NBEM,21,5,StratifiedKFold_10,10,True,False,306,3,2,0,0,3,0.8064516129032258,0.625,0.8464961067853171,0.8064516129032258,0.7595533498759305,0.896551724137931,0.625,0.6423076923076922,0.7608695652173914,0.3738568101543933,0.013222340028733,1.1605710983276367,OK
record_level_v4_reference,main,haberman_s_survival,Haberman Survival,C:\inetpub\wwwroot\up\uni\mlm\NBEM_Project\datasets\processed\haberman_s_survival\haberman_s_survival.csv,survival_status,none,NBEM,21,6,StratifiedKFold_10,10,True,False,306,3,2,0,0,3,0.8064516129032258,0.6666666666666666,0.847926267281106,0.8064516129032258,0.7696774193548387,0.8928571428571428,0.6666666666666666,0.69,0.7626262626262627,0.003646673168987,0.0039371419697999,0.0190601348876953,OK
record_level_v4_reference,main,haberman_s_survival,Haberman Survival,C:\inetpub\wwwroot\up\uni\mlm\NBEM_Project\datasets\processed\haberman_s_survival\haberman_s_survival.csv,survival_status,none,Hybrid NBEM,21,6,StratifiedKFold_10,10,True,False,306,3,2,0,0,3,0.7419354838709677,0.5883838383838385,0.7258064516129032,0.7419354838709677,0.6929032258064516,0.7083333333333333,0.5883838383838385,0.5866666666666667,0.7474747474747475,0.597764752805233,0.0143927610479295,1.158853530883789,OK
record_level_v4_reference,main,haberman_s_survival,Haberman Survival,C:\inetpub\wwwroot\up\uni\mlm\NBEM_Project\datasets\processed\haberman_s_survival\haberman_s_survival.csv,survival_status,none,NBEM,21,7,StratifiedKFold_10,10,True,False,306,3,2,0,0,3,0.7666666666666667,0.5625,0.8229885057471265,0.7666666666666667,0.6919389978213508,0.8793103448275862,0.5625,0.542483660130719,0.6079545454545454,0.003803868079558,0.0041520039085298,0.0190086364746093,OK
record_level_v4_reference,main,haberman_s_survival,Haberman Survival,C:\inetpub\wwwroot\up\uni\mlm\NBEM_Project\datasets\processed\haberman_s_survival\haberman_s_survival.csv,survival_status,none,Hybrid NBEM,21,7,StratifiedKFold_10,10,True,False,306,3,2,0,0,3,0.7666666666666667,0.5625,0.8229885057471265,0.7666666666666667,0.6919389978213508,0.8793103448275862,0.5625,0.542483660130719,0.7045454545454546,0.4082744498737156,0.0152996240649372,1.1603765487670898,OK
record_level_v4_reference,main,haberman_s_survival,Haberman Survival,C:\inetpub\wwwroot\up\uni\mlm\NBEM_Project\datasets\processed\haberman_s_survival\haberman_s_survival.csv,survival_status,none,NBEM,21,8,StratifiedKFold_10,10,True,False,306,3,2,0,0,3,0.7,0.5170454545454546,0.6320987654320988,0.7,0.6471243042671614,0.537037037037037,0.5170454545454546,0.4990723562152134,0.7443181818181819,0.002188344951719,0.0020862540695816,0.0190601348876953,OK
record_level_v4_reference,main,haberman_s_survival,Haberman Survival,C:\inetpub\wwwroot\up\uni\mlm\NBEM_Project\datasets\processed\haberman_s_survival\haberman_s_survival.csv,survival_status,none,Hybrid NBEM,21,8,StratifiedKFold_10,10,True,False,306,3,2,0,0,3,0.7333333333333333,0.5397727272727273,0.6833333333333333,0.7333333333333333,0.6693333333333334,0.625,0.5397727272727273,0.52,0.6988636363636364,0.2853738379199058,0.0120420940220355,1.160198211669922,OK
record_level_v4_reference,main,haberman_s_survival,Haberman Survival,C:\inetpub\wwwroot\up\uni\mlm\NBEM_Project\datasets\processed\haberman_s_survival\haberman_s_survival.csv,survival_status,none,NBEM,21,9,StratifiedKFold_10,10,True,False,306,3,2,0,0,3,0.7,0.5568181818181819,0.6639999999999999,0.7,0.6749590834697218,0.5800000000000001,0.5568181818181819,0.5581014729950899,0.6704545454545454,0.003651370992884,0.0040029250085353,0.0191116333007812,OK
record_level_v4_reference,main,haberman_s_survival,Haberman Survival,C:\inetpub\wwwroot\up\uni\mlm\NBEM_Project\datasets\processed\haberman_s_survival\haberman_s_survival.csv,survival_status,none,Hybrid NBEM,21,9,StratifiedKFold_10,10,True,False,306,3,2,0,0,3,0.7,0.5568181818181819,0.6639999999999999,0.7,0.6749590834697218,0.5800000000000001,0.5568181818181819,0.5581014729950899,0.625,0.3155416529625654,0.0151014209259301,1.1599349975585938,OK
record_level_v4_reference,main,haberman_s_survival,Haberman Survival,C:\inetpub\wwwroot\up\uni\mlm\NBEM_Project\datasets\processed\haberman_s_survival\haberman_s_survival.csv,survival_status,none,NBEM,21,10,StratifiedKFold_10,10,True,False,306,3,2,0,0,3,0.7333333333333333,0.5397727272727273,0.6833333333333333,0.7333333333333333,0.6693333333333334,0.625,0.5397727272727273,0.52,0.6193181818181819,0.0035356110893189,0.0043672940228134,0.0191116333007812,OK
record_level_v4_reference,main,haberman_s_survival,Haberman Survival,C:\inetpub\wwwroot\up\uni\mlm\NBEM_Project\datasets\processed\haberman_s_survival\haberman_s_survival.csv,survival_status,none,Hybrid NBEM,21,10,StratifiedKFold_10,10,True,False,306,3,2,0,0,3,0.7333333333333333,0.5397727272727273,0.6833333333333333,0.7333333333333333,0.6693333333333334,0.625,0.5397727272727273,0.52,0.7329545454545454,0.3515508929267525,0.0146264180075377,1.160451889038086,OK
record_level_v4_reference,main,haberman_s_survival,Haberman Survival,C:\inetpub\wwwroot\up\uni\mlm\NBEM_Project\datasets\processed\haberman_s_survival\haberman_s_survival.csv,survival_status,none,NBEM,42,1,StratifiedKFold_10,10,True,False,306,3,2,0,0,3,0.8064516129032258,0.6657608695652174,0.7980884109916367,0.8064516129032258,0.7819354838709677,0.7824074074074074,0.6657608695652174,0.69,0.7934782608695653,0.0036650400143116,0.0039042511489242,0.018991470336914,OK
record_level_v4_reference,main,haberman_s_survival,Haberman Survival,C:\inetpub\wwwroot\up\uni\mlm\NBEM_Project\datasets\processed\haberman_s_survival\haberman_s_survival.csv,survival_status,none,Hybrid NBEM,42,1,StratifiedKFold_10,10,True,False,306,3,2,0,0,3,0.8387096774193549,0.6875,0.8675115207373272,0.8387096774193549,0.80995917428555,0.9107142857142856,0.6875,0.7237076648841354,0.8097826086956522,0.7325750370509923,0.0138993898872286,1.161454200744629,OK
record_level_v4_reference,main,haberman_s_survival,Haberman Survival,C:\inetpub\wwwroot\up\uni\mlm\NBEM_Project\datasets\processed\haberman_s_survival\haberman_s_survival.csv,survival_status,none,NBEM,42,2,StratifiedKFold_10,10,True,False,306,3,2,0,0,3,0.7741935483870968,0.6440217391304348,0.7540942928039702,0.7741935483870968,0.7550514002126905,0.7038461538461538,0.6440217391304348,0.6593406593406593,0.6521739130434783,0.0037816560361534,0.0040409418288618,0.0190601348876953,OK
record_level_v4_reference,main,haberman_s_survival,Haberman Survival,C:\inetpub\wwwroot\up\uni\mlm\NBEM_Project\datasets\processed\haberman_s_survival\haberman_s_survival.csv,survival_status,none,Hybrid NBEM,42,2,StratifiedKFold_10,10,True,False,306,3,2,0,0,3,0.7419354838709677,0.5815217391304348,0.7060931899641577,0.7419354838709677,0.7092473118279571,0.6388888888888888,0.5815217391304348,0.5866666666666667,0.7119565217391305,0.6994264929089695,0.0133748361840844,1.1584968566894531,OK
record_level_v4_reference,main,haberman_s_survival,Haberman Survival,C:\inetpub\wwwroot\up\uni\mlm\NBEM_Project\datasets\processed\haberman_s_survival\haberman_s_survival.csv,survival_status,none,NBEM,42,3,StratifiedKFold_10,10,True,False,306,3,2,0,0,3,0.7741935483870968,0.5625,0.8268817204301075,0.7741935483870968,0.701291675120038,0.8833333333333333,0.5625,0.5450733752620545,0.5434782608695652,0.0019388829823583,0.002152037108317,0.0191631317138671,OK
record_level_v4_reference,main,haberman_s_survival,Haberman Survival,C:\inetpub\wwwroot\up\uni\mlm\NBEM_Project\datasets\processed\haberman_s_survival\haberman_s_survival.csv,survival_status,none,Hybrid NBEM,42,3,StratifiedKFold_10,10,True,False,306,3,2,0,0,3,0.7741935483870968,0.6032608695652174,0.7549923195084485,0.7741935483870968,0.7339428439997701,0.7261904761904762,0.6032608695652174,0.6131907308377897,0.7065217391304348,0.6872643670067191,0.0131172591354697,1.1610736846923828,OK
record_level_v4_reference,main,haberman_s_survival,Haberman Survival,C:\inetpub\wwwroot\up\uni\mlm\NBEM_Project\datasets\processed\haberman_s_survival\haberman_s_survival.csv,survival_status,none,NBEM,42,4,StratifiedKFold_10,10,True,False,306,3,2,0,0,3,0.6451612903225806,0.4755434782608695,0.5937965260545905,0.6451612903225806,0.6150807717627993,0.4653846153846154,0.4755434782608695,0.4646781789638932,0.5108695652173914,0.0020405480172485,0.0021695499308407,0.0191116333007812,OK
record_level_v4_reference,main,haberman_s_survival,Haberman Survival,C:\inetpub\wwwroot\up\uni\mlm\NBEM_Project\datasets\processed\haberman_s_survival\haberman_s_survival.csv,survival_status,none,Hybrid NBEM,42,4,StratifiedKFold_10,10,True,False,306,3,2,0,0,3,0.7096774193548387,0.5597826086956521,0.6739454094292804,0.7096774193548387,0.685066085987745,0.5846153846153846,0.5597826086956521,0.5620094191522763,0.5652173913043478,0.396579209016636,0.0134380559902638,1.1600894927978516,OK
record_level_v4_reference,main,haberman_s_survival,Haberman Survival,C:\inetpub\wwwroot\up\uni\mlm\NBEM_Project\datasets\processed\haberman_s_survival\haberman_s_survival.csv,survival_status,none,NBEM,42,5,StratifiedKFold_10,10,True,False,306,3,2,0,0,3,0.8709677419354839,0.75,0.8900836320191159,0.8709677419354839,0.8546236559139785,0.925925925925926,0.75,0.7933333333333333,0.940217391304348,0.0021050490904599,0.0027633039280772,0.0186996459960937,OK
record_level_v4_reference,main,haberman_s_survival,Haberman Survival,C:\inetpub\wwwroot\up\uni\mlm\NBEM_Project\datasets\processed\haberman_s_survival\haberman_s_survival.csv,survival_status,none,Hybrid NBEM,42,5,StratifiedKFold_10,10,True,False,306,3,2,0,0,3,0.7741935483870968,0.6032608695652174,0.7549923195084485,0.7741935483870968,0.7339428439997701,0.7261904761904762,0.6032608695652174,0.6131907308377897,0.8695652173913044,0.4592479921411723,0.0179198288824409,1.1569147109985352,OK
record_level_v4_reference,main,haberman_s_survival,Haberman Survival,C:\inetpub\wwwroot\up\uni\mlm\NBEM_Project\datasets\processed\haberman_s_survival\haberman_s_survival.csv,survival_status,none,NBEM,42,6,StratifiedKFold_10,10,True,False,306,3,2,0,0,3,0.6774193548387096,0.4772727272727273,0.496774193548387,0.6774193548387096,0.5732009925558313,0.35,0.4772727272727273,0.4038461538461538,0.5050505050505051,0.0027146080974489,0.0028752200305461,0.018768310546875,OK
record_level_v4_reference,main,haberman_s_survival,Haberman Survival,C:\inetpub\wwwroot\up\uni\mlm\NBEM_Project\datasets\processed\haberman_s_survival\haberman_s_survival.csv,survival_status,none,Hybrid NBEM,42,6,StratifiedKFold_10,10,True,False,306,3,2,0,0,3,0.6774193548387096,0.4772727272727273,0.496774193548387,0.6774193548387096,0.5732009925558313,0.35,0.4772727272727273,0.4038461538461538,0.5,0.3950038410257548,0.0137550099752843,1.157329559326172,OK
record_level_v4_reference,main,haberman_s_survival,Haberman Survival,C:\inetpub\wwwroot\up\uni\mlm\NBEM_Project\datasets\processed\haberman_s_survival\haberman_s_survival.csv,survival_status,none,NBEM,42,7,StratifiedKFold_10,10,True,False,306,3,2,0,0,3,0.8,0.6647727272727273,0.7923076923076924,0.8,0.775,0.7788461538461539,0.6647727272727273,0.6875,0.6818181818181819,0.0040994638111442,0.004293821984902,0.018768310546875,OK
record_level_v4_reference,main,haberman_s_survival,Haberman Survival,C:\inetpub\wwwroot\up\uni\mlm\NBEM_Project\datasets\processed\haberman_s_survival\haberman_s_survival.csv,survival_status,none,Hybrid NBEM,42,7,StratifiedKFold_10,10,True,False,306,3,2,0,0,3,0.7333333333333333,0.5795454545454546,0.6974358974358974,0.7333333333333333,0.7000000000000001,0.6346153846153846,0.5795454545454546,0.5833333333333334,0.8295454545454546,0.6884292350150645,0.0202563989441841,1.1608648300170898,OK
record_level_v4_reference,main,haberman_s_survival,Haberman Survival,C:\inetpub\wwwroot\up\uni\mlm\NBEM_Project\datasets\processed\haberman_s_survival\haberman_s_survival.csv,survival_status,none,NBEM,42,8,StratifiedKFold_10,10,True,False,306,3,2,0,0,3,0.7333333333333333,0.5397727272727273,0.6833333333333333,0.7333333333333333,0.6693333333333334,0.625,0.5397727272727273,0.52,0.4034090909090909,0.0019628040026873,0.0025616839993745,0.0192317962646484,OK
record_level_v4_reference,main,haberman_s_survival,Haberman Survival,C:\inetpub\wwwroot\up\uni\mlm\NBEM_Project\datasets\processed\haberman_s_survival\haberman_s_survival.csv,survival_status,none,Hybrid NBEM,42,8,StratifiedKFold_10,10,True,False,306,3,2,0,0,3,0.7333333333333333,0.5397727272727273,0.6833333333333333,0.7333333333333333,0.6693333333333334,0.625,0.5397727272727273,0.52,0.6193181818181819,0.935147144831717,0.0132231940515339,1.1623411178588867,OK
record_level_v4_reference,main,haberman_s_survival,Haberman Survival,C:\inetpub\wwwroot\up\uni\mlm\NBEM_Project\datasets\processed\haberman_s_survival\haberman_s_survival.csv,survival_status,none,NBEM,42,9,StratifiedKFold_10,10,True,False,306,3,2,0,0,3,0.7,0.4772727272727273,0.5310344827586208,0.7,0.6039215686274509,0.3620689655172414,0.4772727272727273,0.4117647058823529,0.8068181818181819,0.0041686638724058,0.0066897680517286,0.0189571380615234,OK
record_level_v4_reference,main,haberman_s_survival,Haberman Survival,C:\inetpub\wwwroot\up\uni\mlm\NBEM_Project\datasets\processed\haberman_s_survival\haberman_s_survival.csv,survival_status,none,Hybrid NBEM,42,9,StratifiedKFold_10,10,True,False,306,3,2,0,0,3,0.7666666666666667,0.6022727272727273,0.7481481481481481,0.7666666666666667,0.7255411255411256,0.7222222222222222,0.6022727272727273,0.6103896103896104,0.7670454545454545,0.4114256158936769,0.0142526519484817,1.155080795288086,OK
record_level_v4_reference,main,haberman_s_survival,Haberman Survival,C:\inetpub\wwwroot\up\uni\mlm\NBEM_Project\datasets\processed\haberman_s_survival\haberman_s_survival.csv,survival_status,none,NBEM,42,10,StratifiedKFold_10,10,True,False,306,3,2,0,0,3,0.6666666666666666,0.4545454545454545,0.5238095238095238,0.6666666666666666,0.5866666666666667,0.3571428571428571,0.4545454545454545,0.4,0.4204545454545454,0.0024292641319334,0.0026829980779439,0.0190258026123046,OK
record_level_v4_reference,main,haberman_s_survival,Haberman Survival,C:\inetpub\wwwroot\up\uni\mlm\NBEM_Project\datasets\processed\haberman_s_survival\haberman_s_survival.csv,survival_status,none,Hybrid NBEM,42,10,StratifiedKFold_10,10,True,False,306,3,2,0,0,3,0.6666666666666666,0.4545454545454545,0.5238095238095238,0.6666666666666666,0.5866666666666667,0.3571428571428571,0.4545454545454545,0.4,0.5738636363636364,0.3752438020892441,0.0137870458420366,1.1598567962646484,OK
record_level_v4_reference,main,haberman_s_survival,Haberman Survival,C:\inetpub\wwwroot\up\uni\mlm\NBEM_Project\datasets\processed\haberman_s_survival\haberman_s_survival.csv,survival_status,none,NBEM,87,1,StratifiedKFold_10,10,True,False,306,3,2,0,0,3,0.6774193548387096,0.5788043478260869,0.6774193548387096,0.6774193548387096,0.6774193548387096,0.5788043478260869,0.5788043478260869,0.5788043478260869,0.6902173913043478,0.0024450700730085,0.0022797579877078,0.0188884735107421,OK
record_level_v4_reference,main,haberman_s_survival,Haberman Survival,C:\inetpub\wwwroot\up\uni\mlm\NBEM_Project\datasets\processed\haberman_s_survival\haberman_s_survival.csv,survival_status,none,Hybrid NBEM,87,1,StratifiedKFold_10,10,True,False,306,3,2,0,0,3,0.7096774193548387,0.6005434782608696,0.6979646697388632,0.7096774193548387,0.7030885380919697,0.6101190476190476,0.6005434782608696,0.6042553191489362,0.7391304347826086,0.3677855720743537,0.0074227759614586,1.157207489013672,OK
record_level_v4_reference,main,haberman_s_survival,Haberman Survival,C:\inetpub\wwwroot\up\uni\mlm\NBEM_Project\datasets\processed\haberman_s_survival\haberman_s_survival.csv,survival_status,none,NBEM,87,2,StratifiedKFold_10,10,True,False,306,3,2,0,0,3,0.7741935483870968,0.6847826086956521,0.7657450076804916,0.7741935483870968,0.7690688629604209,0.7023809523809523,0.6847826086956521,0.6921985815602837,0.7228260869565217,0.0023604910820722,0.0021584439091384,0.0189399719238281,OK
record_level_v4_reference,main,haberman_s_survival,Haberman Survival,C:\inetpub\wwwroot\up\uni\mlm\NBEM_Project\datasets\processed\haberman_s_survival\haberman_s_survival.csv,survival_status,none,Hybrid NBEM,87,2,StratifiedKFold_10,10,True,False,306,3,2,0,0,3,0.7419354838709677,0.6222826086956521,0.7225806451612904,0.7419354838709677,0.7288786482334869,0.65,0.6222826086956521,0.6309523809523809,0.75,0.4199517481029033,0.0157707817852497,1.1602859497070312,OK
record_level_v4_reference,main,haberman_s_survival,Haberman Survival,C:\inetpub\wwwroot\up\uni\mlm\NBEM_Project\datasets\processed\haberman_s_survival\haberman_s_survival.csv,survival_status,none,NBEM,87,3,StratifiedKFold_10,10,True,False,306,3,2,0,0,3,0.7419354838709677,0.5407608695652174,0.6918798665183536,0.7419354838709677,0.6794044665012406,0.6293103448275862,0.5407608695652174,0.5230769230769231,0.483695652173913,0.0041225301101803,0.0039640539325773,0.0188884735107421,OK
record_level_v4_reference,main,haberman_s_survival,Haberman Survival,C:\inetpub\wwwroot\up\uni\mlm\NBEM_Project\datasets\processed\haberman_s_survival\haberman_s_survival.csv,survival_status,none,Hybrid NBEM,87,3,StratifiedKFold_10,10,True,False,306,3,2,0,0,3,0.7741935483870968,0.6032608695652174,0.7549923195084485,0.7741935483870968,0.7339428439997701,0.7261904761904762,0.6032608695652174,0.6131907308377897,0.5760869565217391,0.4002216109074652,0.0133474981412291,1.1609382629394531,OK
record_level_v4_reference,main,haberman_s_survival,Haberman Survival,C:\inetpub\wwwroot\up\uni\mlm\NBEM_Project\datasets\processed\haberman_s_survival\haberman_s_survival.csv,survival_status,none,NBEM,87,4,StratifiedKFold_10,10,True,False,306,3,2,0,0,3,0.7419354838709677,0.5,0.5504682622268471,0.7419354838709677,0.6320191158900836,0.3709677419354839,0.5,0.4259259259259259,0.7282608695652174,0.0035851609427481,0.003944830968976,0.0189399719238281,OK
record_level_v4_reference,main,haberman_s_survival,Haberman Survival,C:\inetpub\wwwroot\up\uni\mlm\NBEM_Project\datasets\processed\haberman_s_survival\haberman_s_survival.csv,survival_status,none,Hybrid NBEM,87,4,StratifiedKFold_10,10,True,False,306,3,2,0,0,3,0.7741935483870968,0.5625,0.8268817204301075,0.7741935483870968,0.701291675120038,0.8833333333333333,0.5625,0.5450733752620545,0.8097826086956522,0.3376156208105385,0.0145179191604256,1.1609745025634766,OK
record_level_v4_reference,main,haberman_s_survival,Haberman Survival,C:\inetpub\wwwroot\up\uni\mlm\NBEM_Project\datasets\processed\haberman_s_survival\haberman_s_survival.csv,survival_status,none,NBEM,87,5,StratifiedKFold_10,10,True,False,306,3,2,0,0,3,0.7419354838709677,0.5,0.5504682622268471,0.7419354838709677,0.6320191158900836,0.3709677419354839,0.5,0.4259259259259259,0.7445652173913043,0.0037389388307929,0.0044518711511045,0.018991470336914,OK
record_level_v4_reference,main,haberman_s_survival,Haberman Survival,C:\inetpub\wwwroot\up\uni\mlm\NBEM_Project\datasets\processed\haberman_s_survival\haberman_s_survival.csv,survival_status,none,Hybrid NBEM,87,5,StratifiedKFold_10,10,True,False,306,3,2,0,0,3,0.7741935483870968,0.5625,0.8268817204301075,0.7741935483870968,0.701291675120038,0.8833333333333333,0.5625,0.5450733752620545,0.6413043478260869,0.358138995943591,0.0185349399689584,1.1604900360107422,OK
record_level_v4_reference,main,haberman_s_survival,Haberman Survival,C:\inetpub\wwwroot\up\uni\mlm\NBEM_Project\datasets\processed\haberman_s_survival\haberman_s_survival.csv,survival_status,none,NBEM,87,6,StratifiedKFold_10,10,True,False,306,3,2,0,0,3,0.7419354838709677,0.5555555555555556,0.810752688172043,0.7419354838709677,0.658560794044665,0.8666666666666667,0.5555555555555556,0.5230769230769231,0.5808080808080808,0.0039418411906808,0.0038760579191148,0.0189571380615234,OK
record_level_v4_reference,main,haberman_s_survival,Haberman Survival,C:\inetpub\wwwroot\up\uni\mlm\NBEM_Project\datasets\processed\haberman_s_survival\haberman_s_survival.csv,survival_status,none,Hybrid NBEM,87,6,StratifiedKFold_10,10,True,False,306,3,2,0,0,3,0.7096774193548387,0.5328282828282829,0.6590656284760845,0.7096774193548387,0.6372261514576505,0.6120689655172413,0.5328282828282829,0.5026737967914439,0.5606060606060606,0.3287473330274224,0.0127725391648709,1.1573524475097656,OK
record_level_v4_reference,main,haberman_s_survival,Haberman Survival,C:\inetpub\wwwroot\up\uni\mlm\NBEM_Project\datasets\processed\haberman_s_survival\haberman_s_survival.csv,survival_status,none,NBEM,87,7,StratifiedKFold_10,10,True,False,306,3,2,0,0,3,0.7666666666666667,0.5625,0.8229885057471265,0.7666666666666667,0.6919389978213508,0.8793103448275862,0.5625,0.542483660130719,0.6704545454545454,0.0016825872007757,0.0018235500901937,0.0189056396484375,OK
record_level_v4_reference,main,haberman_s_survival,Haberman Survival,C:\inetpub\wwwroot\up\uni\mlm\NBEM_Project\datasets\processed\haberman_s_survival\haberman_s_survival.csv,survival_status,none,Hybrid NBEM,87,7,StratifiedKFold_10,10,True,False,306,3,2,0,0,3,0.7666666666666667,0.5625,0.8229885057471265,0.7666666666666667,0.6919389978213508,0.8793103448275862,0.5625,0.542483660130719,0.8522727272727272,0.3202583638485521,0.0134611218236386,1.160198211669922,OK
record_level_v4_reference,main,haberman_s_survival,Haberman Survival,C:\inetpub\wwwroot\up\uni\mlm\NBEM_Project\datasets\processed\haberman_s_survival\haberman_s_survival.csv,survival_status,none,NBEM,87,8,StratifiedKFold_10,10,True,False,306,3,2,0,0,3,0.7,0.5170454545454546,0.6320987654320988,0.7,0.6471243042671614,0.537037037037037,0.5170454545454546,0.4990723562152134,0.6534090909090909,0.0038777668960392,0.0049388350453227,0.0190601348876953,OK
record_level_v4_reference,main,haberman_s_survival,Haberman Survival,C:\inetpub\wwwroot\up\uni\mlm\NBEM_Project\datasets\processed\haberman_s_survival\haberman_s_survival.csv,survival_status,none,Hybrid NBEM,87,8,StratifiedKFold_10,10,True,False,306,3,2,0,0,3,0.7666666666666667,0.5625,0.8229885057471265,0.7666666666666667,0.6919389978213508,0.8793103448275862,0.5625,0.542483660130719,0.6420454545454545,0.4011848589871079,0.0254434151574969,1.1604032516479492,OK
record_level_v4_reference,main,haberman_s_survival,Haberman Survival,C:\inetpub\wwwroot\up\uni\mlm\NBEM_Project\datasets\processed\haberman_s_survival\haberman_s_survival.csv,survival_status,none,NBEM,87,9,StratifiedKFold_10,10,True,False,306,3,2,0,0,3,0.8,0.7045454545454546,0.788888888888889,0.8,0.7900621118012422,0.75,0.7045454545454546,0.7204968944099379,0.7102272727272727,0.0040012169629335,0.0039388521108776,0.0189571380615234,OK
record_level_v4_reference,main,haberman_s_survival,Haberman Survival,C:\inetpub\wwwroot\up\uni\mlm\NBEM_Project\datasets\processed\haberman_s_survival\haberman_s_survival.csv,survival_status,none,Hybrid NBEM,87,9,StratifiedKFold_10,10,True,False,306,3,2,0,0,3,0.7666666666666667,0.6022727272727273,0.7481481481481481,0.7666666666666667,0.7255411255411256,0.7222222222222222,0.6022727272727273,0.6103896103896104,0.8465909090909091,0.3164587670471519,0.0130783871281892,1.160297393798828,OK
record_level_v4_reference,main,haberman_s_survival,Haberman Survival,C:\inetpub\wwwroot\up\uni\mlm\NBEM_Project\datasets\processed\haberman_s_survival\haberman_s_survival.csv,survival_status,none,NBEM,87,10,StratifiedKFold_10,10,True,False,306,3,2,0,0,3,0.7666666666666667,0.6022727272727273,0.7481481481481481,0.7666666666666667,0.7255411255411256,0.7222222222222222,0.6022727272727273,0.6103896103896104,0.5056818181818181,0.0036838359665125,0.0040366707835346,0.0188026428222656,OK
record_level_v4_reference,main,haberman_s_survival,Haberman Survival,C:\inetpub\wwwroot\up\uni\mlm\NBEM_Project\datasets\processed\haberman_s_survival\haberman_s_survival.csv,survival_status,none,Hybrid NBEM,87,10,StratifiedKFold_10,10,True,False,306,3,2,0,0,3,0.7333333333333333,0.5795454545454546,0.6974358974358974,0.7333333333333333,0.7000000000000001,0.6346153846153846,0.5795454545454546,0.5833333333333334,0.6363636363636365,0.6208135029301047,0.0129886830691248,1.160837173461914,OK
record_level_v4_reference,main,haberman_s_survival,Haberman Survival,C:\inetpub\wwwroot\up\uni\mlm\NBEM_Project\datasets\processed\haberman_s_survival\haberman_s_survival.csv,survival_status,none,NBEM,123,1,StratifiedKFold_10,10,True,False,306,3,2,0,0,3,0.7419354838709677,0.5407608695652174,0.6918798665183536,0.7419354838709677,0.6794044665012406,0.6293103448275862,0.5407608695652174,0.5230769230769231,0.6793478260869564,0.0036154899280518,0.0045467009767889,0.0190944671630859,OK
record_level_v4_reference,main,haberman_s_survival,Haberman Survival,C:\inetpub\wwwroot\up\uni\mlm\NBEM_Project\datasets\processed\haberman_s_survival\haberman_s_survival.csv,survival_status,none,Hybrid NBEM,123,1,StratifiedKFold_10,10,True,False,306,3,2,0,0,3,0.7741935483870968,0.6032608695652174,0.7549923195084485,0.7741935483870968,0.7339428439997701,0.7261904761904762,0.6032608695652174,0.6131907308377897,0.7934782608695652,0.4217206209432333,0.0175977491308003,1.1584815979003906,OK
record_level_v4_reference,main,haberman_s_survival,Haberman Survival,C:\inetpub\wwwroot\up\uni\mlm\NBEM_Project\datasets\processed\haberman_s_survival\haberman_s_survival.csv,survival_status,none,NBEM,123,2,StratifiedKFold_10,10,True,False,306,3,2,0,0,3,0.7419354838709677,0.5815217391304348,0.7060931899641577,0.7419354838709677,0.7092473118279571,0.6388888888888888,0.5815217391304348,0.5866666666666667,0.3315217391304348,0.004220776958391,0.0042387179564684,0.0190944671630859,OK
record_level_v4_reference,main,haberman_s_survival,Haberman Survival,C:\inetpub\wwwroot\up\uni\mlm\NBEM_Project\datasets\processed\haberman_s_survival\haberman_s_survival.csv,survival_status,none,Hybrid NBEM,123,2,StratifiedKFold_10,10,True,False,306,3,2,0,0,3,0.7096774193548387,0.5597826086956521,0.6739454094292804,0.7096774193548387,0.685066085987745,0.5846153846153846,0.5597826086956521,0.5620094191522763,0.5652173913043479,0.3374144288245588,0.0110856811515986,1.1605758666992188,OK
record_level_v4_reference,main,haberman_s_survival,Haberman Survival,C:\inetpub\wwwroot\up\uni\mlm\NBEM_Project\datasets\processed\haberman_s_survival\haberman_s_survival.csv,survival_status,none,NBEM,123,3,StratifiedKFold_10,10,True,False,306,3,2,0,0,3,0.7096774193548387,0.5190217391304348,0.6424731182795699,0.7096774193548387,0.6579265137139899,0.5416666666666666,0.5190217391304348,0.5026737967914439,0.6358695652173914,0.0029273340478539,0.0032058430369943,0.0188884735107421,OK
record_level_v4_reference,main,haberman_s_survival,Haberman Survival,C:\inetpub\wwwroot\up\uni\mlm\NBEM_Project\datasets\processed\haberman_s_survival\haberman_s_survival.csv,survival_status,none,Hybrid NBEM,123,3,StratifiedKFold_10,10,True,False,306,3,2,0,0,3,0.7419354838709677,0.5407608695652174,0.6918798665183536,0.7419354838709677,0.6794044665012406,0.6293103448275862,0.5407608695652174,0.5230769230769231,0.6467391304347826,0.3615511590614915,0.0138711968902498,1.1607866287231443,OK
record_level_v4_reference,main,haberman_s_survival,Haberman Survival,C:\inetpub\wwwroot\up\uni\mlm\NBEM_Project\datasets\processed\haberman_s_survival\haberman_s_survival.csv,survival_status,none,NBEM,123,4,StratifiedKFold_10,10,True,False,306,3,2,0,0,3,0.7419354838709677,0.5407608695652174,0.6918798665183536,0.7419354838709677,0.6794044665012406,0.6293103448275862,0.5407608695652174,0.5230769230769231,0.701086956521739,0.0041118510998785,0.0040913480333983,0.0188884735107421,OK
record_level_v4_reference,main,haberman_s_survival,Haberman Survival,C:\inetpub\wwwroot\up\uni\mlm\NBEM_Project\datasets\processed\haberman_s_survival\haberman_s_survival.csv,survival_status,none,Hybrid NBEM,123,4,StratifiedKFold_10,10,True,False,306,3,2,0,0,3,0.7419354838709677,0.5,0.5504682622268471,0.7419354838709677,0.6320191158900836,0.3709677419354839,0.5,0.4259259259259259,0.7282608695652174,0.3857536700088531,0.0134923050645738,1.160609245300293,OK
record_level_v4_reference,main,haberman_s_survival,Haberman Survival,C:\inetpub\wwwroot\up\uni\mlm\NBEM_Project\datasets\processed\haberman_s_survival\haberman_s_survival.csv,survival_status,none,NBEM,123,5,StratifiedKFold_10,10,True,False,306,3,2,0,0,3,0.6774193548387096,0.4972826086956521,0.6140979689366786,0.6774193548387096,0.6365591397849463,0.4953703703703703,0.4972826086956521,0.4833333333333333,0.4673913043478261,0.0038794751744717,0.0079985889606177,0.0188884735107421,OK
record_level_v4_reference,main,haberman_s_survival,Haberman Survival,C:\inetpub\wwwroot\up\uni\mlm\NBEM_Project\datasets\processed\haberman_s_survival\haberman_s_survival.csv,survival_status,none,Hybrid NBEM,123,5,StratifiedKFold_10,10,True,False,306,3,2,0,0,3,0.6451612903225806,0.4347826086956521,0.5299539170506913,0.6451612903225806,0.58191018342821,0.3571428571428571,0.4347826086956521,0.392156862745098,0.6521739130434783,0.5063527380116284,0.0134141349699348,1.1603870391845703,OK
record_level_v4_reference,main,haberman_s_survival,Haberman Survival,C:\inetpub\wwwroot\up\uni\mlm\NBEM_Project\datasets\processed\haberman_s_survival\haberman_s_survival.csv,survival_status,none,NBEM,123,6,StratifiedKFold_10,10,True,False,306,3,2,0,0,3,0.7741935483870968,0.6767676767676767,0.7612903225806452,0.7741935483870968,0.7588194921070693,0.7333333333333334,0.6767676767676767,0.6921985815602837,0.7424242424242424,0.0035902871750295,0.0040144580416381,0.0190086364746093,OK
record_level_v4_reference,main,haberman_s_survival,Haberman Survival,C:\inetpub\wwwroot\up\uni\mlm\NBEM_Project\datasets\processed\haberman_s_survival\haberman_s_survival.csv,survival_status,none,Hybrid NBEM,123,6,StratifiedKFold_10,10,True,False,306,3,2,0,0,3,0.6451612903225806,0.5202020202020202,0.607741935483871,0.6451612903225806,0.6210020590253945,0.5266666666666666,0.5202020202020202,0.5163120567375886,0.803030303030303,0.6204350378829986,0.0133205871097743,1.159027099609375,OK
record_level_v4_reference,main,haberman_s_survival,Haberman Survival,C:\inetpub\wwwroot\up\uni\mlm\NBEM_Project\datasets\processed\haberman_s_survival\haberman_s_survival.csv,survival_status,none,NBEM,123,7,StratifiedKFold_10,10,True,False,306,3,2,0,0,3,0.7666666666666667,0.5625,0.8229885057471265,0.7666666666666667,0.6919389978213508,0.8793103448275862,0.5625,0.542483660130719,0.625,0.0039807120338082,0.0039204829372465,0.0189571380615234,OK
record_level_v4_reference,main,haberman_s_survival,Haberman Survival,C:\inetpub\wwwroot\up\uni\mlm\NBEM_Project\datasets\processed\haberman_s_survival\haberman_s_survival.csv,survival_status,none,Hybrid NBEM,123,7,StratifiedKFold_10,10,True,False,306,3,2,0,0,3,0.8,0.625,0.8428571428571429,0.8,0.752,0.8928571428571428,0.625,0.64,0.6818181818181819,0.348596649011597,0.0141702101100236,1.1602602005004885,OK
record_level_v4_reference,main,haberman_s_survival,Haberman Survival,C:\inetpub\wwwroot\up\uni\mlm\NBEM_Project\datasets\processed\haberman_s_survival\haberman_s_survival.csv,survival_status,none,NBEM,123,8,StratifiedKFold_10,10,True,False,306,3,2,0,0,3,0.7333333333333333,0.5795454545454546,0.6974358974358974,0.7333333333333333,0.7000000000000001,0.6346153846153846,0.5795454545454546,0.5833333333333334,0.6306818181818182,0.0028773569501936,0.0021302511449903,0.0191116333007812,OK
record_level_v4_reference,main,haberman_s_survival,Haberman Survival,C:\inetpub\wwwroot\up\uni\mlm\NBEM_Project\datasets\processed\haberman_s_survival\haberman_s_survival.csv,survival_status,none,Hybrid NBEM,123,8,StratifiedKFold_10,10,True,False,306,3,2,0,0,3,0.7,0.5568181818181819,0.6639999999999999,0.7,0.6749590834697218,0.5800000000000001,0.5568181818181819,0.5581014729950899,0.8238636363636364,0.5215357458218932,0.012960490072146,1.1610584259033203,OK
record_level_v4_reference,main,haberman_s_survival,Haberman Survival,C:\inetpub\wwwroot\up\uni\mlm\NBEM_Project\datasets\processed\haberman_s_survival\haberman_s_survival.csv,survival_status,none,NBEM,123,9,StratifiedKFold_10,10,True,False,306,3,2,0,0,3,0.8,0.625,0.8428571428571429,0.8,0.752,0.8928571428571428,0.625,0.64,0.7301136363636364,0.0043664388358592,0.0040746880695223,0.0189056396484375,OK
record_level_v4_reference,main,haberman_s_survival,Haberman Survival,C:\inetpub\wwwroot\up\uni\mlm\NBEM_Project\datasets\processed\haberman_s_survival\haberman_s_survival.csv,survival_status,none,Hybrid NBEM,123,9,StratifiedKFold_10,10,True,False,306,3,2,0,0,3,0.7666666666666667,0.5625,0.8229885057471265,0.7666666666666667,0.6919389978213508,0.8793103448275862,0.5625,0.542483660130719,0.7755681818181818,0.3617698641028255,0.0114402240142226,1.160140037536621,OK
record_level_v4_reference,main,haberman_s_survival,Haberman Survival,C:\inetpub\wwwroot\up\uni\mlm\NBEM_Project\datasets\processed\haberman_s_survival\haberman_s_survival.csv,survival_status,none,NBEM,123,10,StratifiedKFold_10,10,True,False,306,3,2,0,0,3,0.7666666666666667,0.6022727272727273,0.7481481481481481,0.7666666666666667,0.7255411255411256,0.7222222222222222,0.6022727272727273,0.6103896103896104,0.6079545454545454,0.0040687080472707,0.0039610639214515,0.0189056396484375,OK
record_level_v4_reference,main,haberman_s_survival,Haberman Survival,C:\inetpub\wwwroot\up\uni\mlm\NBEM_Project\datasets\processed\haberman_s_survival\haberman_s_survival.csv,survival_status,none,Hybrid NBEM,123,10,StratifiedKFold_10,10,True,False,306,3,2,0,0,3,0.7666666666666667,0.6022727272727273,0.7481481481481481,0.7666666666666667,0.7255411255411256,0.7222222222222222,0.6022727272727273,0.6103896103896104,0.6761363636363636,0.3788742430042475,0.0234558340162038,1.160663604736328,OK
record_level_v4_reference,main,internet_advertisements,Internet Ads,C:\inetpub\wwwroot\up\uni\mlm\NBEM_Project\datasets\processed\internet_advertisements\internet_advertisements.csv,class,none,NBEM,13,1,StratifiedKFold_10,10,True,False,3279,1558,2,1555,3,0,0.972560975609756,0.9203669441874808,0.9721891731112432,0.972560975609756,0.9718930560010404,0.9634146341463414,0.9203669441874808,0.9403672504696684,0.992213999383287,0.2437598200049251,0.0298764908220618,74.39891529083252,OK
record_level_v4_reference,main,internet_advertisements,Internet Ads,C:\inetpub\wwwroot\up\uni\mlm\NBEM_Project\datasets\processed\internet_advertisements\internet_advertisements.csv,class,none,Hybrid NBEM,13,1,StratifiedKFold_10,10,True,False,3279,1558,2,1555,3,0,0.9939024390243902,0.9873573851372186,0.9939024390243902,0.9939024390243902,0.9939024390243902,0.9873573851372186,0.9873573851372186,0.9873573851372186,0.996145544249152,71.86225725500844,0.9829567049164324,140.572114944458,OK
record_level_v4_reference,main,internet_advertisements,Internet Ads,C:\inetpub\wwwroot\up\uni\mlm\NBEM_Project\datasets\processed\internet_advertisements\internet_advertisements.csv,class,none,NBEM,13,2,StratifiedKFold_10,10,True,False,3279,1558,2,1555,3,0,0.9664634146341464,0.8986278137526982,0.9660335936603976,0.9664634146341464,0.965288062172885,0.958788040102919,0.8986278137526982,0.9256618934789328,0.979263028060438,0.233163665048778,0.0394688169471919,74.39876079559326,OK
record_level_v4_reference,main,internet_advertisements,Internet Ads,C:\inetpub\wwwroot\up\uni\mlm\NBEM_Project\datasets\processed\internet_advertisements\internet_advertisements.csv,class,none,Hybrid NBEM,13,2,StratifiedKFold_10,10,True,False,3279,1558,2,1555,3,0,0.9695121951219512,0.9367869256860932,0.9695121951219512,0.9695121951219512,0.9695121951219512,0.9367869256860932,0.9367869256860932,0.9367869256860932,0.9840425531914894,65.55406618793495,1.1519005668815223,140.57633113861084,OK
record_level_v4_reference,main,internet_advertisements,Internet Ads,C:\inetpub\wwwroot\up\uni\mlm\NBEM_Project\datasets\processed\internet_advertisements\internet_advertisements.csv,class,none,NBEM,13,3,StratifiedKFold_10,10,True,False,3279,1558,2,1555,3,0,0.9786585365853658,0.933009559050262,0.9786054219427212,0.9786585365853658,0.9781390435563648,0.9773519163763066,0.933009559050262,0.95361897258752,0.967391304347826,0.2583542000502348,0.0300119009334594,74.39886379241943,OK
record_level_v4_reference,main,internet_advertisements,Internet Ads,C:\inetpub\wwwroot\up\uni\mlm\NBEM_Project\datasets\processed\internet_advertisements\internet_advertisements.csv,class,none,Hybrid NBEM,13,3,StratifiedKFold_10,10,True,False,3279,1558,2,1555,3,0,0.9573170731707316,0.9296947271045328,0.95929285839621,0.9573170731707316,0.958053861788618,0.9010071942446044,0.9296947271045328,0.9145833333333332,0.9693956213382672,70.53825567988679,0.7352110480424017,140.55146312713623,OK
record_level_v4_reference,main,internet_advertisements,Internet Ads,C:\inetpub\wwwroot\up\uni\mlm\NBEM_Project\datasets\processed\internet_advertisements\internet_advertisements.csv,class,none,NBEM,13,4,StratifiedKFold_10,10,True,False,3279,1558,2,1555,3,0,0.9420731707317072,0.8207678075855689,0.9406197151339772,0.9420731707317072,0.9379595944786862,0.927426810477658,0.8207678075855689,0.8632823640392251,0.950277520814061,0.2324703829362988,0.0523344781249761,74.39886379241943,OK
record_level_v4_reference,main,internet_advertisements,Internet Ads,C:\inetpub\wwwroot\up\uni\mlm\NBEM_Project\datasets\processed\internet_advertisements\internet_advertisements.csv,class,none,Hybrid NBEM,13,4,StratifiedKFold_10,10,True,False,3279,1558,2,1555,3,0,0.9664634146341464,0.9077243293246994,0.9657729242797656,0.9664634146341464,0.9656470684457164,0.9494773519163764,0.9077243293246994,0.9271155283518172,0.9653869873573852,75.90942265791818,0.6010030589532107,140.54959297180176,OK
record_level_v4_reference,main,internet_advertisements,Internet Ads,C:\inetpub\wwwroot\up\uni\mlm\NBEM_Project\datasets\processed\internet_advertisements\internet_advertisements.csv,class,none,NBEM,13,5,StratifiedKFold_10,10,True,False,3279,1558,2,1555,3,0,0.9634146341463414,0.8877582485353068,0.9629719799920322,0.9634146341463414,0.9619283155868524,0.956442831215971,0.8877582485353068,0.918081918081918,0.971554116558742,0.2254871549084782,0.0378515850752592,74.39891529083252,OK
record_level_v4_reference,main,internet_advertisements,Internet Ads,C:\inetpub\wwwroot\up\uni\mlm\NBEM_Project\datasets\processed\internet_advertisements\internet_advertisements.csv,class,none,Hybrid NBEM,13,5,StratifiedKFold_10,10,True,False,3279,1558,2,1555,3,0,0.9664634146341464,0.9077243293246994,0.9657729242797656,0.9664634146341464,0.9656470684457164,0.9494773519163764,0.9077243293246994,0.9271155283518172,0.9815757015109466,45.7255871121306,1.3939688289538026,140.5491590499878,OK
record_level_v4_reference,main,internet_advertisements,Internet Ads,C:\inetpub\wwwroot\up\uni\mlm\NBEM_Project\datasets\processed\internet_advertisements\internet_advertisements.csv,class,none,NBEM,13,6,StratifiedKFold_10,10,True,False,3279,1558,2,1555,3,0,0.9603658536585366,0.8859851988899168,0.9594626615683244,0.9603658536585366,0.9589768007497732,0.944237423476178,0.8859851988899168,0.912145874111466,0.9689330866481652,0.2226358561310917,0.0242768370080739,74.39870929718018,OK
record_level_v4_reference,main,internet_advertisements,Internet Ads,C:\inetpub\wwwroot\up\uni\mlm\NBEM_Project\datasets\processed\internet_advertisements\internet_advertisements.csv,class,none,Hybrid NBEM,13,6,StratifiedKFold_10,10,True,False,3279,1558,2,1555,3,0,0.9664634146341464,0.9077243293246994,0.9657729242797656,0.9664634146341464,0.9656470684457164,0.9494773519163764,0.9077243293246994,0.9271155283518172,0.9765649090348444,55.972519455011934,0.796743581071496,140.53844833374023,OK
record_level_v4_reference,main,internet_advertisements,Internet Ads,C:\inetpub\wwwroot\up\uni\mlm\NBEM_Project\datasets\processed\internet_advertisements\internet_advertisements.csv,class,none,NBEM,13,7,StratifiedKFold_10,10,True,False,3279,1558,2,1555,3,0,0.9634146341463414,0.8877582485353068,0.9629719799920322,0.9634146341463414,0.9619283155868524,0.956442831215971,0.8877582485353068,0.918081918081918,0.9724020968239284,0.2199699440971017,0.0295360430609434,74.39891529083252,OK
record_level_v4_reference,main,internet_advertisements,Internet Ads,C:\inetpub\wwwroot\up\uni\mlm\NBEM_Project\datasets\processed\internet_advertisements\internet_advertisements.csv,class,none,Hybrid NBEM,13,7,StratifiedKFold_10,10,True,False,3279,1558,2,1555,3,0,0.948170731707317,0.897086031452359,0.9486677427158916,0.948170731707317,0.9484033541418324,0.8900204437040963,0.897086031452359,0.893504459596249,0.9676225716928768,85.80204251315445,0.6864681388251483,140.54843425750732,OK
record_level_v4_reference,main,internet_advertisements,Internet Ads,C:\inetpub\wwwroot\up\uni\mlm\NBEM_Project\datasets\processed\internet_advertisements\internet_advertisements.csv,class,none,NBEM,13,8,StratifiedKFold_10,10,True,False,3279,1558,2,1555,3,0,0.9664634146341464,0.8895312981806969,0.966664741180708,0.9664634146341464,0.9649085423548364,0.969304355902294,0.8895312981806969,0.9241363359195948,0.9668516805427072,0.4054530509747565,0.0362399069126695,74.39891529083252,OK
record_level_v4_reference,main,internet_advertisements,Internet Ads,C:\inetpub\wwwroot\up\uni\mlm\NBEM_Project\datasets\processed\internet_advertisements\internet_advertisements.csv,class,none,Hybrid NBEM,13,8,StratifiedKFold_10,10,True,False,3279,1558,2,1555,3,0,0.9786585365853658,0.9421060746222634,0.9783935874854462,0.9786585365853658,0.978355307897648,0.9679722562219502,0.9421060746222634,0.954501317797198,0.982732038236201,58.74498662608676,0.4979795289691537,140.5767641067505,OK
record_level_v4_reference,main,internet_advertisements,Internet Ads,C:\inetpub\wwwroot\up\uni\mlm\NBEM_Project\datasets\processed\internet_advertisements\internet_advertisements.csv,class,none,NBEM,13,9,StratifiedKFold_10,10,True,False,3279,1558,2,1555,3,0,0.9390243902439024,0.8008017267961764,0.9387188301413216,0.9390243902439024,0.933446947899606,0.9364653243847876,0.8008017267961764,0.8511796733212341,0.9528985507246376,0.2367432741448283,0.0379259118344634,74.39876079559326,OK
record_level_v4_reference,main,internet_advertisements,Internet Ads,C:\inetpub\wwwroot\up\uni\mlm\NBEM_Project\datasets\processed\internet_advertisements\internet_advertisements.csv,class,none,Hybrid NBEM,13,9,StratifiedKFold_10,10,True,False,3279,1558,2,1555,3,0,0.9634146341463414,0.9059512796793092,0.9625943162528529,0.9634146341463414,0.9627119702695108,0.9383949383949384,0.9059512796793092,0.9212548015364916,0.9729417206290472,58.96869038394652,0.4696079259738326,140.54891300201416,OK
record_level_v4_reference,main,internet_advertisements,Internet Ads,C:\inetpub\wwwroot\up\uni\mlm\NBEM_Project\datasets\processed\internet_advertisements\internet_advertisements.csv,class,none,NBEM,13,10,StratifiedKFold_10,10,True,False,3279,1558,2,1555,3,0,0.9724770642201837,0.9280141843971632,0.972014899634407,0.9724770642201837,0.9720753428440868,0.9537593984962408,0.9280141843971632,0.9403393541324576,0.9720252167060676,0.2385194089729339,0.0282498619053512,74.42402267456055,OK
record_level_v4_reference,main,internet_advertisements,Internet Ads,C:\inetpub\wwwroot\up\uni\mlm\NBEM_Project\datasets\processed\internet_advertisements\internet_advertisements.csv,class,none,Hybrid NBEM,13,10,StratifiedKFold_10,10,True,False,3279,1558,2,1555,3,0,0.9847094801223242,0.9537825059101654,0.984619806396726,0.9847094801223242,0.984486301580048,0.981077694235589,0.9537825059101654,0.966855196740254,0.9854215918045706,86.65650579007342,0.6840247791260481,140.5891170501709,OK
record_level_v4_reference,main,internet_advertisements,Internet Ads,C:\inetpub\wwwroot\up\uni\mlm\NBEM_Project\datasets\processed\internet_advertisements\internet_advertisements.csv,class,none,NBEM,21,1,StratifiedKFold_10,10,True,False,3279,1558,2,1555,3,0,0.975609756097561,0.9221399938328708,0.9755970528455284,0.975609756097561,0.9748873033405976,0.975347222222222,0.9221399938328708,0.946470828233374,0.9868177613321,0.2343481821008026,0.0286723240278661,74.39870929718018,OK
record_level_v4_reference,main,internet_advertisements,Internet Ads,C:\inetpub\wwwroot\up\uni\mlm\NBEM_Project\datasets\processed\internet_advertisements\internet_advertisements.csv,class,none,Hybrid NBEM,21,1,StratifiedKFold_10,10,True,False,3279,1558,2,1555,3,0,0.9786585365853658,0.9512025901942646,0.9784983768565602,0.9786585365853658,0.9785601620481827,0.9595995288574796,0.9512025901942646,0.9553437712729748,0.9919827320382362,81.06700275698677,0.5178489200770855,140.55174350738525,OK
record_level_v4_reference,main,internet_advertisements,Internet Ads,C:\inetpub\wwwroot\up\uni\mlm\NBEM_Project\datasets\processed\internet_advertisements\internet_advertisements.csv,class,none,NBEM,21,2,StratifiedKFold_10,10,True,False,3279,1558,2,1555,3,0,0.948170731707317,0.8516034535923527,0.9464301490326132,0.948170731707317,0.945767747275656,0.9236091761864956,0.8516034535923527,0.8827561555121007,0.946808510638298,0.2391251230146736,0.0359921539202332,74.39891529083252,OK
record_level_v4_reference,main,internet_advertisements,Internet Ads,C:\inetpub\wwwroot\up\uni\mlm\NBEM_Project\datasets\processed\internet_advertisements\internet_advertisements.csv,class,none,Hybrid NBEM,21,2,StratifiedKFold_10,10,True,False,3279,1558,2,1555,3,0,0.9603658536585366,0.9223712611779216,0.960754828832456,0.9603658536585366,0.9605437414025776,0.9148557583099872,0.9223712611779216,0.9185622338088963,0.9724791859389454,67.77463800203986,0.5470287108328193,140.5475378036499,OK
record_level_v4_reference,main,internet_advertisements,Internet Ads,C:\inetpub\wwwroot\up\uni\mlm\NBEM_Project\datasets\processed\internet_advertisements\internet_advertisements.csv,class,none,NBEM,21,3,StratifiedKFold_10,10,True,False,3279,1558,2,1555,3,0,0.9664634146341464,0.8895312981806969,0.966664741180708,0.9664634146341464,0.9649085423548364,0.969304355902294,0.8895312981806969,0.9241363359195948,0.992753623188406,0.3515820759348571,0.0535160040017217,74.39891529083252,OK
record_level_v4_reference,main,internet_advertisements,Internet Ads,C:\inetpub\wwwroot\up\uni\mlm\NBEM_Project\datasets\processed\internet_advertisements\internet_advertisements.csv,class,none,Hybrid NBEM,21,3,StratifiedKFold_10,10,True,False,3279,1558,2,1555,3,0,0.9603658536585366,0.9314677767499228,0.9616952209680096,0.9603658536585366,0.960885682315872,0.909406773462073,0.9314677767499228,0.9199924946054976,0.99036386062288,82.34032723889686,1.6543499079998585,140.5485200881958,OK
record_level_v4_reference,main,internet_advertisements,Internet Ads,C:\inetpub\wwwroot\up\uni\mlm\NBEM_Project\datasets\processed\internet_advertisements\internet_advertisements.csv,class,none,NBEM,21,4,StratifiedKFold_10,10,True,False,3279,1558,2,1555,3,0,0.9786585365853658,0.9421060746222634,0.9783935874854462,0.9786585365853658,0.978355307897648,0.9679722562219502,0.9421060746222634,0.954501317797198,0.9726333641689792,0.3011394939385354,0.027912831865251,74.39865779876709,OK
record_level_v4_reference,main,internet_advertisements,Internet Ads,C:\inetpub\wwwroot\up\uni\mlm\NBEM_Project\datasets\processed\internet_advertisements\internet_advertisements.csv,class,none,Hybrid NBEM,21,4,StratifiedKFold_10,10,True,False,3279,1558,2,1555,3,0,0.972560975609756,0.9567530064754856,0.9735825880312788,0.972560975609756,0.9729208569879112,0.93339916611806,0.9567530064754856,0.9446101885730368,0.979108849830404,82.0756241469644,0.6840692029800266,140.5521116256714,OK
record_level_v4_reference,main,internet_advertisements,Internet Ads,C:\inetpub\wwwroot\up\uni\mlm\NBEM_Project\datasets\processed\internet_advertisements\internet_advertisements.csv,class,none,NBEM,21,5,StratifiedKFold_10,10,True,False,3279,1558,2,1555,3,0,0.9542682926829268,0.8551495528831329,0.953839887740662,0.9542682926829268,0.951600487019363,0.9492442710872744,0.8551495528831329,0.8943639291465378,0.961763798951588,0.22368368296884,0.0249004929792135,74.39870929718018,OK
record_level_v4_reference,main,internet_advertisements,Internet Ads,C:\inetpub\wwwroot\up\uni\mlm\NBEM_Project\datasets\processed\internet_advertisements\internet_advertisements.csv,class,none,Hybrid NBEM,21,5,StratifiedKFold_10,10,True,False,3279,1558,2,1555,3,0,0.975609756097561,0.9221399938328708,0.9755970528455284,0.975609756097561,0.9748873033405976,0.975347222222222,0.9221399938328708,0.946470828233374,0.9857385137218624,94.8071176118683,0.4636597100179642,140.5556287765503,OK
record_level_v4_reference,main,internet_advertisements,Internet Ads,C:\inetpub\wwwroot\up\uni\mlm\NBEM_Project\datasets\processed\internet_advertisements\internet_advertisements.csv,class,none,NBEM,21,6,StratifiedKFold_10,10,True,False,3279,1558,2,1555,3,0,0.9634146341463414,0.8877582485353068,0.9629719799920322,0.9634146341463414,0.9619283155868524,0.956442831215971,0.8877582485353068,0.918081918081918,0.9723250077089116,0.2269745299126953,0.0304890400730073,74.39891529083252,OK
record_level_v4_reference,main,internet_advertisements,Internet Ads,C:\inetpub\wwwroot\up\uni\mlm\NBEM_Project\datasets\processed\internet_advertisements\internet_advertisements.csv,class,none,Hybrid NBEM,21,6,StratifiedKFold_10,10,True,False,3279,1558,2,1555,3,0,0.9603658536585366,0.8677921677459143,0.9607811775338622,0.9603658536585366,0.9580537554167812,0.965236470014627,0.8677921677459143,0.908448738593666,0.9723250077089116,114.39151308103465,0.7138914449606091,140.5474157333374,OK
record_level_v4_reference,main,internet_advertisements,Internet Ads,C:\inetpub\wwwroot\up\uni\mlm\NBEM_Project\datasets\processed\internet_advertisements\internet_advertisements.csv,class,none,NBEM,21,7,StratifiedKFold_10,10,True,False,3279,1558,2,1555,3,0,0.9603658536585366,0.8768886833179155,0.9599198771313432,0.9603658536585366,0.9585282773284428,0.9540726293303612,0.8768886833179155,0.91034294245043,0.9587573234659266,0.2329253091011196,0.0279149678535759,74.39891529083252,OK
record_level_v4_reference,main,internet_advertisements,Internet Ads,C:\inetpub\wwwroot\up\uni\mlm\NBEM_Project\datasets\processed\internet_advertisements\internet_advertisements.csv,class,none,Hybrid NBEM,21,7,StratifiedKFold_10,10,True,False,3279,1558,2,1555,3,0,0.9664634146341464,0.9077243293246994,0.9657729242797656,0.9664634146341464,0.9656470684457164,0.9494773519163764,0.9077243293246994,0.9271155283518172,0.961686709836571,64.43135993485339,0.6132194350939244,140.5515899658203,OK
record_level_v4_reference,main,internet_advertisements,Internet Ads,C:\inetpub\wwwroot\up\uni\mlm\NBEM_Project\datasets\processed\internet_advertisements\internet_advertisements.csv,class,none,NBEM,21,8,StratifiedKFold_10,10,True,False,3279,1558,2,1555,3,0,0.9695121951219512,0.9004008633980882,0.9696272852020716,0.9695121951219512,0.9682735963223768,0.9713248638838476,0.9004008633980882,0.9317349317349316,0.9860468701819304,0.2347864490002393,0.0253174018580466,74.39891529083252,OK
record_level_v4_reference,main,internet_advertisements,Internet Ads,C:\inetpub\wwwroot\up\uni\mlm\NBEM_Project\datasets\processed\internet_advertisements\internet_advertisements.csv,class,none,Hybrid NBEM,21,8,StratifiedKFold_10,10,True,False,3279,1558,2,1555,3,0,0.9542682926829268,0.9188251618871416,0.955751537436375,0.9542682926829268,0.954868094979852,0.8974105771340795,0.9188251618871416,0.907683647621728,0.9874344742522356,94.1158550181426,1.5357320129405707,140.5487699508667,OK
record_level_v4_reference,main,internet_advertisements,Internet Ads,C:\inetpub\wwwroot\up\uni\mlm\NBEM_Project\datasets\processed\internet_advertisements\internet_advertisements.csv,class,none,NBEM,21,9,StratifiedKFold_10,10,True,False,3279,1558,2,1555,3,0,0.9542682926829268,0.8642460684551341,0.9531750130819782,0.9542682926829268,0.9521480123020496,0.9388409027584286,0.8642460684551341,0.8965495489812654,0.957755164970706,0.2420571560505777,0.0393808220978826,74.39865779876709,OK
record_level_v4_reference,main,internet_advertisements,Internet Ads,C:\inetpub\wwwroot\up\uni\mlm\NBEM_Project\datasets\processed\internet_advertisements\internet_advertisements.csv,class,none,Hybrid NBEM,21,9,StratifiedKFold_10,10,True,False,3279,1558,2,1555,3,0,0.975609756097561,0.931236509404872,0.9752848777239022,0.975609756097561,0.9751413135130071,0.9657009657009656,0.931236509404872,0.9475032010243278,0.9710144927536232,80.97589915199205,0.4044030890800059,140.55014896392822,OK
record_level_v4_reference,main,internet_advertisements,Internet Ads,C:\inetpub\wwwroot\up\uni\mlm\NBEM_Project\datasets\processed\internet_advertisements\internet_advertisements.csv,class,none,NBEM,21,10,StratifiedKFold_10,10,True,False,3279,1558,2,1555,3,0,0.9571865443425076,0.8537825059101656,0.9576971739488122,0.9571865443425076,0.9543391750960556,0.9627396413110698,0.8537825059101656,0.8981036324786325,0.9591804570527974,0.3080385709181428,0.0674235108308494,74.42407417297363,OK
record_level_v4_reference,main,internet_advertisements,Internet Ads,C:\inetpub\wwwroot\up\uni\mlm\NBEM_Project\datasets\processed\internet_advertisements\internet_advertisements.csv,class,none,Hybrid NBEM,21,10,StratifiedKFold_10,10,True,False,3279,1558,2,1555,3,0,0.9694189602446484,0.8888888888888888,0.9704662561266808,0.9694189602446484,0.9677740306236614,0.9828767123287672,0.8888888888888888,0.9287891986062716,0.9931442080378252,70.80363924079575,2.297423194162548,140.6036319732666,OK
record_level_v4_reference,main,internet_advertisements,Internet Ads,C:\inetpub\wwwroot\up\uni\mlm\NBEM_Project\datasets\processed\internet_advertisements\internet_advertisements.csv,class,none,NBEM,42,1,StratifiedKFold_10,10,True,False,3279,1558,2,1555,3,0,0.9634146341463414,0.8877582485353068,0.9629719799920322,0.9634146341463414,0.9619283155868524,0.956442831215971,0.8877582485353068,0.918081918081918,0.9454979956830096,0.2778122359886765,0.0429826427716761,74.39865779876709,OK
record_level_v4_reference,main,internet_advertisements,Internet Ads,C:\inetpub\wwwroot\up\uni\mlm\NBEM_Project\datasets\processed\internet_advertisements\internet_advertisements.csv,class,none,Hybrid NBEM,42,1,StratifiedKFold_10,10,True,False,3279,1558,2,1555,3,0,0.9695121951219512,0.9185938945420906,0.9689395969883774,0.9695121951219512,0.9689266418912588,0.952047952047952,0.9185938945420906,0.9343790012804096,0.9695497995683008,57.625508427852765,0.603572006104514,140.55115127563477,OK
record_level_v4_reference,main,internet_advertisements,Internet Ads,C:\inetpub\wwwroot\up\uni\mlm\NBEM_Project\datasets\processed\internet_advertisements\internet_advertisements.csv,class,none,NBEM,42,2,StratifiedKFold_10,10,True,False,3279,1558,2,1555,3,0,0.9542682926829268,0.8369565217391304,0.9565779748706578,0.9542682926829268,0.950406285235048,0.9747474747474748,0.8369565217391304,0.8896440347217549,0.9304656182547024,0.2052478431724012,0.0394487399607896,74.39845180511475,OK
record_level_v4_reference,main,internet_advertisements,Internet Ads,C:\inetpub\wwwroot\up\uni\mlm\NBEM_Project\datasets\processed\internet_advertisements\internet_advertisements.csv,class,none,Hybrid NBEM,42,2,StratifiedKFold_10,10,True,False,3279,1558,2,1555,3,0,0.948170731707317,0.8879895158803577,0.9477256839706206,0.948170731707317,0.9479318221170152,0.8952100510404397,0.8879895158803577,0.891549158805796,0.9626117792167748,57.24211012292653,0.6210518581792712,140.5472002029419,OK
record_level_v4_reference,main,internet_advertisements,Internet Ads,C:\inetpub\wwwroot\up\uni\mlm\NBEM_Project\datasets\processed\internet_advertisements\internet_advertisements.csv,class,none,NBEM,42,3,StratifiedKFold_10,10,True,False,3279,1558,2,1555,3,0,0.972560975609756,0.9203669441874808,0.9721891731112432,0.972560975609756,0.9718930560010404,0.9634146341463414,0.9203669441874808,0.9403672504696684,0.984004008633981,0.256775839952752,0.0315381460823118,74.39891529083252,OK
record_level_v4_reference,main,internet_advertisements,Internet Ads,C:\inetpub\wwwroot\up\uni\mlm\NBEM_Project\datasets\processed\internet_advertisements\internet_advertisements.csv,class,none,Hybrid NBEM,42,3,StratifiedKFold_10,10,True,False,3279,1558,2,1555,3,0,0.9634146341463414,0.9423373419673142,0.9651903842779436,0.9634146341463414,0.9640461672473868,0.9128057553956834,0.9423373419673142,0.9267857142857144,0.9916743755781684,79.303285978036,0.4750896820332855,140.54629039764404,OK
record_level_v4_reference,main,internet_advertisements,Internet Ads,C:\inetpub\wwwroot\up\uni\mlm\NBEM_Project\datasets\processed\internet_advertisements\internet_advertisements.csv,class,none,NBEM,42,4,StratifiedKFold_10,10,True,False,3279,1558,2,1555,3,0,0.9573170731707316,0.8842121492445267,0.9561229674796746,0.9573170731707316,0.956052780846046,0.9326388888888888,0.8842121492445267,0.9063239494084048,0.9890148011100832,0.2968119268771261,0.0563066459726542,74.39881229400635,OK
record_level_v4_reference,main,internet_advertisements,Internet Ads,C:\inetpub\wwwroot\up\uni\mlm\NBEM_Project\datasets\processed\internet_advertisements\internet_advertisements.csv,class,none,Hybrid NBEM,42,4,StratifiedKFold_10,10,True,False,3279,1558,2,1555,3,0,0.9786585365853658,0.9421060746222634,0.9783935874854462,0.9786585365853658,0.978355307897648,0.9679722562219502,0.9421060746222634,0.954501317797198,0.9833872957138452,58.60448057693429,0.4827405621763319,140.54847621917725,OK
record_level_v4_reference,main,internet_advertisements,Internet Ads,C:\inetpub\wwwroot\up\uni\mlm\NBEM_Project\datasets\processed\internet_advertisements\internet_advertisements.csv,class,none,NBEM,42,5,StratifiedKFold_10,10,True,False,3279,1558,2,1555,3,0,0.9573170731707316,0.8478260869565217,0.9593358602504944,0.9573170731707316,0.954003475355488,0.9763513513513512,0.8478260869565217,0.8981456836128117,0.990672217082948,0.3667339019011706,0.0299012658651918,74.39870929718018,OK
record_level_v4_reference,main,internet_advertisements,Internet Ads,C:\inetpub\wwwroot\up\uni\mlm\NBEM_Project\datasets\processed\internet_advertisements\internet_advertisements.csv,class,none,Hybrid NBEM,42,5,StratifiedKFold_10,10,True,False,3279,1558,2,1555,3,0,0.9634146341463414,0.9059512796793092,0.9625943162528529,0.9634146341463414,0.9627119702695108,0.9383949383949384,0.9059512796793092,0.9212548015364916,0.9799568300955904,68.31827804585919,1.1414833939634264,140.55028247833252,OK
record_level_v4_reference,main,internet_advertisements,Internet Ads,C:\inetpub\wwwroot\up\uni\mlm\NBEM_Project\datasets\processed\internet_advertisements\internet_advertisements.csv,class,none,NBEM,42,6,StratifiedKFold_10,10,True,False,3279,1558,2,1555,3,0,0.9603658536585366,0.8677921677459143,0.9607811775338622,0.9603658536585366,0.9580537554167812,0.965236470014627,0.8677921677459143,0.908448738593666,0.9600678384212148,0.2575502838008106,0.0288380621932446,74.39865779876709,OK
record_level_v4_reference,main,internet_advertisements,Internet Ads,C:\inetpub\wwwroot\up\uni\mlm\NBEM_Project\datasets\processed\internet_advertisements\internet_advertisements.csv,class,none,Hybrid NBEM,42,6,StratifiedKFold_10,10,True,False,3279,1558,2,1555,3,0,0.972560975609756,0.9203669441874808,0.9721891731112432,0.972560975609756,0.9718930560010404,0.9634146341463414,0.9203669441874808,0.9403672504696684,0.9899784150477952,65.79960299702361,0.7205876200459898,140.5454921722412,OK
record_level_v4_reference,main,internet_advertisements,Internet Ads,C:\inetpub\wwwroot\up\uni\mlm\NBEM_Project\datasets\processed\internet_advertisements\internet_advertisements.csv,class,none,NBEM,42,7,StratifiedKFold_10,10,True,False,3279,1558,2,1555,3,0,0.975609756097561,0.931236509404872,0.9752848777239022,0.975609756097561,0.9751413135130071,0.9657009657009656,0.931236509404872,0.9475032010243278,0.9782608695652174,0.3928227559663355,0.0537616221699863,74.39865779876709,OK
record_level_v4_reference,main,internet_advertisements,Internet Ads,C:\inetpub\wwwroot\up\uni\mlm\NBEM_Project\datasets\processed\internet_advertisements\internet_advertisements.csv,class,none,Hybrid NBEM,42,7,StratifiedKFold_10,10,True,False,3279,1558,2,1555,3,0,0.9817073170731708,0.9438791242676534,0.9816301584594268,0.9817073170731708,0.9813559851347554,0.9793539793539794,0.9438791242676534,0.9606274007682458,0.9801880974406414,55.82484521809965,0.5721765297930688,140.54500007629397,OK
record_level_v4_reference,main,internet_advertisements,Internet Ads,C:\inetpub\wwwroot\up\uni\mlm\NBEM_Project\datasets\processed\internet_advertisements\internet_advertisements.csv,class,none,NBEM,42,8,StratifiedKFold_10,10,True,False,3279,1558,2,1555,3,0,0.951219512195122,0.8715695343817453,0.949631605691057,0.951219512195122,0.9497746066811954,0.9184027777777778,0.8715695343817453,0.8929416564667483,0.9730958988590812,0.3936736609321087,0.052862447919324,74.39870929718018,OK
record_level_v4_reference,main,internet_advertisements,Internet Ads,C:\inetpub\wwwroot\up\uni\mlm\NBEM_Project\datasets\processed\internet_advertisements\internet_advertisements.csv,class,none,Hybrid NBEM,42,8,StratifiedKFold_10,10,True,False,3279,1558,2,1555,3,0,0.9390243902439024,0.9190564292321924,0.9466303289608526,0.9390243902439024,0.9414630693344522,0.8568802521008403,0.9190564292321924,0.8839102427974801,0.9720937403638604,51.19534454401583,0.5949659938924015,140.5484390258789,OK
record_level_v4_reference,main,internet_advertisements,Internet Ads,C:\inetpub\wwwroot\up\uni\mlm\NBEM_Project\datasets\processed\internet_advertisements\internet_advertisements.csv,class,none,NBEM,42,9,StratifiedKFold_10,10,True,False,3279,1558,2,1555,3,0,0.972560975609756,0.9203669441874808,0.9721891731112432,0.972560975609756,0.9718930560010404,0.9634146341463414,0.9203669441874808,0.9403672504696684,0.9774128893000308,0.4573073990177363,0.0489919430110603,74.39886379241943,OK
record_level_v4_reference,main,internet_advertisements,Internet Ads,C:\inetpub\wwwroot\up\uni\mlm\NBEM_Project\datasets\processed\internet_advertisements\internet_advertisements.csv,class,none,Hybrid NBEM,42,9,StratifiedKFold_10,10,True,False,3279,1558,2,1555,3,0,0.9786585365853658,0.9693956213382672,0.9795262715629132,0.9786585365853658,0.978938444323931,0.9453953624460536,0.9693956213382672,0.9569190355568064,0.9953746530989824,69.3652157720644,0.6280944610480219,140.54762744903564,OK
record_level_v4_reference,main,internet_advertisements,Internet Ads,C:\inetpub\wwwroot\up\uni\mlm\NBEM_Project\datasets\processed\internet_advertisements\internet_advertisements.csv,class,none,NBEM,42,10,StratifiedKFold_10,10,True,False,3279,1558,2,1555,3,0,0.9571865443425076,0.8724586288416076,0.9561308857101328,0.9571865443425076,0.9553974778857304,0.9404939422180802,0.8724586288416076,0.9023963841037012,0.9747044917257685,0.3413780550472438,0.050252494867891,74.42391967773438,OK
record_level_v4_reference,main,internet_advertisements,Internet Ads,C:\inetpub\wwwroot\up\uni\mlm\NBEM_Project\datasets\processed\internet_advertisements\internet_advertisements.csv,class,none,Hybrid NBEM,42,10,StratifiedKFold_10,10,True,False,3279,1558,2,1555,3,0,0.9785932721712538,0.9222222222222224,0.9791117742293894,0.9785932721712538,0.9778217934479928,0.9878892733564012,0.9222222222222224,0.9517017281033064,0.9760441292356186,75.3544423461426,0.612292496021837,140.59797191619873,OK
record_level_v4_reference,main,internet_advertisements,Internet Ads,C:\inetpub\wwwroot\up\uni\mlm\NBEM_Project\datasets\processed\internet_advertisements\internet_advertisements.csv,class,none,NBEM,87,1,StratifiedKFold_10,10,True,False,3279,1558,2,1555,3,0,0.9542682926829268,0.8733425840271354,0.9528917294762512,0.9542682926829268,0.9526655393266612,0.9296868068494366,0.8733425840271354,0.8986298547439991,0.956945729263028,0.3590544019825756,0.0318273338489234,74.39845180511475,OK
record_level_v4_reference,main,internet_advertisements,Internet Ads,C:\inetpub\wwwroot\up\uni\mlm\NBEM_Project\datasets\processed\internet_advertisements\internet_advertisements.csv,class,none,Hybrid NBEM,87,1,StratifiedKFold_10,10,True,False,3279,1558,2,1555,3,0,0.9603658536585366,0.9223712611779216,0.960754828832456,0.9603658536585366,0.9605437414025776,0.9148557583099872,0.9223712611779216,0.9185622338088963,0.981845513413506,64.66286664293148,0.5326867830008268,140.5536403656006,OK
record_level_v4_reference,main,internet_advertisements,Internet Ads,C:\inetpub\wwwroot\up\uni\mlm\NBEM_Project\datasets\processed\internet_advertisements\internet_advertisements.csv,class,none,NBEM,87,2,StratifiedKFold_10,10,True,False,3279,1558,2,1555,3,0,0.9786585365853658,0.9421060746222634,0.9783935874854462,0.9786585365853658,0.978355307897648,0.9679722562219502,0.9421060746222634,0.954501317797198,0.99036386062288,0.3441255539655685,0.0801892150193452,74.39891529083252,OK
record_level_v4_reference,main,internet_advertisements,Internet Ads,C:\inetpub\wwwroot\up\uni\mlm\NBEM_Project\datasets\processed\internet_advertisements\internet_advertisements.csv,class,none,Hybrid NBEM,87,2,StratifiedKFold_10,10,True,False,3279,1558,2,1555,3,0,0.9786585365853658,0.9421060746222634,0.9783935874854462,0.9786585365853658,0.978355307897648,0.9679722562219502,0.9421060746222634,0.954501317797198,0.9918285538082025,80.20741440285929,0.6640861881896853,140.56289768218994,OK
record_level_v4_reference,main,internet_advertisements,Internet Ads,C:\inetpub\wwwroot\up\uni\mlm\NBEM_Project\datasets\processed\internet_advertisements\internet_advertisements.csv,class,none,NBEM,87,3,StratifiedKFold_10,10,True,False,3279,1558,2,1555,3,0,0.9634146341463414,0.8968547641073081,0.9626143292682928,0.9634146341463414,0.9623309550108964,0.946875,0.8968547641073081,0.9197062423500612,0.9824236817761332,0.3504167809151113,0.0470325550995767,74.39886379241943,OK
record_level_v4_reference,main,internet_advertisements,Internet Ads,C:\inetpub\wwwroot\up\uni\mlm\NBEM_Project\datasets\processed\internet_advertisements\internet_advertisements.csv,class,none,Hybrid NBEM,87,3,StratifiedKFold_10,10,True,False,3279,1558,2,1555,3,0,0.975609756097561,0.931236509404872,0.9752848777239022,0.975609756097561,0.9751413135130071,0.9657009657009656,0.931236509404872,0.9475032010243278,0.985198889916744,41.82832401688211,0.8608706910163164,140.54908847808838,OK
record_level_v4_reference,main,internet_advertisements,Internet Ads,C:\inetpub\wwwroot\up\uni\mlm\NBEM_Project\datasets\processed\internet_advertisements\internet_advertisements.csv,class,none,NBEM,87,4,StratifiedKFold_10,10,True,False,3279,1558,2,1555,3,0,0.9695121951219512,0.9004008633980882,0.9696272852020716,0.9695121951219512,0.9682735963223768,0.9713248638838476,0.9004008633980882,0.9317349317349316,0.9660807893925378,0.331995464861393,0.0549123941455036,74.39870929718018,OK
record_level_v4_reference,main,internet_advertisements,Internet Ads,C:\inetpub\wwwroot\up\uni\mlm\NBEM_Project\datasets\processed\internet_advertisements\internet_advertisements.csv,class,none,Hybrid NBEM,87,4,StratifiedKFold_10,10,True,False,3279,1558,2,1555,3,0,0.972560975609756,0.9112704286154796,0.9726045257524708,0.972560975609756,0.9715993235959968,0.9733386567296602,0.9112704286154796,0.9391779128463996,0.97895467160037,62.53116993396543,0.7346852121409029,140.5517520904541,OK
record_level_v4_reference,main,internet_advertisements,Internet Ads,C:\inetpub\wwwroot\up\uni\mlm\NBEM_Project\datasets\processed\internet_advertisements\internet_advertisements.csv,class,none,NBEM,87,5,StratifiedKFold_10,10,True,False,3279,1558,2,1555,3,0,0.9603658536585366,0.8768886833179155,0.9599198771313432,0.9603658536585366,0.9585282773284428,0.9540726293303612,0.8768886833179155,0.91034294245043,0.9735584335491828,0.3609757730737328,0.0383257349021732,74.39865779876709,OK
record_level_v4_reference,main,internet_advertisements,Internet Ads,C:\inetpub\wwwroot\up\uni\mlm\NBEM_Project\datasets\processed\internet_advertisements\internet_advertisements.csv,class,none,Hybrid NBEM,87,5,StratifiedKFold_10,10,True,False,3279,1558,2,1555,3,0,0.972560975609756,0.9476564909034844,0.97284191494902,0.972560975609756,0.972684128663323,0.939691072915878,0.9476564909034844,0.9436200080215436,0.9828862164662348,58.84984096814878,0.4018367058597505,140.54774379730225,OK
record_level_v4_reference,main,internet_advertisements,Internet Ads,C:\inetpub\wwwroot\up\uni\mlm\NBEM_Project\datasets\processed\internet_advertisements\internet_advertisements.csv,class,none,NBEM,87,6,StratifiedKFold_10,10,True,False,3279,1558,2,1555,3,0,0.9573170731707316,0.8660191181005241,0.9568762297212012,0.9573170731707316,0.9550862581796548,0.9516742770167428,0.8660191181005241,0.9024390243902438,0.96881745297564,0.3998153819702565,0.0628174340818077,74.39876079559326,OK
record_level_v4_reference,main,internet_advertisements,Internet Ads,C:\inetpub\wwwroot\up\uni\mlm\NBEM_Project\datasets\processed\internet_advertisements\internet_advertisements.csv,class,none,Hybrid NBEM,87,6,StratifiedKFold_10,10,True,False,3279,1558,2,1555,3,0,0.945121951219512,0.9226025285229724,0.9505485991599576,0.945121951219512,0.9469222670643972,0.8705055420383887,0.9226025285229724,0.8938129496402878,0.9798797409805736,95.93806337192656,0.9215971720404924,140.5540065765381,OK
record_level_v4_reference,main,internet_advertisements,Internet Ads,C:\inetpub\wwwroot\up\uni\mlm\NBEM_Project\datasets\processed\internet_advertisements\internet_advertisements.csv,class,none,NBEM,87,7,StratifiedKFold_10,10,True,False,3279,1558,2,1555,3,0,0.945121951219512,0.8316373728029602,0.9437604310016692,0.945121951219512,0.941577743902439,0.9303721488595438,0.8316373728029602,0.871875,0.9653098982423682,0.2344383129384368,0.0402304450981318,74.39881229400635,OK
record_level_v4_reference,main,internet_advertisements,Internet Ads,C:\inetpub\wwwroot\up\uni\mlm\NBEM_Project\datasets\processed\internet_advertisements\internet_advertisements.csv,class,none,Hybrid NBEM,87,7,StratifiedKFold_10,10,True,False,3279,1558,2,1555,3,0,0.975609756097561,0.931236509404872,0.9752848777239022,0.975609756097561,0.9751413135130071,0.9657009657009656,0.931236509404872,0.9475032010243278,0.9839654640764725,68.06467173900455,0.7001800059806556,140.560697555542,OK
record_level_v4_reference,main,internet_advertisements,Internet Ads,C:\inetpub\wwwroot\up\uni\mlm\NBEM_Project\datasets\processed\internet_advertisements\internet_advertisements.csv,class,none,NBEM,87,8,StratifiedKFold_10,10,True,False,3279,1558,2,1555,3,0,0.9573170731707316,0.8660191181005241,0.9568762297212012,0.9573170731707316,0.9550862581796548,0.9516742770167428,0.8660191181005241,0.9024390243902438,0.9562904717853838,0.3664066968485713,0.0532413399778306,74.39870929718018,OK
record_level_v4_reference,main,internet_advertisements,Internet Ads,C:\inetpub\wwwroot\up\uni\mlm\NBEM_Project\datasets\processed\internet_advertisements\internet_advertisements.csv,class,none,Hybrid NBEM,87,8,StratifiedKFold_10,10,True,False,3279,1558,2,1555,3,0,0.9695121951219512,0.9458834412580944,0.9701872822299652,0.9695121951219512,0.9697822847085894,0.9303571428571428,0.9458834412580944,0.9379117134852728,0.9727104532839964,86.49482281017117,0.6191193819977343,140.55292797088623,OK
record_level_v4_reference,main,internet_advertisements,Internet Ads,C:\inetpub\wwwroot\up\uni\mlm\NBEM_Project\datasets\processed\internet_advertisements\internet_advertisements.csv,class,none,NBEM,87,9,StratifiedKFold_10,10,True,False,3279,1558,2,1555,3,0,0.9542682926829268,0.8733425840271354,0.9528917294762512,0.9542682926829268,0.9526655393266612,0.9296868068494366,0.8733425840271354,0.8986298547439991,0.9708603145235892,0.4690876440145075,0.0597794651985168,74.39870929718018,OK
record_level_v4_reference,main,internet_advertisements,Internet Ads,C:\inetpub\wwwroot\up\uni\mlm\NBEM_Project\datasets\processed\internet_advertisements\internet_advertisements.csv,class,none,Hybrid NBEM,87,9,StratifiedKFold_10,10,True,False,3279,1558,2,1555,3,0,0.9603658536585366,0.9314677767499228,0.9616952209680096,0.9603658536585366,0.960885682315872,0.909406773462073,0.9314677767499228,0.9199924946054976,0.9806506321307432,69.08004227187485,0.5915247851517051,140.5494146347046,OK
record_level_v4_reference,main,internet_advertisements,Internet Ads,C:\inetpub\wwwroot\up\uni\mlm\NBEM_Project\datasets\processed\internet_advertisements\internet_advertisements.csv,class,none,NBEM,87,10,StratifiedKFold_10,10,True,False,3279,1558,2,1555,3,0,0.9755351681957186,0.9111111111111112,0.9762100601075608,0.9755351681957186,0.9745128445061316,0.986206896551724,0.9111111111111112,0.944226505202115,0.975886524822695,0.3278857499826699,0.0351579091511666,74.42376518249512,OK
record_level_v4_reference,main,internet_advertisements,Internet Ads,C:\inetpub\wwwroot\up\uni\mlm\NBEM_Project\datasets\processed\internet_advertisements\internet_advertisements.csv,class,none,Hybrid NBEM,87,10,StratifiedKFold_10,10,True,False,3279,1558,2,1555,3,0,0.9724770642201837,0.9280141843971632,0.972014899634407,0.9724770642201837,0.9720753428440868,0.9537593984962408,0.9280141843971632,0.9403393541324576,0.9677698975571316,75.42601914191619,0.6437601610086858,140.61667346954346,OK
record_level_v4_reference,main,internet_advertisements,Internet Ads,C:\inetpub\wwwroot\up\uni\mlm\NBEM_Project\datasets\processed\internet_advertisements\internet_advertisements.csv,class,none,NBEM,123,1,StratifiedKFold_10,10,True,False,3279,1558,2,1555,3,0,0.9664634146341464,0.9168208448967006,0.9658372391557454,0.9664634146341464,0.96598691241059,0.9412076703386372,0.9168208448967006,0.9285020708241682,0.9648473635522664,0.2430298009421676,0.0297884959727525,74.39886379241943,OK
record_level_v4_reference,main,internet_advertisements,Internet Ads,C:\inetpub\wwwroot\up\uni\mlm\NBEM_Project\datasets\processed\internet_advertisements\internet_advertisements.csv,class,none,Hybrid NBEM,123,1,StratifiedKFold_10,10,True,False,3279,1558,2,1555,3,0,0.9634146341463414,0.9332408263953128,0.9641949767711964,0.9634146341463414,0.9637387416503072,0.918154761904762,0.9332408263953128,0.9254940561823276,0.9674683934628432,62.62194846896455,0.5565424389205873,140.54533100128174,OK
record_level_v4_reference,main,internet_advertisements,Internet Ads,C:\inetpub\wwwroot\up\uni\mlm\NBEM_Project\datasets\processed\internet_advertisements\internet_advertisements.csv,class,none,NBEM,123,2,StratifiedKFold_10,10,True,False,3279,1558,2,1555,3,0,0.9603658536585366,0.8677921677459143,0.9607811775338622,0.9603658536585366,0.9580537554167812,0.965236470014627,0.8677921677459143,0.908448738593666,0.9556737588652484,0.2993210710119456,0.0331587952096015,74.39876079559326,OK
record_level_v4_reference,main,internet_advertisements,Internet Ads,C:\inetpub\wwwroot\up\uni\mlm\NBEM_Project\datasets\processed\internet_advertisements\internet_advertisements.csv,class,none,Hybrid NBEM,123,2,StratifiedKFold_10,10,True,False,3279,1558,2,1555,3,0,0.9573170731707316,0.8660191181005241,0.9568762297212012,0.9573170731707316,0.9550862581796548,0.9516742770167428,0.8660191181005241,0.9024390243902438,0.952204748689485,56.9655947489664,0.5882377820089459,140.56573486328125,OK
record_level_v4_reference,main,internet_advertisements,Internet Ads,C:\inetpub\wwwroot\up\uni\mlm\NBEM_Project\datasets\processed\internet_advertisements\internet_advertisements.csv,class,none,NBEM,123,3,StratifiedKFold_10,10,True,False,3279,1558,2,1555,3,0,0.951219512195122,0.8715695343817453,0.949631605691057,0.951219512195122,0.9497746066811954,0.9184027777777778,0.8715695343817453,0.8929416564667483,0.9342429848905334,0.2669435520656407,0.0553070900496095,74.39845180511475,OK
record_level_v4_reference,main,internet_advertisements,Internet Ads,C:\inetpub\wwwroot\up\uni\mlm\NBEM_Project\datasets\processed\internet_advertisements\internet_advertisements.csv,class,none,Hybrid NBEM,123,3,StratifiedKFold_10,10,True,False,3279,1558,2,1555,3,0,0.972560975609756,0.9112704286154796,0.9726045257524708,0.972560975609756,0.9715993235959968,0.9733386567296602,0.9112704286154796,0.9391779128463996,0.9838112858464384,68.83676770702004,0.5977040948346257,140.54620170593262,OK
record_level_v4_reference,main,internet_advertisements,Internet Ads,C:\inetpub\wwwroot\up\uni\mlm\NBEM_Project\datasets\processed\internet_advertisements\internet_advertisements.csv,class,none,NBEM,123,4,StratifiedKFold_10,10,True,False,3279,1558,2,1555,3,0,0.9786585365853658,0.9239130434782608,0.9791754578445436,0.9786585365853658,0.9779105850191084,0.9878892733564012,0.9239130434782608,0.9526939322138664,0.9793401171754548,0.2858842951245606,0.058499690843746,74.39886379241943,OK
record_level_v4_reference,main,internet_advertisements,Internet Ads,C:\inetpub\wwwroot\up\uni\mlm\NBEM_Project\datasets\processed\internet_advertisements\internet_advertisements.csv,class,none,Hybrid NBEM,123,4,StratifiedKFold_10,10,True,False,3279,1558,2,1555,3,0,0.9908536585365854,0.9673913043478262,0.9909499358151476,0.9908536585365854,0.9907237033847064,0.9947368421052633,0.9673913043478262,0.9805005647702276,0.9850447116867098,75.94962747301906,0.7329705879092216,140.55161952972412,OK
record_level_v4_reference,main,internet_advertisements,Internet Ads,C:\inetpub\wwwroot\up\uni\mlm\NBEM_Project\datasets\processed\internet_advertisements\internet_advertisements.csv,class,none,NBEM,123,5,StratifiedKFold_10,10,True,False,3279,1558,2,1555,3,0,0.975609756097561,0.931236509404872,0.9752848777239022,0.975609756097561,0.9751413135130071,0.9657009657009656,0.931236509404872,0.9475032010243278,0.9894387912426764,0.3300941719207912,0.0327700790949165,74.39891529083252,OK
record_level_v4_reference,main,internet_advertisements,Internet Ads,C:\inetpub\wwwroot\up\uni\mlm\NBEM_Project\datasets\processed\internet_advertisements\internet_advertisements.csv,class,none,Hybrid NBEM,123,5,StratifiedKFold_10,10,True,False,3279,1558,2,1555,3,0,0.9847560975609756,0.9729417206290472,0.9849290010655845,0.9847560975609756,0.9848245159240682,0.9645263875217688,0.9729417206290472,0.9686777822341908,0.9891304347826088,65.66656585596502,0.741617179941386,140.55045890808103,OK
record_level_v4_reference,main,internet_advertisements,Internet Ads,C:\inetpub\wwwroot\up\uni\mlm\NBEM_Project\datasets\processed\internet_advertisements\internet_advertisements.csv,class,none,NBEM,123,6,StratifiedKFold_10,10,True,False,3279,1558,2,1555,3,0,0.9786585365853658,0.9239130434782608,0.9791754578445436,0.9786585365853658,0.9779105850191084,0.9878892733564012,0.9239130434782608,0.9526939322138664,0.980804810360777,0.3260352888610214,0.0506647059228271,74.39886379241943,OK
record_level_v4_reference,main,internet_advertisements,Internet Ads,C:\inetpub\wwwroot\up\uni\mlm\NBEM_Project\datasets\processed\internet_advertisements\internet_advertisements.csv,class,none,Hybrid NBEM,123,6,StratifiedKFold_10,10,True,False,3279,1558,2,1555,3,0,0.9786585365853658,0.933009559050262,0.9786054219427212,0.9786585365853658,0.9781390435563648,0.9773519163763066,0.933009559050262,0.95361897258752,0.9886679000925068,78.10255322605371,0.5394948730245233,140.55198764801025,OK
record_level_v4_reference,main,internet_advertisements,Internet Ads,C:\inetpub\wwwroot\up\uni\mlm\NBEM_Project\datasets\processed\internet_advertisements\internet_advertisements.csv,class,none,NBEM,123,7,StratifiedKFold_10,10,True,False,3279,1558,2,1555,3,0,0.951219512195122,0.8533765032377428,0.9500361955674352,0.951219512195122,0.948670009348177,0.9360730593607306,0.8533765032377428,0.8885017421602788,0.9754856614246068,0.3494898409117013,0.0547112009953707,74.39870929718018,OK
record_level_v4_reference,main,internet_advertisements,Internet Ads,C:\inetpub\wwwroot\up\uni\mlm\NBEM_Project\datasets\processed\internet_advertisements\internet_advertisements.csv,class,none,Hybrid NBEM,123,7,StratifiedKFold_10,10,True,False,3279,1558,2,1555,3,0,0.948170731707317,0.90618254702436,0.9498078539047408,0.948170731707317,0.9488505076438324,0.8854143808060859,0.90618254702436,0.8953748006379585,0.973250077089115,63.97368090599775,0.8907753741368651,140.55005168914795,OK
record_level_v4_reference,main,internet_advertisements,Internet Ads,C:\inetpub\wwwroot\up\uni\mlm\NBEM_Project\datasets\processed\internet_advertisements\internet_advertisements.csv,class,none,NBEM,123,8,StratifiedKFold_10,10,True,False,3279,1558,2,1555,3,0,0.945121951219512,0.8316373728029602,0.9437604310016692,0.945121951219512,0.941577743902439,0.9303721488595438,0.8316373728029602,0.871875,0.9614939870490288,0.4729137239046395,0.0476715881377458,74.39870929718018,OK
record_level_v4_reference,main,internet_advertisements,Internet Ads,C:\inetpub\wwwroot\up\uni\mlm\NBEM_Project\datasets\processed\internet_advertisements\internet_advertisements.csv,class,none,Hybrid NBEM,123,8,StratifiedKFold_10,10,True,False,3279,1558,2,1555,3,0,0.9420731707317072,0.8480573543015726,0.939749865292105,0.9420731707317072,0.940043016480438,0.9005855735959543,0.8480573543015726,0.8715978160090656,0.9660807893925378,56.78392960806377,0.6284989819396287,140.5488624572754,OK
record_level_v4_reference,main,internet_advertisements,Internet Ads,C:\inetpub\wwwroot\up\uni\mlm\NBEM_Project\datasets\processed\internet_advertisements\internet_advertisements.csv,class,none,NBEM,123,9,StratifiedKFold_10,10,True,False,3279,1558,2,1555,3,0,0.9573170731707316,0.8660191181005241,0.9568762297212012,0.9573170731707316,0.9550862581796548,0.9516742770167428,0.8660191181005241,0.9024390243902438,0.9688559975331484,0.354701632168144,0.0326675600372254,74.39870929718018,OK
record_level_v4_reference,main,internet_advertisements,Internet Ads,C:\inetpub\wwwroot\up\uni\mlm\NBEM_Project\datasets\processed\internet_advertisements\internet_advertisements.csv,class,none,Hybrid NBEM,123,9,StratifiedKFold_10,10,True,False,3279,1558,2,1555,3,0,0.9847560975609756,0.9547486894850448,0.9846717616502972,0.9847560975609756,0.9845395056411772,0.9813545491636066,0.9547486894850448,0.9675009412837128,0.9878199198273204,69.28564935713075,0.6180621588137001,140.5536527633667,OK
record_level_v4_reference,main,internet_advertisements,Internet Ads,C:\inetpub\wwwroot\up\uni\mlm\NBEM_Project\datasets\processed\internet_advertisements\internet_advertisements.csv,class,none,NBEM,123,10,StratifiedKFold_10,10,True,False,3279,1558,2,1555,3,0,0.9571865443425076,0.8537825059101656,0.9576971739488122,0.9571865443425076,0.9543391750960556,0.9627396413110698,0.8537825059101656,0.8981036324786325,0.9759653270291568,0.4110783338546753,0.0483110479544848,74.42391967773438,OK
record_level_v4_reference,main,internet_advertisements,Internet Ads,C:\inetpub\wwwroot\up\uni\mlm\NBEM_Project\datasets\processed\internet_advertisements\internet_advertisements.csv,class,none,Hybrid NBEM,123,10,StratifiedKFold_10,10,True,False,3279,1558,2,1555,3,0,0.9602446483180428,0.8835697399527187,0.9592953607153658,0.9602446483180428,0.9588119021177012,0.94322527772719,0.8835697399527187,0.910303209334712,0.9679275019700552,63.28516581119038,0.719292466994375,140.5949192047119,OK
