dataset,display_name,model,report_model,n_seeds,accuracy_mean,accuracy_sd_across_seeds,accuracy_ci95_seed_lo,accuracy_ci95_seed_hi,balanced_accuracy_mean,balanced_accuracy_sd_across_seeds,balanced_accuracy_ci95_seed_lo,balanced_accuracy_ci95_seed_hi,precision_weighted_mean,precision_weighted_sd_across_seeds,precision_weighted_ci95_seed_lo,precision_weighted_ci95_seed_hi,recall_weighted_mean,recall_weighted_sd_across_seeds,recall_weighted_ci95_seed_lo,recall_weighted_ci95_seed_hi,f1_weighted_mean,f1_weighted_sd_across_seeds,f1_weighted_ci95_seed_lo,f1_weighted_ci95_seed_hi,precision_macro_mean,precision_macro_sd_across_seeds,precision_macro_ci95_seed_lo,precision_macro_ci95_seed_hi,recall_macro_mean,recall_macro_sd_across_seeds,recall_macro_ci95_seed_lo,recall_macro_ci95_seed_hi,f1_macro_mean,f1_macro_sd_across_seeds,f1_macro_ci95_seed_lo,f1_macro_ci95_seed_hi,roc_auc_weighted_mean,roc_auc_weighted_sd_across_seeds,roc_auc_weighted_ci95_seed_lo,roc_auc_weighted_ci95_seed_hi
abalone,Abalone,Hybrid NBEM,Hybrid NBEM,20,0.2768836127270432,0.004933511606782535,0.27457465822082916,0.27919256723325725,0.15155147494846172,0.004066622233304514,0.1496482371578077,0.15345471273911573,0.24053520044148083,0.007408384607353721,0.23706796971693977,0.24400243116602188,0.2768836127270432,0.004933511606782535,0.27457465822082916,0.27919256723325725,0.25034338962705605,0.006007840038790063,0.24753163393743594,0.25315514531667616,0.14395049018051115,0.005919278076359679,0.14118018276516928,0.14672079759585302,0.15147453511904158,0.004038376775943156,0.1495845166093486,0.15336455362873455,0.14012985169845937,0.003954808915678094,0.1382789441512841,0.14198075924563464,0.7752532946612333,0.003983799273596832,0.7733888192089048,0.7771177701135618
abalone,Abalone,Logistic Regression,Logistic Regression,20,0.2701104092802312,0.00249416412015146,0.2689431045400247,0.27127771402043777,0.14694061656883312,0.003097461338301376,0.14549096003917938,0.14839027309848685,0.23754166052632103,0.004033651469694152,0.2356538535280273,0.23942946752461475,0.2701104092802312,0.00249416412015146,0.2689431045400247,0.27127771402043777,0.24475316220526352,0.0023942429574223107,0.24363262200872046,0.2458737024018066,0.1447680259842859,0.005327783452073812,0.14227454657442976,0.14726150539414204,0.14579672265839055,0.003360584380920816,0.14422392075412988,0.14736952456265123,0.13777077048024458,0.003100357618322598,0.1363197584498159,0.13922178251067327,0.7744981060434178,0.0005335003972943359,0.7742484201716533,0.7747477919151824
abalone,Abalone,NBEM,NBEM-prop (implementation-level NBEM comparator),20,0.24119029178571014,0.0013953023925422786,0.24053727016468818,0.2418433134067321,0.17313472712054567,0.005465444250030361,0.1705768204740466,0.17569263376704475,0.19858352021449285,0.0045428871234297966,0.1964573835939882,0.2007096568349975,0.24119029178571014,0.0013953023925422786,0.24053727016468818,0.2418433134067321,0.20942003285512217,0.001469438435519414,0.20873231449795196,0.2101077512122924,0.10924805245996824,0.004107181521818678,0.10732583233797545,0.11117027258196104,0.16077504040608517,0.0058821234841016385,0.15802212187518475,0.1635279589369856,0.12100077381461564,0.002700861925160572,0.11973673152388949,0.1222648161053418,0.7118863192882058,0.0005345015524292607,0.7116361648614151,0.7121364737149964
bank_marketing,Bank,Hybrid NBEM,Hybrid NBEM,20,0.8914600274154296,0.00036106676738897355,0.8912910429666121,0.8916290118642471,0.5938625317754502,0.003001149343366133,0.5924579506469372,0.5952671129039633,0.8686795242568808,0.0006663871519516363,0.8683676454695143,0.8689914030442473,0.8914600274154296,0.00036106676738897355,0.8912910429666121,0.8916290118642471,0.866850730007911,0.0008409689649687243,0.8664571444169537,0.8672443155988684,0.7556055382913368,0.003060239975283626,0.754173301895802,0.7570377746868716,0.5938625317754502,0.003001149343366133,0.5924579506469372,0.5952671129039633,0.6236900303442308,0.003600551575513145,0.6220049203358327,0.6253751403526289,0.7743017499182565,0.0011445217894311241,0.7737660972323412,0.7748374026041718
bank_marketing,Bank,Logistic Regression,Logistic Regression,20,0.8924133440964136,0.00011067716396693364,0.8923615455892153,0.8924651426036119,0.5832529554807306,0.0003764407265938988,0.5830767757975215,0.5834291351639398,0.8708385479704617,0.0002883238319779537,0.8707036082633818,0.8709734876775416,0.8924133440964136,0.00011067716396693364,0.8923615455892153,0.8924651426036119,0.8645195249890898,0.0001651953373020758,0.864442211191359,0.8645968387868206,0.7727505474123487,0.0011039207043978272,0.7722338966191453,0.7732671982055521,0.5832529554807306,0.0003764407265938988,0.5830767757975215,0.5834291351639398,0.6113127236200988,0.0005538948045049992,0.6110534928719493,0.6115719543682483,0.7657011422976702,0.00024058345250698782,0.7655885457759507,0.7658137388193896
bank_marketing,Bank,NBEM,NBEM-prop (implementation-level NBEM comparator),20,0.8850346332085728,0.0001335092802515577,0.8849721489420243,0.8850971174751213,0.5470329885635342,0.0003053287940879858,0.5468900902892062,0.5471758868378622,0.8523717165625241,0.0003004393722132813,0.8522311066080726,0.8525123265169756,0.8850346332085728,0.0001335092802515577,0.8849721489420243,0.8850971174751213,0.8491407895354989,0.00015429962216353087,0.8490685750894212,0.8492130039815765,0.7194817347156378,0.0011443196578051222,0.7189461766302355,0.7200172928010401,0.5470329885635342,0.0003053287940879858,0.5468900902892062,0.5471758868378622,0.5575568904653194,0.0004738921878546861,0.5573351020943136,0.5577786788363253,0.7325281178085251,0.00015508550203734888,0.7324555355593447,0.7326007000577055
car_evaluation,Car Evaluation,Hybrid NBEM,Hybrid NBEM,20,0.942343560962495,0.01261571419500157,0.9364392249719582,0.9482478969530319,0.8525190708414394,0.03560015673523632,0.835857684618542,0.8691804570643368,0.944758474759368,0.012165296144454866,0.9390649409053986,0.9504520086133375,0.942343560962495,0.01261571419500157,0.9364392249719582,0.9482478969530319,0.9413073681879347,0.013175537216205022,0.935141026958429,0.9474737094174404,0.9007551718961488,0.023061902919310824,0.889961869090454,0.9115484747018436,0.8525190708414394,0.03560015673523632,0.835857684618542,0.8691804570643368,0.8659623821932569,0.03280358184475894,0.8506098333077352,0.8813149310787787,0.9925929773979171,0.0025442290408186656,0.991402241553582,0.9937837132422521
car_evaluation,Car Evaluation,Logistic Regression,Logistic Regression,20,0.9106820473181878,0.0025648481669041166,0.909481661425797,0.9118824332105786,0.7624347462744592,0.00601429960752492,0.7596199674136119,0.7652495251353064,0.9110589407308363,0.0028907309233921438,0.9097060370136052,0.9124118444480673,0.9106820473181878,0.0025648481669041166,0.909481661425797,0.9118824332105786,0.9065781285176205,0.002609726028776759,0.905356739139344,0.9077995178958971,0.817411720470027,0.013537000506214137,0.8110762092134052,0.8237472317266488,0.7624347462744592,0.00601429960752492,0.7596199674136119,0.7652495251353064,0.7686560865334001,0.006850030846049083,0.7654501734130283,0.7718619996537719,0.9880769619046669,0.0002676898009180506,0.9879516792213855,0.9882022445879483
car_evaluation,Car Evaluation,NBEM,NBEM-prop (implementation-level NBEM comparator),20,0.8508431912891519,0.0032834006408005495,0.8493065124872089,0.8523798700910948,0.5620099209004712,0.008234690813538474,0.5581559669673215,0.5658638748336209,0.8460089407372562,0.00473271009264233,0.8437939642324906,0.8482239172420217,0.8508431912891519,0.0032834006408005495,0.8493065124872089,0.8523798700910948,0.8388864408384619,0.0035585301389507024,0.8372209974677535,0.8405518842091703,0.7646646305777198,0.021092536451016244,0.7547930196507071,0.7745362415047325,0.5620099209004712,0.008234690813538474,0.5581559669673215,0.5658638748336209,0.6065254822644159,0.010332882767728794,0.6016895442692708,0.6113614202595611,0.974488141319306,0.0008475345103909637,0.9740914829585049,0.974884799680107
cardiotocography,Fetal Health,Hybrid NBEM,Hybrid NBEM,20,0.9225075294534502,0.005890233914548514,0.9197508151242583,0.925264243782642,0.8378755365675621,0.012992622540368651,0.8317948020414935,0.8439562710936307,0.9223406431581385,0.0059247971078740256,0.9195677527565385,0.9251135335597385,0.9225075294534502,0.005890233914548514,0.9197508151242583,0.925264243782642,0.9213716190010945,0.006024220439863894,0.918552197047789,0.9241910409544001,0.8711781785517513,0.011219615729744694,0.8659272367557354,0.8764291203477672,0.8378755365675621,0.012992622540368651,0.8317948020414935,0.8439562710936307,0.8514244112746635,0.01214622191875123,0.8457398044331147,0.8571090181162123,0.9777725918525715,0.0023042082106608333,0.9766941892145912,0.9788509944905518
cardiotocography,Fetal Health,Logistic Regression,Logistic Regression,20,0.893295686066082,0.0016020692283377428,0.892545894587138,0.8940454775450261,0.7809250666278941,0.0037616711926804587,0.7791645503175049,0.7826855829382833,0.8924771612195842,0.0016937757257282531,0.8916844497786991,0.8932698726604693,0.893295686066082,0.0016020692283377428,0.892545894587138,0.8940454775450261,0.8918481613676406,0.0016669021351444011,0.8910680271543009,0.8926282955809802,0.8101651514136228,0.004217501993078695,0.8081912997217573,0.8121390031054883,0.7809250666278941,0.0037616711926804587,0.7791645503175049,0.7826855829382833,0.7924721962133975,0.0036784605911199114,0.7907506236633055,0.7941937687634895,0.9695287208167699,0.0004844862501929171,0.9693019742719673,0.9697554673615725
cardiotocography,Fetal Health,NBEM,NBEM-prop (implementation-level NBEM comparator),20,0.8141153999468509,0.0015147699108298282,0.8134064658061712,0.8148243340875306,0.7703690244000979,0.0020586925828385712,0.7694055266129396,0.7713325221872562,0.8729721213331265,0.0009763901662794534,0.872515156669021,0.873429085997232,0.8141153999468509,0.0015147699108298282,0.8134064658061712,0.8148243340875306,0.8310397955708684,0.001308805321948539,0.8304272558249974,0.8316523353167393,0.6721540788135909,0.002528355949219712,0.6709707718047986,0.6733373858223832,0.7703690244000979,0.0020586925828385712,0.7694055266129396,0.7713325221872562,0.7000824474793135,0.0023391487089107054,0.6989876921847847,0.7011772027738422,0.9335403823640283,0.0006826082197761281,0.9332209118832324,0.9338598528448241
chronic_kidney_disease,Kidney Disease,Hybrid NBEM,Hybrid NBEM,20,0.983125,0.0029103942579729643,0.9817628935589069,0.9844871064410932,0.9820333333333332,0.003008564772163655,0.9806252816773132,0.9834413849893532,0.9838370331108104,0.002739325336504523,0.9825549893894552,0.9851190768321656,0.983125,0.0029103942579729643,0.9817628935589069,0.9844871064410932,0.9831078138191935,0.002897061676003962,0.9817519472185366,0.9844636804198504,0.9827700843641061,0.00324102657351828,0.9812532372361098,0.9842869314921023,0.9820333333333332,0.003008564772163655,0.9806252816773132,0.9834413849893532,0.981980311254518,0.0030711364458063345,0.9805429751537994,0.9834176473552366,0.9989333333333335,0.0007186732415153604,0.9985969839027957,0.9992696827638712
chronic_kidney_disease,Kidney Disease,Logistic Regression,Logistic Regression,20,0.989625,0.0021877349497885557,0.9886011085260706,0.9906488914739293,0.9881666666666667,0.002436323565255664,0.9870264321394268,0.9893069011939067,0.990162713188908,0.002011957345525183,0.9892210881660999,0.9911043382117162,0.989625,0.0021877349497885557,0.9886011085260706,0.9906488914739293,0.9895835208587247,0.002203136085254606,0.988552421431522,0.9906146202859274,0.9902563960413225,0.002133496289613843,0.9892578890417398,0.9912549030409052,0.9881666666666667,0.002436323565255664,0.9870264321394268,0.9893069011939067,0.9888579296078618,0.0023582765957721,0.9877542221867175,0.9899616370290061,0.9997733333333333,0.00027733063426486237,0.9996435386011557,0.9999031280655108
chronic_kidney_disease,Kidney Disease,NBEM,NBEM-prop (implementation-level NBEM comparator),20,0.9265000000000001,0.002206449875395192,0.9254673496712718,0.9275326503287284,0.9412,0.0017651599003161492,0.9403738797370174,0.9420261202629827,0.9408568023501266,0.0019544768667356725,0.9399420790194798,0.9417715256807734,0.9265000000000001,0.002206449875395192,0.9254673496712718,0.9275326503287284,0.9274935096121973,0.0021747164756738525,0.9264757109717032,0.9285113082526915,0.9211424031335023,0.0026059691556475618,0.9199227720259733,0.9223620342410312,0.9412,0.0017651599003161492,0.9403738797370174,0.9420261202629827,0.9245434843302277,0.0022323921864197947,0.923498692626204,0.9255882760342514,0.9986533333333331,0.0006146743539497318,0.9983656568804278,0.9989410097862383
cirrhosis_patient_survival_prediction_dataset_1,Cirrhosis Survival,Hybrid NBEM,Hybrid NBEM,20,0.7609175377468059,0.009689465623865018,0.7563827282443266,0.7654523472492852,0.5326434178743961,0.012388579150711336,0.5268453843567898,0.5384414513920023,0.7215164667680901,0.010781002776881104,0.7164708021528567,0.7265621313833235,0.7609175377468059,0.009689465623865018,0.7563827282443266,0.7654523472492852,0.7352050194220224,0.010126398350984167,0.730465719108615,0.7399443197354298,0.5207806137620145,0.019927298964971363,0.5114543507653713,0.5301068767586576,0.5326434178743961,0.012388579150711336,0.5268453843567898,0.5384414513920023,0.521290835737201,0.014644985923281444,0.5144367713432886,0.5281449001311135,0.8510842502532648,0.006575205316541885,0.8480069594399544,0.8541615410665753
cirrhosis_patient_survival_prediction_dataset_1,Cirrhosis Survival,Logistic Regression,Logistic Regression,20,0.7536498257839721,0.004257462954358171,0.7516572717865334,0.7556423797814108,0.5450654482807615,0.012562402822917514,0.5391860627803859,0.5509448337811371,0.7299598249139831,0.005491133160937584,0.7273898954870942,0.7325297543408721,0.7536498257839721,0.004257462954358171,0.7516572717865334,0.7556423797814108,0.7355325151640526,0.00493543468728035,0.7332226606284609,0.7378423696996443,0.5495672122819962,0.017931869490413883,0.5411748390264409,0.5579595855375515,0.5450654482807615,0.012562402822917514,0.5391860627803859,0.5509448337811371,0.540052161657316,0.01310282965023552,0.5339198486161398,0.5461844746984921,0.8376089591878906,0.004998431535871408,0.8352696212195991,0.839948297156182
cirrhosis_patient_survival_prediction_dataset_1,Cirrhosis Survival,NBEM,NBEM-prop (implementation-level NBEM comparator),20,0.7056329849012777,0.005370392707862115,0.7031195637458658,0.7081464060566895,0.49477470517192385,0.01399877353557293,0.48822307748506594,0.5013263328587817,0.697626280138048,0.008282586319208252,0.6937499104182421,0.7015026498578538,0.7056329849012777,0.005370392707862115,0.7031195637458658,0.7081464060566895,0.6838351575214026,0.006181722894279504,0.680942022150384,0.6867282928924211,0.5216497287475627,0.022652971333346164,0.5110478118153394,0.5322516456797859,0.49477470517192385,0.01399877353557293,0.48822307748506594,0.5013263328587817,0.49288572360201954,0.016335309906389515,0.48524056323249537,0.5005308839715437,0.816716563257738,0.0035249395807400207,0.8150668407521919,0.8183662857632841
credit_approval,Credit Approval,Hybrid NBEM,Hybrid NBEM,20,0.8606521739130434,0.007073060834359042,0.8573418795450789,0.8639624682810079,0.8583462844456052,0.007424132007498858,0.8548716837109326,0.8618208851802779,0.8637511179602779,0.007465027560866866,0.8602573775174706,0.8672448584030853,0.8606521739130434,0.007073060834359042,0.8573418795450789,0.8639624682810079,0.860210086154965,0.0071502007864069446,0.8568636891781316,0.8635564831317983,0.8625056290003643,0.007377681139966225,0.8590527679408877,0.8659584900598409,0.8583462844456052,0.007424132007498858,0.8548716837109326,0.8618208851802779,0.8583824333280147,0.007285953748919982,0.854972502009011,0.8617923646470184,0.9252661181489705,0.002653100228270499,0.924024429020464,0.9265078072774771
credit_approval,Credit Approval,Logistic Regression,Logistic Regression,20,0.8597826086956524,0.002526679187650958,0.8586000864354304,0.8609651309558743,0.8608943776936137,0.002591849132757457,0.8596813549602162,0.8621074004270111,0.8642372020788722,0.0031726564972506706,0.8627523531315372,0.8657220510262073,0.8597826086956524,0.002526679187650958,0.8586000864354304,0.8609651309558743,0.859807354032377,0.0024789908145016713,0.8586471506178075,0.8609675574469464,0.8605420832357076,0.0031234580015760288,0.8590802598931224,0.8620039065782927,0.8608943776936137,0.002591849132757457,0.8596813549602162,0.8621074004270111,0.8584923827766102,0.002468444207840467,0.8573371153258971,0.8596476502273234,0.92804359845022,0.002742362495155419,0.9267601332948616,0.9293270636055784
credit_approval,Credit Approval,NBEM,NBEM-prop (implementation-level NBEM comparator),20,0.7777536231884058,0.003558538391084976,0.7760881759555797,0.7794190704212319,0.7579019198119369,0.0037199465657138334,0.7561609312280706,0.7596429083958032,0.8028429853603584,0.005300008325148934,0.8003625051100433,0.8053234656106735,0.7777536231884058,0.003558538391084976,0.7760881759555797,0.7794190704212319,0.7670080739175121,0.003882734113792595,0.7651908984159591,0.7688252494190652,0.8109909385243996,0.005627965561885985,0.8083569695626018,0.8136249074861974,0.7579019198119369,0.0037199465657138334,0.7561609312280706,0.7596429083958032,0.7598574248459289,0.004062796587489357,0.7579559775126302,0.7617588721792276,0.9020821869603705,0.002134818275058227,0.9010830612525547,0.9030813126681863
diabetes_130_us_hospitals_for_years_1999_2008,Diabetes,Hybrid NBEM,Hybrid NBEM,20,0.5814088587844477,0.0011849740342070767,0.5808542738652053,0.5819634437036901,0.41204021656339884,0.0018388616940135983,0.41117960279918675,0.41290083032761093,0.5491948618768218,0.0016236349422501146,0.548434977333082,0.5499547464205615,0.5814088587844477,0.0011849740342070767,0.5808542738652053,0.5819634437036901,0.536234047951414,0.002168883749849776,0.5352189791106343,0.5372491167921938,0.5032721196166772,0.0031939659073621633,0.5017772975584176,0.5047669416749367,0.41204021656339884,0.0018388616940135983,0.41117960279918675,0.41290083032761093,0.3976469559838904,0.0024513594736747064,0.3964996844348967,0.39879422753288407,0.6635344676663648,0.0029268234993096486,0.6621646721036396,0.66490426322909
diabetes_130_us_hospitals_for_years_1999_2008,Diabetes,Logistic Regression,Logistic Regression,20,0.5760591053106165,0.00030938682319602045,0.5759143078202044,0.5762039028010287,0.40231365124141105,0.0003396845875024867,0.4021546739608211,0.402472628522001,0.5391140191128042,0.001088135501489672,0.5386047560219701,0.5396232822036383,0.5760591053106165,0.00030938682319602045,0.5759143078202044,0.5762039028010287,0.5249212865486462,0.0003546283505971763,0.5247553153716418,0.5250872577256507,0.48761623897453843,0.002957925284765413,0.4862318873281545,0.4890005906209224,0.40231365124141105,0.0003396845875024867,0.4021546739608211,0.402472628522001,0.3840281943922056,0.0005053202242022165,0.3837916972474236,0.38426469153698756,0.6557035646747809,0.0001742398583921575,0.6556220179108808,0.6557851114386809
diabetes_130_us_hospitals_for_years_1999_2008,Diabetes,NBEM,NBEM-prop (implementation-level NBEM comparator),20,0.5645210578960025,0.0002678792137621344,0.5643956865647813,0.5646464292272236,0.37583616130320346,0.00024989092158181407,0.37571920875186965,0.3759531138545373,0.5334214106995159,0.001108389556526741,0.532902668419136,0.5339401529798957,0.5645210578960025,0.0002678792137621344,0.5643956865647813,0.5646464292272236,0.47917752914100553,0.00035255999612569024,0.4790125259836914,0.4793425322983197,0.49854372218882786,0.0029701314760251273,0.4971536578690869,0.49993378650856884,0.37583616130320346,0.00024989092158181407,0.37571920875186965,0.3759531138545373,0.3383150141811562,0.0004038390277782443,0.3381260116982814,0.33850401666403107,0.6446326228674617,0.00014604574890954975,0.6445642713529757,0.6447009743819477
dry_bean_dataset,Dry Beans,Hybrid NBEM,Hybrid NBEM,20,0.9300013729431477,0.0008078945481180115,0.9296232666557603,0.930379479230535,0.9400758154937824,0.0007578696619220398,0.9397211215738143,0.9404305094137505,0.9303776143751937,0.0007911338252212538,0.9300073523475841,0.9307478764028033,0.9300013729431477,0.0008078945481180115,0.9296232666557603,0.930379479230535,0.929984784092035,0.0007955784040098395,0.9296124419375218,0.9303571262465482,0.942786725774108,0.000828652736968769,0.9423989043552874,0.9431745471929287,0.9400758154937824,0.0007578696619220398,0.9397211215738143,0.9404305094137505,0.9412418960249587,0.0007730148956175718,0.9408801139174324,0.9416036781324849,0.9933959381729073,6.677129572332819e-05,0.9933646882445735,0.9934271881012411
dry_bean_dataset,Dry Beans,Logistic Regression,Logistic Regression,20,0.9241127847171196,0.0002683215586127793,0.9239872063621357,0.9242383630721034,0.9348868474242253,0.00024603537095993803,0.9347716993261272,0.9350019955223234,0.9247352027030618,0.0002545977621112971,0.9246160472825514,0.9248543581235721,0.9241127847171196,0.0002683215586127793,0.9239872063621357,0.9242383630721034,0.9242298211504659,0.000267876433825196,0.9241044511202954,0.9243551911806365,0.9372913555397746,0.00022561278335003694,0.9371857655068943,0.937396945572655,0.9348868474242253,0.00024603537095993803,0.9347716993261272,0.9350019955223234,0.9358912754083931,0.00023301327685886893,0.935782221837936,0.9360003289788502,0.9934693699142022,2.0862529246549185e-05,0.9934596059499604,0.993479133878444
dry_bean_dataset,Dry Beans,NBEM,NBEM-prop (implementation-level NBEM comparator),20,0.8970391145838391,0.00034382700245840723,0.8968781985933724,0.8972000305743059,0.9075290657743842,0.00036557870571003276,0.9073579696734315,0.9077001618753369,0.898592915711875,0.00034274970361575685,0.8984325039127867,0.8987533275109634,0.8970391145838391,0.00034382700245840723,0.8968781985933724,0.8972000305743059,0.8971326913649526,0.0003448640492262896,0.8969712900216583,0.8972940927082468,0.9065912662119319,0.00040622505046305026,0.9064011470360666,0.9067813853877972,0.9075290657743842,0.00036557870571003276,0.9073579696734315,0.9077001618753369,0.9064558038693373,0.000382430687884426,0.9062768207979504,0.9066347869407243,0.9901316810867167,2.3077332237571567e-05,0.9901208805627677,0.9901424816106656
ecoli,E. coli,Hybrid NBEM,Hybrid NBEM,20,0.8379464285714286,0.014531453420116483,0.8311454990245942,0.8447473581182631,0.5103326087157554,0.028655675533145047,0.496921339740549,0.5237438776909618,0.8172666680907638,0.016868150536791728,0.8093721306298856,0.825161205551642,0.8379464285714286,0.014531453420116483,0.8311454990245942,0.8447473581182631,0.8221503530654181,0.01756878995929489,0.8139279062611026,0.8303727998697336,0.527738708057824,0.041134592387601046,0.5084871262182159,0.546990289897432,0.5103326087157554,0.028655675533145047,0.496921339740549,0.5237438776909618,0.5118082525484609,0.033028070247851676,0.49635063985621747,0.5272658652407042,0.9655653892761664,0.0028257758599097666,0.9642428854644151,0.9668878930879178
ecoli,E. coli,Logistic Regression,Logistic Regression,20,0.8712797619047621,0.008299418545410747,0.8673955144606013,0.8751640093489229,0.6273550856853167,0.01630279684379248,0.6197251418974848,0.6349850294731486,0.8622599565525835,0.00849997926680967,0.858281843801446,0.8662380693037209,0.8712797619047621,0.008299418545410747,0.8673955144606013,0.8751640093489229,0.8644122551341373,0.008452047578755914,0.860456575103533,0.8683679351647416,0.6442281772462164,0.015591276871124453,0.6369312350560487,0.6515251194363841,0.6273550856853167,0.01630279684379248,0.6197251418974848,0.6349850294731486,0.6309853365141801,0.014865491476538288,0.6240280723446479,0.6379426006837123,0.9713089077218975,0.001738678285016034,0.9704951812363806,0.9721226342074144
ecoli,E. coli,NBEM,NBEM-prop (implementation-level NBEM comparator),20,0.846577380952381,0.015403573367978167,0.8393682867058212,0.8537864751989408,0.5499359992863828,0.03804397467619872,0.5321308710604477,0.567741127512318,0.8363937356320976,0.017671239798553697,0.8281233408270736,0.8446641304371216,0.846577380952381,0.015403573367978167,0.8393682867058212,0.8537864751989408,0.8383005138335256,0.01649592310456202,0.8305801841733955,0.8460208434936556,0.548094465928419,0.04246905028907183,0.5282183385661618,0.5679705932906762,0.5499359992863828,0.03804397467619872,0.5321308710604477,0.567741127512318,0.5427568930452387,0.03651087024560987,0.5256692797793652,0.5598445063111122,0.9683425064747395,0.0023111661979962166,0.9672608473984465,0.9694241655510325
glass_identification,Glass Identification,Hybrid NBEM,Hybrid NBEM,20,0.6911231884057972,0.02722597054606701,0.6783810419614738,0.7038653348501207,0.5812426513815402,0.023865360540564953,0.5700733188341506,0.5924119839289298,0.6340592109123208,0.02433522589598568,0.6226699746095166,0.645448447215125,0.6911231884057972,0.02722597054606701,0.6783810419614738,0.7038653348501207,0.6509620106480103,0.02639426596558881,0.638609113929236,0.6633149073667846,0.5375926285648508,0.03116325573706325,0.5230077759289573,0.5521774812007443,0.5812426513815402,0.023865360540564953,0.5700733188341506,0.5924119839289298,0.5461436648990399,0.02747663332204516,0.5332842046644054,0.5590031251336743,0.878563482696182,0.010694808540906887,0.8735581582251349,0.8835688071672291
glass_identification,Glass Identification,Logistic Regression,Logistic Regression,20,0.6406199677938809,0.009377890403805274,0.636230979983073,0.6450089556046887,0.5549511316872429,0.013363890267271406,0.548696638516345,0.5612056248581407,0.5967629679915218,0.009501751453158378,0.5923160114252224,0.6012099245578213,0.6406199677938809,0.009377890403805274,0.636230979983073,0.6450089556046887,0.6070092523547075,0.009132116495923548,0.6027352902735104,0.6112832144359046,0.5285714547193304,0.015885021790660234,0.5211370356750072,0.5360058737636536,0.5549511316872429,0.013363890267271406,0.548696638516345,0.5612056248581407,0.5296355251460806,0.013380407829779624,0.52337330151797,0.5358977487741912,0.8236142317324383,0.004530930092093577,0.821493691174857,0.8257347722900196
glass_identification,Glass Identification,NBEM,NBEM-prop (implementation-level NBEM comparator),20,0.4590479066022545,0.012706522104653189,0.4531010712017838,0.46499474200272517,0.514241622574956,0.022006629138965925,0.5039422031011798,0.5245410420487322,0.47587714668787945,0.03177925801959886,0.46100399610937176,0.49075029726638714,0.4590479066022545,0.012706522104653189,0.4531010712017838,0.46499474200272517,0.423405446363643,0.01485360711358997,0.4164537442471817,0.43035714848010437,0.47387931732090216,0.024360645203031703,0.46247818441619926,0.48528045022560506,0.514241622574956,0.022006629138965925,0.5039422031011798,0.5245410420487322,0.4574061575109233,0.01983538681367403,0.4481229107252123,0.46668940429663425,0.768167229685572,0.008606878370359871,0.7641390866139397,0.7721953727572044
haberman_s_survival,Haberman Survival,Hybrid NBEM,Hybrid NBEM,20,0.7419569892473119,0.00801676866813656,0.7382050260176882,0.7457089524769356,0.5681550559947299,0.012281061572444265,0.5624073422526961,0.5739027697367638,0.7091628205154332,0.020427201876385147,0.6996025957544372,0.7187230452764293,0.7419569892473119,0.00801676866813656,0.7382050260176882,0.7457089524769356,0.6924318336928899,0.010763893394678618,0.6873941765150121,0.6974694908707676,0.6582507959912112,0.03624908295998174,0.6412857029464293,0.675215889035993,0.5681550559947299,0.012281061572444265,0.5624073422526961,0.5739027697367638,0.5594222462540974,0.016998319538067224,0.551466787825353,0.5673777046828419,0.7154082949055774,0.011751586122813339,0.7099083833018165,0.7209082065093384
haberman_s_survival,Haberman Survival,Logistic Regression,Logistic Regression,20,0.7409247311827956,0.004615080029313594,0.738764807242296,0.7430846551232951,0.5498596014492755,0.009085589681408799,0.5456074145875561,0.5541117883109948,0.6880818278947031,0.016291943209464033,0.6804569637640989,0.6957066920253072,0.7409247311827956,0.004615080029313594,0.738764807242296,0.7430846551232951,0.6763893126575564,0.007573271352787842,0.6728449125607245,0.6799337127543883,0.6259052268597181,0.03139957894688267,0.6112097715570577,0.6406006821623784,0.5498596014492755,0.009085589681408799,0.5456074145875561,0.5541117883109948,0.526928135302817,0.012678586558103241,0.5209943741405829,0.5328618964650511,0.6808675065876153,0.011889707584837225,0.6753029521497914,0.6864320610254392
haberman_s_survival,Haberman Survival,NBEM,NBEM-prop (implementation-level NBEM comparator),20,0.7463225806451612,0.0035485757354121444,0.7446617960787162,0.7479833652116062,0.570667133289416,0.005011816876653569,0.5683215307888037,0.5730127357900283,0.7034485573558807,0.022750753593608977,0.6928008769171622,0.7140962377945993,0.7463225806451612,0.0035485757354121444,0.7446617960787162,0.7479833652116062,0.6934380336826853,0.005917796700141431,0.6906684195727549,0.6962076477926157,0.6458905979317504,0.042717224506368084,0.6258983214604965,0.6658828744030043,0.570667133289416,0.005011816876653569,0.5683215307888037,0.5730127357900283,0.5581390335442646,0.01007448162321807,0.5534240310073859,0.5628540360811434,0.64057490667545,0.017327187903249608,0.6324655331139845,0.6486842802369156
heart_disease,Heart Disease,Hybrid NBEM,Hybrid NBEM,20,0.5887688172043011,0.01168887071517716,0.5832982573148183,0.5942393770937838,0.31233137254901955,0.015334934882404588,0.305154402102543,0.3195083429954961,0.5238373498760017,0.017128060335929993,0.5158211708847571,0.5318535288672464,0.5887688172043011,0.01168887071517716,0.5832982573148183,0.5942393770937838,0.5454483247555395,0.01361840498726785,0.5390747150290374,0.5518219344820416,0.29505296284868565,0.018419975598624,0.2864321489026264,0.3036737767947449,0.31233137254901955,0.015334934882404588,0.305154402102543,0.3195083429954961,0.29321109588884914,0.0159675454828946,0.2857380545676893,0.300684137210009,0.822366098238233,0.006145978552335841,0.8194896917341921,0.825242504742274
heart_disease,Heart Disease,Logistic Regression,Logistic Regression,20,0.595247311827957,0.009035262388752227,0.591018678864237,0.599475944791677,0.3313,0.013380617211288016,0.325037678378327,0.337562321621673,0.5572911306879839,0.012878286111794712,0.5512639072576665,0.5633183541183012,0.595247311827957,0.009035262388752227,0.591018678864237,0.599475944791677,0.5644721705714111,0.00926218739699727,0.5601373334346554,0.5688070077081667,0.33219346571863395,0.018222421610544926,0.32366510988504144,0.34072182155222647,0.3313,0.013380617211288016,0.325037678378327,0.337562321621673,0.3186769624193745,0.01365926191268709,0.31228423106317416,0.3250696937755748,0.8222368502808937,0.0056556328586851315,0.8195899326256072,0.8248837679361801
heart_disease,Heart Disease,NBEM,NBEM-prop (implementation-level NBEM comparator),20,0.5630430107526883,0.013504708565094703,0.5567226125897216,0.569363408915655,0.30195906862745103,0.019611267520571712,0.2927807128996686,0.31113742435523345,0.5261167232708017,0.013880348209961,0.5196205203424151,0.5326129261991883,0.5630430107526883,0.013504708565094703,0.5567226125897216,0.569363408915655,0.5373106986696101,0.012177937493536366,0.5316112484821539,0.5430101488570663,0.2921289045019308,0.02150546485018869,0.2820640371352855,0.3021937718685761,0.30195906862745103,0.019611267520571712,0.2927807128996686,0.31113742435523345,0.2892203631263273,0.01830677322628391,0.28065252952136416,0.2977881967312905,0.8161603692502515,0.004700286965221157,0.8139605672362202,0.8183601712642827
heart_failure_clinical_records,Heart Failure,Hybrid NBEM,Hybrid NBEM,20,0.8312701149425287,0.008691299853638998,0.8272024614005103,0.835337768484547,0.782547619047619,0.011371512976246886,0.7772255871519446,0.7878696509432935,0.8348696287963348,0.009618206642748749,0.8303681695236047,0.8393710880690648,0.8312701149425287,0.008691299853638998,0.8272024614005103,0.835337768484547,0.8248974551244208,0.009051473051511801,0.8206612353369918,0.8291336749118499,0.826423465391746,0.011332540084212504,0.8211196733710036,0.8317272574124885,0.782547619047619,0.011371512976246886,0.7772255871519446,0.7878696509432935,0.793542830659254,0.01072052246004968,0.7885254717036025,0.7985601896149055,0.8907410052910052,0.006985130942456859,0.8874718633792059,0.8940101472028045
heart_failure_clinical_records,Heart Failure,Logistic Regression,Logistic Regression,20,0.8344540229885059,0.005097443506053218,0.8320683459917614,0.8368396999852504,0.7951130952380951,0.0065633690093412555,0.7920413439870735,0.7981848464891168,0.8378576779606407,0.006807654463889687,0.8346715975976116,0.8410437583236698,0.8344540229885059,0.005097443506053218,0.8320683459917614,0.8368396999852504,0.8304835148632389,0.005338803518587344,0.8279848779034947,0.8329821518229831,0.824088292493671,0.008175130322949139,0.8202622137281705,0.8279143712591714,0.7951130952380951,0.0065633690093412555,0.7920413439870735,0.7981848464891168,0.8020902329596277,0.006502845652992799,0.799046807511302,0.8051336584079534,0.8716947089947089,0.005160966419741541,0.8692793023592205,0.8741101156301974
heart_failure_clinical_records,Heart Failure,NBEM,NBEM-prop (implementation-level NBEM comparator),20,0.7505172413793104,0.004741035570226899,0.748298368431095,0.7527361143275259,0.6505277777777778,0.005998969723640591,0.6477201735234371,0.6533353820321185,0.7505429918549347,0.007567127505917501,0.7470014671669489,0.7540845165429204,0.7505172413793104,0.004741035570226899,0.748298368431095,0.7527361143275259,0.7202553761067594,0.0057421269997027236,0.7175679779474058,0.722942774266113,0.7445053782486879,0.01101128966609663,0.739351936051692,0.7496588204456838,0.6505277777777778,0.005998969723640591,0.6477201735234371,0.6533353820321185,0.6560840389653723,0.007572505201917651,0.6525399974381851,0.6596280804925594,0.8358320105820107,0.0066774182805222244,0.8327068826290347,0.8389571385349868
hepatitis,Hepatitis,Hybrid NBEM,Hybrid NBEM,20,0.8455625,0.008327053554915611,0.8416653189732693,0.8494596810267306,0.710128205128205,0.013043937122294357,0.7040234546385358,0.7162329556178741,0.8363222066995505,0.011565047976557177,0.8309095976355843,0.8417348157635167,0.8455625,0.008327053554915611,0.8416653189732693,0.8494596810267306,0.8294728397865392,0.009170731760182807,0.825180805205361,0.8337648743677174,0.776631052974803,0.025327572815682244,0.7647773840174144,0.7884847219321915,0.710128205128205,0.013043937122294357,0.7040234546385358,0.7162329556178741,0.7195758626209152,0.015817012773249588,0.7121732727765067,0.7269784524653238,0.8670673076923077,0.014975252863725107,0.8600586736123033,0.8740759417723121
hepatitis,Hepatitis,Logistic Regression,Logistic Regression,20,0.8559374999999999,0.008337581154203168,0.8520353919051377,0.8598396080948622,0.748525641025641,0.0162266076536193,0.7409313548764236,0.7561199271748584,0.8549999674804363,0.013553117090529856,0.8486569134301725,0.8613430215307001,0.8559374999999999,0.008337581154203168,0.8520353919051377,0.8598396080948622,0.8466334359938745,0.008628879655303125,0.842594996003929,0.8506718759838201,0.7974029199966699,0.02819657783029556,0.7842065153603514,0.8105993246329884,0.748525641025641,0.0162266076536193,0.7409313548764236,0.7561199271748584,0.7549229775430301,0.01587031546911449,0.7474954412690558,0.7623505138170044,0.8516426282051281,0.020096585022851627,0.842237136894591,0.8610481195156653
hepatitis,Hepatitis,NBEM,NBEM-prop (implementation-level NBEM comparator),20,0.8371666666666666,0.00502661047481275,0.8348141405489931,0.8395191927843402,0.7708333333333335,0.008790530988908304,0.7667192381904437,0.7749474284762232,0.8543235205766455,0.011477312142863254,0.8489519731468074,0.8596950680064837,0.8371666666666666,0.00502661047481275,0.8348141405489931,0.8395191927843402,0.8373752980513851,0.005092310549450661,0.8349920233522781,0.8397585727504921,0.7694989732489732,0.024448425212575273,0.7580567580352082,0.7809411884627382,0.7708333333333335,0.008790530988908304,0.7667192381904437,0.7749474284762232,0.7548361487546269,0.009845016824744911,0.7502285390491998,0.759443758460054,0.8583493589743589,0.015017541892750022,0.8513209330195374,0.8653777849291805
ilpd_indian_liver_patient_dataset,Indian Liver Patients,Hybrid NBEM,Hybrid NBEM,20,0.6966861484511981,0.009958209619903197,0.6920255628869341,0.7013467340154622,0.5282507194951152,0.014551949900373696,0.5214401973002395,0.5350612416899908,0.6150703822263841,0.027899073394995193,0.60201321395176,0.6281275505010082,0.6966861484511981,0.009958209619903197,0.6920255628869341,0.7013467340154622,0.6313544207894335,0.014078378018303923,0.6247655370578419,0.6379433045210251,0.5309832826778665,0.044271136811159295,0.5102637528616573,0.5517028124940758,0.5282507194951152,0.014551949900373696,0.5214401973002395,0.5350612416899908,0.4963374862417906,0.022614558458813022,0.48575354708824087,0.5069214253953404,0.7309658421295346,0.00789355433973439,0.7272715449806806,0.7346601392783887
ilpd_indian_liver_patient_dataset,Indian Liver Patients,Logistic Regression,Logistic Regression,20,0.7199926943308007,0.004728110234480709,0.7177798706259223,0.7222055180356791,0.5694856250427,0.006680797225627082,0.5663589156947363,0.5726123343906636,0.6872080165862562,0.010240159685071228,0.6824154743296025,0.6920005588429099,0.7199926943308007,0.004728110234480709,0.7177798706259223,0.7222055180356791,0.6746097156014863,0.0058234495433789795,0.6718842573201255,0.6773351738828471,0.6431952462319404,0.01634938453430832,0.6355434987337852,0.6508469937300955,0.5694856250427,0.006680797225627082,0.5663589156947363,0.5726123343906636,0.5629131173581942,0.008361163022787329,0.5589999726091043,0.566826262107284,0.7501369282469084,0.004916534524186968,0.747835919259928,0.7524379372338887
ilpd_indian_liver_patient_dataset,Indian Liver Patients,NBEM,NBEM-prop (implementation-level NBEM comparator),20,0.5590078901227352,0.0025985598847652674,0.5577917266607202,0.5602240535847502,0.6774027827594453,0.0023046066060335045,0.6763241936666912,0.6784813718521995,0.7958869131850179,0.003221471212962958,0.7943792182474843,0.7973946081225516,0.5590078901227352,0.0025985598847652674,0.5577917266607202,0.5602240535847502,0.5585138165471111,0.0035783731150383037,0.5568390863777275,0.5601885467164947,0.6749554616678063,0.0026240076569800067,0.6737273882817835,0.6761835350538291,0.6774027827594453,0.0023046066060335045,0.6763241936666912,0.6784813718521995,0.557372171023291,0.002757056794533008,0.5560818287241316,0.5586625133224503,0.7311369410569106,0.0026048988522941172,0.7299178108667703,0.7323560712470509
internet_advertisements,Internet Ads,Hybrid NBEM,Hybrid NBEM,20,0.9696413720444544,0.003894584105320115,0.9678186505761507,0.9714640935127582,0.9239842481241649,0.005166778126545606,0.9215661215261663,0.9264023747221635,0.9698241067620694,0.003483902091072586,0.968193590392891,0.9714546231312479,0.9696413720444544,0.003894584105320115,0.9678186505761507,0.9714640935127582,0.9692369329754842,0.0037281572544432444,0.9674921016710059,0.9709817642799625,0.9497969860663765,0.011966547503748847,0.9441964694395139,0.9553975026932392,0.9239842481241649,0.005166778126545606,0.9215661215261663,0.9264023747221635,0.9353247638876576,0.007402510052649974,0.9318602825393493,0.938789245235966,0.9789136816048242,0.001631726026509046,0.9781500103170876,0.9796773528925607
internet_advertisements,Internet Ads,Logistic Regression,Logistic Regression,20,0.9781345565749234,0.0008910204777061738,0.9777175461549418,0.9785515669949051,0.9321731935450714,0.0024914788895414558,0.931007145531475,0.9333392415586679,0.9781561501128235,0.0009195560328205656,0.9777257846419531,0.9785865155836939,0.9781345565749234,0.0008910204777061738,0.9777175461549418,0.9785515669949051,0.9775334980149644,0.0009234046218604786,0.9771013313489789,0.9779656646809498,0.9760080897012126,0.0015985408271003184,0.9752599495648792,0.976756229837546,0.9321731935450714,0.0024914788895414558,0.931007145531475,0.9333392415586679,0.9521416638544531,0.0019851667626450834,0.9512125772103892,0.953070750498517,0.984700487374516,0.0009847628944858367,0.9842396041529888,0.9851613705960431
internet_advertisements,Internet Ads,NBEM,NBEM-prop (implementation-level NBEM comparator),20,0.9622904079958232,0.0004974712769101238,0.9620575842714492,0.9625232317201973,0.8848228235173193,0.00102577019548115,0.884342748288158,0.8853028987464807,0.9619390279943237,0.0005716215824966052,0.9616715008586948,0.9622065551299527,0.9622904079958232,0.0004974712769101238,0.9620575842714492,0.9625232317201973,0.960608363665872,0.000488527098791999,0.9603797259457109,0.9608370013860331,0.9544852789226057,0.0015456226715594885,0.9537619052454266,0.9552086525997848,0.8848228235173193,0.00102577019548115,0.884342748288158,0.8853028987464807,0.9148403283612352,0.001023351871608591,0.9143613849424856,0.9153192717799847,0.9694586459725221,0.0006465349388611892,0.9691560583068812,0.9697612336381629
mushroom,Mushroom,Hybrid NBEM,Hybrid NBEM,20,0.9996861499403172,0.0002054495039041415,0.9995899966126983,0.9997823032679362,0.9996824327918713,0.00021055355040770405,0.9995838906969576,0.999780974886785,0.9996871153014272,0.0002046624712619453,0.9995913303164231,0.9997829002864312,0.9996861499403172,0.0002054495039041415,0.9995899966126983,0.9997823032679362,0.9996861405281565,0.00020546268270885853,0.999589981032667,0.999782300023646,0.999690010536367,0.00020026577285490657,0.9995962832695581,0.9997837378031759,0.9996824327918713,0.00021055355040770405,0.9995838906969576,0.999780974886785,0.9996857282614083,0.0002057331166150116,0.9995894421989548,0.9997820143238618,0.9999992413474071,1.0587424256021589e-06,0.9999987458406993,0.999999736854115
mushroom,Mushroom,Logistic Regression,Logistic Regression,20,0.9999014854064796,0.000117172366221023,0.9998466470510539,0.9999563237619054,0.9998977471423351,0.00012158627257505775,0.9998408430151471,0.9999546512695232,0.9999018349663571,0.00011661243715498448,0.9998472586658008,0.9999564112669134,0.9999014854064796,0.000117172366221023,0.9998466470510539,0.9999563237619054,0.9999014783271372,0.00011718384671121642,0.9998466345986766,0.9999563220555977,0.9999052971027453,0.00011252781488059177,0.9998526324642583,0.9999579617412324,0.9998977471423351,0.00012158627257505775,0.9998408430151471,0.9999546512695232,0.9999013397474666,0.00011734924145128834,0.999846418611885,0.9999562608830483,1.0,0.0,1.0,1.0
mushroom,Mushroom,NBEM,NBEM-prop (implementation-level NBEM comparator),20,0.9431744920897485,0.0002993616386427047,0.9430343865301342,0.9433145976493628,0.9411999806351332,0.0003016846137081596,0.9410587878897225,0.9413411733805439,0.9481066244104579,0.00029226544000016927,0.9479698399740392,0.9482434088468766,0.9431744920897485,0.0002993616386427047,0.9430343865301342,0.9433145976493628,0.9428929589584788,0.00030341805235218234,0.9427509549388101,0.9430349629781475,0.9497461972555902,0.00029603204456480974,0.9496076499939718,0.9498847445172085,0.9411999806351332,0.0003016846137081596,0.9410587878897225,0.9413411733805439,0.942708019088529,0.0003048890060380345,0.9425653266413441,0.9428507115357139,0.9962994290771515,6.812231918143364e-05,0.9962675468503759,0.9963313113039272
predict_students_dropout_and_academic_success,Students,Hybrid NBEM,Hybrid NBEM,20,0.7605455910441968,0.003353994425423984,0.7589758733340464,0.7621153087543473,0.6805066340903755,0.004486084417211316,0.6784070819547047,0.6826061862260463,0.7499163061602331,0.003919136873383124,0.7480820936427584,0.7517505186777078,0.7605455910441968,0.003353994425423984,0.7589758733340464,0.7621153087543473,0.7522355332170445,0.0036006749685217813,0.7505503654589407,0.7539207009751483,0.6998239304700592,0.005042690804616534,0.6974638785263775,0.7021839824137409,0.6805066340903755,0.004486084417211316,0.6784070819547047,0.6826061862260463,0.6864053044399927,0.004714663831040351,0.684198773845639,0.6886118350343464,0.8918771351307809,0.0024912337505130855,0.8907112018457813,0.8930430684157805
predict_students_dropout_and_academic_success,Students,Logistic Regression,Logistic Regression,20,0.7655530474040632,0.0012994067506513858,0.764944906324959,0.7661611884831673,0.6690602598818982,0.0019083791132945068,0.6681671109639655,0.6699534087998309,0.747669688941745,0.0018505961498729731,0.7468035832831392,0.7485357946003508,0.7655530474040632,0.0012994067506513858,0.764944906324959,0.7661611884831673,0.7483676417374455,0.0015616372140825512,0.7476367730236534,0.7490985104512377,0.706433090478871,0.0027904724079688896,0.7051271091912243,0.7077390717665177,0.6690602598818982,0.0019083791132945068,0.6681671109639655,0.6699534087998309,0.6761544990964687,0.00229528074924776,0.6750802746390425,0.677228723553895,0.8997003798298158,0.0004999135946599212,0.8994664130655498,0.8999343465940818
predict_students_dropout_and_academic_success,Students,NBEM,NBEM-prop (implementation-level NBEM comparator),20,0.6689748015893281,0.0013816022354315096,0.6683281918392042,0.669621411339452,0.5748740732754358,0.00193794841278182,0.5739670854993554,0.5757810610515163,0.6560587253878749,0.0017979912835695614,0.6552172395645469,0.6569002112112029,0.6689748015893281,0.0013816022354315096,0.6683281918392042,0.669621411339452,0.6533411277646108,0.0015346737476455933,0.6526228783415583,0.6540593771876634,0.6071055584096117,0.002446958045927961,0.6059603467922122,0.6082507700270111,0.5748740732754358,0.00193794841278182,0.5739670854993554,0.5757810610515163,0.5815797072101518,0.0021901951435236156,0.5805546643301118,0.5826047500901919,0.8245786304115944,0.0006399211445430479,0.8242791380969755,0.8248781227262133
productivity_prediction_of_garment_employees,Productivity Prediction,Hybrid NBEM,Hybrid NBEM,20,0.7302433473389356,0.00914953499513559,0.725961233149169,0.7345254615287021,0.5526040949484405,0.012446517967230581,0.5467789452300124,0.5584292446668687,0.7093710515549744,0.011910922196717777,0.7037965683731637,0.714945534736785,0.7302433473389356,0.00914953499513559,0.725961233149169,0.7345254615287021,0.7045610112611858,0.010316837746612361,0.6997325825670745,0.709389439955297,0.640887219626518,0.022331211991040736,0.6304358907018939,0.651338548551142,0.5526040949484405,0.012446517967230581,0.5467789452300124,0.5584292446668687,0.5592570651713665,0.014314061779615733,0.5525578780441217,0.5659562522986114,0.8682536532600977,0.005819319862345747,0.8655301277289544,0.870977178791241
productivity_prediction_of_garment_employees,Productivity Prediction,Logistic Regression,Logistic Regression,20,0.6543018207282912,0.004180010151420619,0.6523455157584449,0.6562581256981376,0.46636957537920676,0.005768538459582837,0.4636698162761347,0.46906933448227883,0.6173228956074618,0.0073809804450086424,0.6138684904256941,0.6207773007892294,0.6543018207282912,0.004180010151420619,0.6523455157584449,0.6562581256981376,0.6186745022864187,0.004958237866742107,0.6163539755343267,0.6209950290385108,0.5329943801039658,0.015460369183613808,0.5257587045974641,0.5402300556104676,0.46636957537920676,0.005768538459582837,0.4636698162761347,0.46906933448227883,0.47094593557147235,0.006486443940837524,0.46791018636072523,0.47398168478221947,0.7653127949617704,0.004841460769921109,0.7630469215733305,0.7675786683502103
productivity_prediction_of_garment_employees,Productivity Prediction,NBEM,NBEM-prop (implementation-level NBEM comparator),20,0.6193714985994399,0.002270768838261214,0.6183087460694842,0.6204342511293955,0.39397370349969774,0.004275202915888046,0.39197284694469375,0.3959745600547017,0.5783636532255472,0.018425572625248837,0.5697402197903944,0.5869870866607,0.6193714985994399,0.002270768838261214,0.6183087460694842,0.6204342511293955,0.5173943909246033,0.0034143233492481945,0.5157964384089793,0.5189923434402273,0.5367518246621494,0.03292726401576937,0.5213413907387775,0.5521622585855214,0.39397370349969774,0.004275202915888046,0.39197284694469375,0.3959745600547017,0.36411823729582354,0.006838677817237008,0.36091763755649237,0.3673188370351547,0.6460095866792103,0.004762856133707887,0.6437805013929295,0.648238671965491
