dataset,display_name,WNB,NBEM,Adaptive Weighted NBEM,Hybrid NBEM
abalone,Abalone,0.1970939726004557,0.20952569775477264,0.2088966030588054,0.24845002710647357
bank_marketing,Bank,0.8281567120930153,0.8563160787368895,0.8506397665958858,0.8934392466556111
car_evaluation,Car Evaluation,0.5767793786747555,0.8380291692070021,0.8380291692070021,0.9398327477867696
cardiotocography,Fetal Health,0.6815018938427884,0.8316249975834455,0.8459722596502516,0.9240429582734071
chronic_kidney_disease,Kidney Disease,0.9817427575026029,0.9265203391463036,0.948627295212541,0.9824690514842885
cirrhosis_patient_survival_prediction_dataset_1,Cirrhosis Survival,0.6736059091779308,0.6829336443632338,0.6803630576079465,0.7307255196896401
credit_approval,Credit Approval,0.8609172667508631,0.7664539700069362,0.7748880863287105,0.8599985025815913
diabetes_130_us_hospitals_for_years_1999_2008,Diabetes,0.37883088261619113,0.4791084953367526,0.4768196211539209,0.5355485311380699
dry_bean_dataset,Dry Beans,0.8032258306360452,0.8970691816861059,0.8970691816861059,0.9298839717252697
ecoli,E. coli,0.6444967425150462,0.8292650400817629,0.8307097122287356,0.8250173624384317
glass_identification,Glass Identification,0.5692485961503027,0.42447458929130233,0.42447458929130233,0.650000083118792
haberman_s_survival,Haberman Survival,0.6231313020966095,0.6925861453410203,0.6925861453410203,0.6909596267604163
heart_disease,Heart Disease,0.3801338615181085,0.5397012282680939,0.49690033798692423,0.5440669287126493
heart_failure_clinical_records,Heart Failure,0.8010786719601279,0.7227111357510925,0.7156071234661878,0.8265512476616411
hepatitis,Hepatitis,0.7026614668856047,0.8384245553802077,0.8402342909425519,0.8323344566061959
ilpd_indian_liver_patient_dataset,Indian Liver Patients,0.5943005622596157,0.5593644816436156,0.564721849422886,0.6350172052814083
internet_advertisements,Internet Ads,0.7952960548505323,0.9605071634568756,0.9648476230449475,0.967891602511861
mushroom,Mushroom,0.9852167153649145,0.9428706410394889,0.9540923749817936,0.9997045641687938
predict_students_dropout_and_academic_success,Students,0.6359089505822559,0.6525055850609056,0.664842423513881,0.7505078505031381
productivity_prediction_of_garment_employees,Productivity Prediction,0.4949098536421663,0.5194293847546358,0.505395048180332,0.7032857321699932
