dataset,display_name,csv_file,sha256,inferred_last_column_target,selected_target,target_transform,rows_before_target_cleanup,rows_used,n_features_used,n_classes,min_class_count,max_class_count,imbalance_ratio,group_column,n_groups,dropped_columns,n_flagged_leakage_features,critical_issue_count,critical_issues
abalone,Abalone,C:\inetpub\wwwroot\up\uni\mlm\NBEM_Project\datasets\processed\abalone\abalone.csv,d37bfc2a5c8b3a0b6c99908075b1e2728b5571d48a24a930269528be6d79ab26,Rings,Rings,none,4177,4177,8,28,1,689,689.0,,0,,0,0,
bank_marketing,Bank,C:\inetpub\wwwroot\up\uni\mlm\NBEM_Project\datasets\processed\bank_marketing\bank_marketing.csv,b21fff4949760b8617740274eb4b8550dc1334344f358fb54d374ee545b6bda6,y,y,none,45211,45211,16,2,5289,39922,7.548118737001324,,0,,0,0,
car_evaluation,Car Evaluation,C:\inetpub\wwwroot\up\uni\mlm\NBEM_Project\datasets\processed\car_evaluation\car_evaluation.csv,a8f710ac98631e5b1dd400406887901772dfc0a6564d6499465e044dddfbaacf,class,class,none,1728,1728,6,4,65,1210,18.615384615384617,,0,,0,0,
cardiotocography,Fetal Health,C:\inetpub\wwwroot\up\uni\mlm\NBEM_Project\datasets\processed\cardiotocography\cardiotocography.csv,c9d5a356c8e5d0ec48ac69d5041e59d6b4e77e42e7852cec46d022902002cee6,NSP,NSP,none,2126,2126,21,3,176,1655,9.403409090909092,,0,CLASS,0,0,
chronic_kidney_disease,Kidney Disease,C:\inetpub\wwwroot\up\uni\mlm\NBEM_Project\datasets\processed\chronic_kidney_disease\chronic_kidney_disease.csv,103e7d2a75759fa260c40c0c4fca18338cc420dc055b8a42a1e5289333c6862a,classification,classification,none,400,400,24,2,150,250,1.6666666666666667,,0,id,0,0,
cirrhosis_patient_survival_prediction_dataset_1,Cirrhosis Survival,C:\inetpub\wwwroot\up\uni\mlm\NBEM_Project\datasets\processed\cirrhosis_patient_survival_prediction_dataset_1\cirrhosis_patient_survival_prediction_dataset_1.csv,84f99516a59deed0c621b042fa0997e8e283d0bad89eab9761f563af9c6f088b,Status,Status,none,418,418,18,3,25,232,9.28,,0,ID,0,0,
credit_approval,Credit Approval,C:\inetpub\wwwroot\up\uni\mlm\NBEM_Project\datasets\processed\credit_approval\credit_approval.csv,2b1dda58aee6d1f86f8fda65037dd98827a5f2faee7deb9497da9ed308cda1f1,class,class,none,690,690,15,2,307,383,1.247557003257329,,0,,0,0,
diabetes_130_us_hospitals_for_years_1999_2008,Diabetes,C:\inetpub\wwwroot\up\uni\mlm\NBEM_Project\datasets\processed\diabetes_130_us_hospitals_for_years_1999_2008\diabetes_130_us_hospitals_for_years_1999_2008.csv,a5a559ccd1edbdd4cb43a9ba968418b087cbd2f9e7e26c9bb74d1cb9a0b6a3f6,change,readmitted,none,101766,101766,47,3,11357,54864,4.830853218279475,patient_nbr,71518,"encounter_id, patient_nbr",0,0,
dry_bean_dataset,Dry Beans,C:\inetpub\wwwroot\up\uni\mlm\NBEM_Project\datasets\processed\dry_bean_dataset\dry_bean_dataset.csv,7213b497bb27f9ad8966c0c718709b3eb44c2a178941281ff5aadee4e151c190,Class,Class,none,13611,13611,16,7,522,3546,6.793103448275862,,0,,0,0,
ecoli,E. coli,C:\inetpub\wwwroot\up\uni\mlm\NBEM_Project\datasets\processed\ecoli\ecoli.csv,353bf415fa2691c5f6e2165c10420bfc426b910cbf8eb76b6c0a45e8f52c826e,class,class,none,336,336,7,8,2,143,71.5,,0,sequence_name,0,0,
glass_identification,Glass Identification,C:\inetpub\wwwroot\up\uni\mlm\NBEM_Project\datasets\processed\glass_identification\glass_identification.csv,738d764c9499ca6e75bb2dec92dc096e3d945c66703bfc585682829f00a16192,Type,Type,none,214,214,9,6,9,76,8.444444444444445,,0,id,0,0,
haberman_s_survival,Haberman Survival,C:\inetpub\wwwroot\up\uni\mlm\NBEM_Project\datasets\processed\haberman_s_survival\haberman_s_survival.csv,35ff0874673802c9436c1fecdf043d5158ca1d895da3b52e474b4ee53013f2b6,survival_status,survival_status,none,306,306,3,2,81,225,2.7777777777777777,,0,,0,0,
heart_disease,Heart Disease,C:\inetpub\wwwroot\up\uni\mlm\NBEM_Project\datasets\processed\heart_disease\heart_disease.csv,b7d370567c8e93fbd24e8c3063c2e60e6f607a5c9195e66853f41278f2681fc0,target,target,none,303,303,13,5,13,164,12.615384615384615,,0,,0,0,
heart_failure_clinical_records,Heart Failure,C:\inetpub\wwwroot\up\uni\mlm\NBEM_Project\datasets\processed\heart_failure_clinical_records\heart_failure_clinical_records.csv,676f52cec14eba9a9f45d83dd88d543d9b9864b7fb6b8e788b629eab467d29e1,DEATH_EVENT,DEATH_EVENT,none,299,299,12,2,96,203,2.1145833333333335,,0,,0,0,
hepatitis,Hepatitis,C:\inetpub\wwwroot\up\uni\mlm\NBEM_Project\datasets\processed\hepatitis\hepatitis.csv,ab971d40d4fd7f686f09c9850d8e18102de13d06dc88f70d3472eb9564a6de41,Class,Class,none,155,155,19,2,32,123,3.84375,,0,,0,0,
ilpd_indian_liver_patient_dataset,Indian Liver Patients,C:\inetpub\wwwroot\up\uni\mlm\NBEM_Project\datasets\processed\ilpd_indian_liver_patient_dataset\ilpd_indian_liver_patient_dataset.csv,4c460a527482cc9ba3d10c685d38aaf4c302550c5d3e015e745156bb916dc4ff,Dataset,Dataset,none,583,583,10,2,167,416,2.4910179640718564,,0,,0,0,
internet_advertisements,Internet Ads,C:\inetpub\wwwroot\up\uni\mlm\NBEM_Project\datasets\processed\internet_advertisements\internet_advertisements.csv,dc71662863e9ac222d7f5ed74a9d9a921bd97a2ebf8c5f1346c6cde2acc7b643,class,class,none,3279,3279,1558,2,459,2820,6.143790849673203,,0,,0,0,
mushroom,Mushroom,C:\inetpub\wwwroot\up\uni\mlm\NBEM_Project\datasets\processed\mushroom\mushroom.csv,3e8c9fb553172e8630d71bc21567d15cf7c69facaf24171f86b8cad78f1f5e9d,class,class,none,8124,8124,22,2,3916,4208,1.0745658835546477,,0,,0,0,
predict_students_dropout_and_academic_success,Students,C:\inetpub\wwwroot\up\uni\mlm\NBEM_Project\datasets\processed\predict_students_dropout_and_academic_success\predict_students_dropout_and_academic_success.csv,69bbe7b095fd5c51215339a1e0034d4c53f378a4ec7a2092c7cfa1ea576f1dbb,Target,Target,none,4424,4424,36,3,794,2209,2.782115869017632,,0,,0,0,
productivity_prediction_of_garment_employees,Productivity Prediction,C:\inetpub\wwwroot\up\uni\mlm\NBEM_Project\datasets\processed\productivity_prediction_of_garment_employees\productivity_prediction_of_garment_employees.csv,c9b7540604b3e4d35f32eea80f209922f126fbbd5dd7d252f77a38b9ebb59df1,actual_productivity,actual_productivity,"fixed_bins(bins=[-inf, 0.5, 0.75, inf], labels=['Low', 'Medium', 'High'], right=False)",1197,1197,14,3,133,716,5.383458646616542,,0,,0,0,
