dataset,display_name,analysis,cv_protocol,model,f1_weighted_mean,f1_weighted_std,f1_macro_mean,f1_macro_std,accuracy_mean,accuracy_std,balanced_accuracy_mean,balanced_accuracy_std
abalone,Abalone,sensitivity:kfold_10,KFold_10,Adaptive Weighted NBEM,0.2088966030588054,0.0010424965893128253,0.11921628343303059,0.0026607329581954486,0.24064381031060317,0.0003946457366884632,0.16879496330164354,0.004012441174514329
abalone,Abalone,sensitivity:kfold_10,KFold_10,Hybrid NBEM,0.24845002710647357,0.005487016751831177,0.14037789233982306,0.0033395854583109395,0.27483437173706016,0.004417372085110652,0.15310327276152408,0.0032495857749097736
abalone,Abalone,sensitivity:kfold_10,KFold_10,NBEM,0.20952569775477264,0.0010009663518136935,0.12076520106082403,0.0022953461724827123,0.24150631647791815,0.0011587723705840647,0.1711799177316013,0.0036145446607316637
abalone,Abalone,sensitivity:kfold_10,KFold_10,WNB,0.1970939726004557,0.0023660418091950805,0.07604129509434165,0.0024261271517293996,0.24572785790506352,0.002464279473497282,0.09743942509288853,0.0023683338784304554
abalone,Abalone,sensitivity:kfold_5,KFold_5,Adaptive Weighted NBEM,0.20923385307677428,0.0019590715085772785,0.11284089358361397,0.004255512322985975,0.24112763945792626,0.0018666095899996923,0.1601325180963324,0.004774576882747101
abalone,Abalone,sensitivity:kfold_5,KFold_5,Hybrid NBEM,0.24648373694046977,0.005776795591944693,0.12764595002000034,0.004472512761391187,0.27464412801191873,0.005362155047629101,0.1378100171209206,0.00439032653759231
abalone,Abalone,sensitivity:kfold_5,KFold_5,NBEM,0.21020020395593247,0.0014368342196585237,0.11512361850235253,0.0034474891405714453,0.24203799100363863,0.0012059237320947303,0.162866919954391,0.004298389694946042
abalone,Abalone,sensitivity:kfold_5,KFold_5,WNB,0.2005431684432674,0.002428326835223899,0.07335443852018292,0.002558532543520427,0.24826387416554452,0.0016976567412742515,0.09257444482171273,0.0027706503406070507
cardiotocography,Fetal Health,sensitivity:stratified_10,StratifiedKFold_10,Adaptive Weighted NBEM,0.8459722596502516,0.001609853793801875,0.7157739874784604,0.002115205161317723,0.8333895827796971,0.001800872268256243,0.771134555638087,0.0018619816771439977
cardiotocography,Fetal Health,sensitivity:stratified_10,StratifiedKFold_10,Hybrid NBEM,0.9240429582734071,0.006385154871018271,0.8582664239212946,0.014096001952615874,0.9249309061918682,0.006420964754532299,0.8455069740720417,0.014478264169607465
cardiotocography,Fetal Health,sensitivity:stratified_10,StratifiedKFold_10,NBEM,0.8316249975834455,0.001533273713018788,0.7004396414325101,0.002803032233933584,0.8148662414740013,0.0016491768303415857,0.7705512143025768,0.002261409000486639
cardiotocography,Fetal Health,sensitivity:stratified_10,StratifiedKFold_10,WNB,0.6815018938427884,0.0,0.29180987747390563,0.0,0.7784657631322526,0.0,0.3333333333333333,0.0
cardiotocography,Fetal Health,sensitivity:stratified_5,StratifiedKFold_5,Adaptive Weighted NBEM,0.8444788767241388,0.000446184104802196,0.7150198946618364,0.0013220985845516647,0.8316069594034797,0.00047536796743473755,0.7700365328350376,0.0022922701458574705
cardiotocography,Fetal Health,sensitivity:stratified_5,StratifiedKFold_5,Hybrid NBEM,0.9190939070699912,0.006802691271307441,0.8478152239664493,0.011854265259441903,0.9205017398508699,0.0065749479866546775,0.833225554940543,0.012916169770911956
cardiotocography,Fetal Health,sensitivity:stratified_5,StratifiedKFold_5,NBEM,0.8320595995507587,0.0018413107747563794,0.701001494636898,0.0028336053735701994,0.8153338856669429,0.0020678882026161608,0.7709515779138392,0.0026343773971026193
cardiotocography,Fetal Health,sensitivity:stratified_5,StratifiedKFold_5,WNB,0.6814857438926767,0.0,0.2918100084106249,0.0,0.7784578845622756,0.0,0.3333333333333333,0.0
diabetes_130_us_hospitals_for_years_1999_2008,Diabetes,sensitivity:grouped,StratifiedGroupKFold_10,Adaptive Weighted NBEM,0.4768196211539209,0.0001715612181302911,0.3520210019712425,0.00011329823400141239,0.5619250049136933,0.00019264973029139212,0.38321465179177955,0.00011627396179849138
diabetes_130_us_hospitals_for_years_1999_2008,Diabetes,sensitivity:grouped,StratifiedGroupKFold_10,Hybrid NBEM,0.5355485311380699,0.0020000481650325344,0.39662040062202264,0.0023521100775355758,0.5811633904284028,0.0009341612462334808,0.4113854950271274,0.0017240083147741071
diabetes_130_us_hospitals_for_years_1999_2008,Diabetes,sensitivity:grouped,StratifiedGroupKFold_10,NBEM,0.4791084953367526,0.0005260559015557181,0.3381527061690039,0.0005648180625079135,0.5646064064396165,0.0003460885528361978,0.3758065424155542,0.0003704731490947553
diabetes_130_us_hospitals_for_years_1999_2008,Diabetes,sensitivity:grouped,StratifiedGroupKFold_10,WNB,0.37883088261619113,4.6244768317077474e-05,0.2345382505755814,4.433987258865268e-05,0.539457029219682,1.685920627911326e-05,0.33368498801342134,1.939006136026505e-05
diabetes_130_us_hospitals_for_years_1999_2008,Diabetes,sensitivity:record_stratified,StratifiedKFold_10,Adaptive Weighted NBEM,0.4770638953286802,9.394154815985991e-05,0.3525473935456368,0.0002523997257314901,0.5619323091346068,8.66754882770493e-05,0.38343355386246125,0.00017231522818077433
diabetes_130_us_hospitals_for_years_1999_2008,Diabetes,sensitivity:record_stratified,StratifiedKFold_10,Hybrid NBEM,0.5358579029287769,0.0010131470426117688,0.39762810536908993,0.0011131925601396207,0.581152860678877,0.0005102631356234774,0.41185378301601966,0.0008285378027406566
diabetes_130_us_hospitals_for_years_1999_2008,Diabetes,sensitivity:record_stratified,StratifiedKFold_10,NBEM,0.47996635462851567,0.000505431007685971,0.33978424276017005,0.000621687749528281,0.5649136614471033,0.00041244135950468654,0.3766425186184953,0.00043487072364239103
diabetes_130_us_hospitals_for_years_1999_2008,Diabetes,sensitivity:record_stratified,StratifiedKFold_10,WNB,0.37871737773083847,9.12148511798831e-05,0.2344781554351835,8.481486857571217e-05,0.539404124048369,3.868733294413184e-05,0.3336700098081177,3.576293556612653e-05
ecoli,E. coli,sensitivity:repeated_stratified,RepeatedStratifiedKFold_2x3,Adaptive Weighted NBEM,0.8246780765644116,0.006471313929990788,0.5221115249225641,0.014776565055412862,0.8337301587301587,0.005810139073153284,0.5260172304311345,0.01576130169297662
ecoli,E. coli,sensitivity:repeated_stratified,RepeatedStratifiedKFold_2x3,Hybrid NBEM,0.8161009147078258,0.013557244424998274,0.4937012468619125,0.021084604153871516,0.8331349206349206,0.011492532109186172,0.49506066888084616,0.019085283024211724
ecoli,E. coli,sensitivity:repeated_stratified,RepeatedStratifiedKFold_2x3,NBEM,0.8249327381418954,0.0051191642264252265,0.5224995889579148,0.012486381060383881,0.8331349206349206,0.004403242266105624,0.5279959990520509,0.013721193713104528
ecoli,E. coli,sensitivity:repeated_stratified,RepeatedStratifiedKFold_2x3,WNB,0.6424037670613509,0.006597994261973658,0.2799597345065016,0.00410530450784491,0.7192460317460317,0.006155592086304953,0.3102442666193593,0.004546559674589424
ecoli,E. coli,sensitivity:stratified_5,StratifiedKFold_2,Adaptive Weighted NBEM,0.8307097122287356,0.022321695832304474,0.5258250312166716,0.045966001838322425,0.8398809523809524,0.02011957592994709,0.5322270345266273,0.04991005742735213
ecoli,E. coli,sensitivity:stratified_5,StratifiedKFold_2,Hybrid NBEM,0.8250173624384317,0.02562106651023652,0.5033615076171072,0.04254721789138516,0.8404761904761905,0.02131667211841666,0.504946486508823,0.03846908940032428
ecoli,E. coli,sensitivity:stratified_5,StratifiedKFold_2,NBEM,0.8292650400817629,0.02190712819889453,0.5247129094344044,0.04514543517980564,0.8375,0.020468748647677903,0.5327770521876996,0.049695916816966126
ecoli,E. coli,sensitivity:stratified_5,StratifiedKFold_2,WNB,0.6444967425150462,0.010832079195196971,0.28103022841587333,0.006060490803616117,0.7220238095238095,0.010437903521875133,0.31100644153947526,0.007323591752231578
glass_identification,Glass Identification,sensitivity:repeated_stratified,RepeatedStratifiedKFold_9x3,Adaptive Weighted NBEM,0.4191151432072659,0.008310617978702991,0.44839912574453633,0.002055075790551038,0.4553140096618358,0.005935823145449257,0.5084705075445817,0.00635092183463658
glass_identification,Glass Identification,sensitivity:repeated_stratified,RepeatedStratifiedKFold_9x3,Hybrid NBEM,0.6409416562214282,0.017008952662492173,0.5367706773408527,0.020980702933163255,0.6803408480944713,0.016652566203031967,0.5736258083480306,0.014558109518655172
glass_identification,Glass Identification,sensitivity:repeated_stratified,RepeatedStratifiedKFold_9x3,NBEM,0.4191151432072659,0.008310617978702991,0.44839912574453633,0.002055075790551038,0.4553140096618358,0.005935823145449257,0.5084705075445817,0.00635092183463658
glass_identification,Glass Identification,sensitivity:repeated_stratified,RepeatedStratifiedKFold_9x3,WNB,0.5679094552522173,0.009020030245692357,0.35540969459344396,0.005104748618236189,0.6293344068706388,0.00934113855175348,0.37756466784244563,0.005435015614033978
glass_identification,Glass Identification,sensitivity:stratified_5,StratifiedKFold_5,Adaptive Weighted NBEM,0.41080056811049986,0.01860597991065802,0.4467895552295175,0.009029325943726369,0.4458250276854928,0.022197674964179206,0.5096388888888889,0.020483506598724624
glass_identification,Glass Identification,sensitivity:stratified_5,StratifiedKFold_5,Hybrid NBEM,0.6569322387771062,0.010373638300155438,0.5635536673341004,0.021825758076034974,0.6933554817275748,0.0126355084755725,0.5880674603174604,0.017381663571736688
glass_identification,Glass Identification,sensitivity:stratified_5,StratifiedKFold_5,NBEM,0.41080056811049986,0.01860597991065802,0.4467895552295175,0.009029325943726369,0.4458250276854928,0.022197674964179206,0.5096388888888889,0.020483506598724624
glass_identification,Glass Identification,sensitivity:stratified_5,StratifiedKFold_5,WNB,0.5659673677570626,0.01223918997251649,0.3565853098452608,0.006515748533277308,0.6250719822812846,0.014316714156878626,0.37533333333333335,0.008025166995371674
productivity_prediction_of_garment_employees,Productivity Prediction,sensitivity:stratified_10,StratifiedKFold_10,Adaptive Weighted NBEM,0.505395048180332,0.0018450719760990143,0.34026757678748776,0.005093742622987466,0.6141946778711485,0.0024389108588088724,0.37883062696608677,0.004543846757218827
productivity_prediction_of_garment_employees,Productivity Prediction,sensitivity:stratified_10,StratifiedKFold_10,Hybrid NBEM,0.7032857321699932,0.010111771614075045,0.5590758468555609,0.015616991183128271,0.728984593837535,0.009383710387040878,0.5527304910407644,0.01317110284614162
productivity_prediction_of_garment_employees,Productivity Prediction,sensitivity:stratified_10,StratifiedKFold_10,NBEM,0.5194293847546358,0.00216590996715782,0.3671629265002876,0.009126491756699119,0.6210364145658264,0.0018221215849761583,0.3966276448703955,0.005923320156863652
productivity_prediction_of_garment_employees,Productivity Prediction,sensitivity:stratified_10,StratifiedKFold_10,WNB,0.4949098536421663,0.007570594919000008,0.3002040869531684,0.007792313846962818,0.6130406162464986,0.004555620585886109,0.3559786672102331,0.004711133738222639
productivity_prediction_of_garment_employees,Productivity Prediction,sensitivity:stratified_5,StratifiedKFold_5,Adaptive Weighted NBEM,0.5086608764872173,0.0054217798774080055,0.342552338496194,0.006289059209448584,0.6156903765690377,0.0024346582295557075,0.3798347806246357,0.00409798539150192
productivity_prediction_of_garment_employees,Productivity Prediction,sensitivity:stratified_5,StratifiedKFold_5,Hybrid NBEM,0.6928319763321688,0.012899291212078308,0.5427032409450742,0.027671843723379226,0.7221345885634588,0.006582059071545538,0.5367764750011126,0.021650392570940372
productivity_prediction_of_garment_employees,Productivity Prediction,sensitivity:stratified_5,StratifiedKFold_5,NBEM,0.5229326586532355,0.005832029761098852,0.36767169592317467,0.010700580086882202,0.6222092050209205,0.00463546811586507,0.39644738326622386,0.006221830379906426
productivity_prediction_of_garment_employees,Productivity Prediction,sensitivity:stratified_5,StratifiedKFold_5,WNB,0.494056763317147,0.006032968313944436,0.29893459329123406,0.006786599384820871,0.6133695955369596,0.0034666686347666594,0.35550804831239613,0.003862288940629975
