Dataset,Instances,Features,Classes,Boolean,Categorical,Numerical,Missing Values
Abalone,4177,8,28,0,1,7,0
Bank Marketing,45211,16,2,3,6,7,0
Car Evaluation,1728,6,4,0,6,0,0
Cardiotocography,2129,41,4,1,40,0,52
Chronic Kidney Disease,400,25,3,8,5,12,1009
Cirrhosis Patient Survival Prediction Dataset 1,418,19,3,5,1,13,1033
Credit Approval,690,15,2,4,5,6,67
Diabetes 130 Us Hospitals For Years 1999 2008,101766,49,2,10,26,13,374017
Dry Bean Dataset,13611,16,7,0,0,16,0
Ecoli,336,8,8,2,1,5,0
Glass Identification,214,10,6,0,0,10,0
Haberman S Survival,306,3,2,0,0,3,0
Heart Disease,303,13,5,3,0,10,6
Heart Failure Clinical Records,299,12,2,5,0,7,0
Hepatitis,155,19,2,13,0,6,167
Ilpd Indian Liver Patient Dataset,583,10,2,1,0,9,4
Internet Advertisements,3279,1558,2,1555,3,0,15
Mushroom,8124,22,2,6,16,0,2480
Predict Students Dropout And Academic Success,4424,36,3,8,0,28,0
Productivity Prediction Of Garment Employees,1197,14,879,0,4,10,506
