order,seed,role
1,13,original five
2,21,original five
3,42,original five
4,87,original five
5,123,original five
6,370882,additional fifteen
7,65932,additional fifteen
8,69887,additional fifteen
9,156304,additional fifteen
10,535886,additional fifteen
11,648362,additional fifteen
12,663649,additional fifteen
13,519965,additional fifteen
14,934243,additional fifteen
15,41762,additional fifteen
16,273103,additional fifteen
17,627018,additional fifteen
18,266458,additional fifteen
19,503966,additional fifteen
20,43529,additional fifteen
