Dataset,WNB,NBEM-prop,Adaptive Weighted NBEM,Hybrid NBEM
Abalone,0.1971,0.2095,0.2089,0.2485
Bank,0.8282,0.8491,0.8449,0.8668
Car Evaluation,0.5768,0.8380,0.8380,0.9398
Fetal Health,0.6815,0.8316,0.8460,0.9240
Kidney Disease,0.9817,0.9265,0.9486,0.9825
Cirrhosis Survival,0.6736,0.6829,0.6804,0.7307
Credit Approval,0.8609,0.7665,0.7749,0.8600
Diabetes,0.3788,0.4791,0.4768,0.5355
Dry Beans,0.8032,0.8971,0.8971,0.9299
E. coli,0.6445,0.8293,0.8307,0.8250
Glass Identification,0.5692,0.4245,0.4245,0.6500
Haberman Survival,0.6231,0.6926,0.6926,0.6910
Heart Disease,0.3801,0.5397,0.4969,0.5441
Heart Failure,0.8011,0.7227,0.7156,0.8266
Hepatitis,0.7027,0.8384,0.8402,0.8323
Indian Liver Patients,0.5943,0.5594,0.5647,0.6350
Internet Ads,0.7953,0.9605,0.9648,0.9679
Mushroom,0.9852,0.9429,0.9541,0.9997
Students,0.6359,0.6525,0.6648,0.7505
Productivity Prediction,0.4949,0.5194,0.5054,0.7033
