condition,analysis,dataset,display_name,file,target,target_transform,model,seed,fold,cv_protocol,n_splits_or_total_folds,stratified,grouped,n_rows,n_features,n_classes,n_boolean,n_categorical,n_numerical,accuracy,balanced_accuracy,precision_weighted,recall_weighted,f1_weighted,precision_macro,recall_macro,f1_macro,roc_auc_weighted,train_time_s,inference_time_s,peak_memory_mb,status
without_duration,bank_duration_sensitivity:without_duration,bank_marketing,Bank,C:\inetpub\wwwroot\up\uni\mlm\NBEM_Major_Revision_STAGE1_READY_TO_RUN\NBEM_Major_Revision_STAGE1_READY_TO_RUN\datasets\processed\bank_marketing\bank_marketing.csv,y,none,Hybrid NBEM,42,1,StratifiedKFold_10,10,True,False,45211,15,2,3,6,6,0.8883237505528527,0.585001304267345,0.8623205057008105,0.8883237505528527,0.8627287823344181,0.7347351796845585,0.585001304267345,0.6115645616300065,0.776086412090724,34.18600253481418,0.1390139758586883,61.12398719787598,OK
without_duration,bank_duration_sensitivity:without_duration,bank_marketing,Bank,C:\inetpub\wwwroot\up\uni\mlm\NBEM_Major_Revision_STAGE1_READY_TO_RUN\NBEM_Major_Revision_STAGE1_READY_TO_RUN\datasets\processed\bank_marketing\bank_marketing.csv,y,none,Hybrid NBEM,42,2,StratifiedKFold_10,10,True,False,45211,15,2,3,6,6,0.891616898916169,0.5951508890558477,0.8687133340615676,0.891616898916169,0.8674584520343446,0.7540300216031951,0.5951508890558477,0.6255248727120283,0.7551909022607746,47.27864605281502,0.1409041630104184,61.12759876251221,OK
without_duration,bank_duration_sensitivity:without_duration,bank_marketing,Bank,C:\inetpub\wwwroot\up\uni\mlm\NBEM_Major_Revision_STAGE1_READY_TO_RUN\NBEM_Major_Revision_STAGE1_READY_TO_RUN\datasets\processed\bank_marketing\bank_marketing.csv,y,none,Hybrid NBEM,42,3,StratifiedKFold_10,10,True,False,45211,15,2,3,6,6,0.88940499889405,0.5962842509215027,0.8651575633229411,0.88940499889405,0.866325080979924,0.7386984226862701,0.5962842509215027,0.6255848528575801,0.7816805633952215,37.8650350831449,0.1486105741932988,61.12601184844971,OK
without_duration,bank_duration_sensitivity:without_duration,bank_marketing,Bank,C:\inetpub\wwwroot\up\uni\mlm\NBEM_Major_Revision_STAGE1_READY_TO_RUN\NBEM_Major_Revision_STAGE1_READY_TO_RUN\datasets\processed\bank_marketing\bank_marketing.csv,y,none,Hybrid NBEM,42,4,StratifiedKFold_10,10,True,False,45211,15,2,3,6,6,0.8942711789427118,0.589200612946119,0.8747745957495191,0.8942711789427118,0.8672744950936054,0.7854668343764681,0.589200612946119,0.6199477327405489,0.7871437582158646,32.30040178820491,0.1601302502676844,61.124189376831055,OK
without_duration,bank_duration_sensitivity:without_duration,bank_marketing,Bank,C:\inetpub\wwwroot\up\uni\mlm\NBEM_Major_Revision_STAGE1_READY_TO_RUN\NBEM_Major_Revision_STAGE1_READY_TO_RUN\datasets\processed\bank_marketing\bank_marketing.csv,y,none,Hybrid NBEM,42,5,StratifiedKFold_10,10,True,False,45211,15,2,3,6,6,0.8927228489272285,0.5981630084365328,0.870982868832116,0.8927228489272285,0.8687789457957392,0.7625022476946883,0.5981630084365328,0.629822932699637,0.7640806187043274,44.011669610627,0.1339935539290309,61.12709999084473,OK
without_duration,bank_duration_sensitivity:without_duration,bank_marketing,Bank,C:\inetpub\wwwroot\up\uni\mlm\NBEM_Major_Revision_STAGE1_READY_TO_RUN\NBEM_Major_Revision_STAGE1_READY_TO_RUN\datasets\processed\bank_marketing\bank_marketing.csv,y,none,Hybrid NBEM,42,6,StratifiedKFold_10,10,True,False,45211,15,2,3,6,6,0.8889626188896262,0.5763554519246432,0.8630511388087284,0.8889626188896262,0.8606104530062549,0.7443587373270493,0.5763554519246432,0.6008656105350535,0.7702105534320056,28.96385663188994,0.1492829248309135,61.12995338439941,OK
without_duration,bank_duration_sensitivity:without_duration,bank_marketing,Bank,C:\inetpub\wwwroot\up\uni\mlm\NBEM_Major_Revision_STAGE1_READY_TO_RUN\NBEM_Major_Revision_STAGE1_READY_TO_RUN\datasets\processed\bank_marketing\bank_marketing.csv,y,none,Hybrid NBEM,42,7,StratifiedKFold_10,10,True,False,45211,15,2,3,6,6,0.8880778588807786,0.5766743790037542,0.8612408845773099,0.8880778588807786,0.8602229481510533,0.7363263119793095,0.5766743790037542,0.6009176904708406,0.7768367547950342,44.19554103817791,0.1393997017294168,61.128957748413086,OK
without_duration,bank_duration_sensitivity:without_duration,bank_marketing,Bank,C:\inetpub\wwwroot\up\uni\mlm\NBEM_Major_Revision_STAGE1_READY_TO_RUN\NBEM_Major_Revision_STAGE1_READY_TO_RUN\datasets\processed\bank_marketing\bank_marketing.csv,y,none,Hybrid NBEM,42,8,StratifiedKFold_10,10,True,False,45211,15,2,3,6,6,0.8889626188896262,0.5812750264233572,0.8632518719694747,0.8889626188896262,0.8620322010412628,0.7416175596955884,0.5812750264233572,0.6072233567546987,0.7654955468593141,35.5603591222316,0.1556399352848529,61.12712860107422,OK
without_duration,bank_duration_sensitivity:without_duration,bank_marketing,Bank,C:\inetpub\wwwroot\up\uni\mlm\NBEM_Major_Revision_STAGE1_READY_TO_RUN\NBEM_Major_Revision_STAGE1_READY_TO_RUN\datasets\processed\bank_marketing\bank_marketing.csv,y,none,Hybrid NBEM,42,9,StratifiedKFold_10,10,True,False,45211,15,2,3,6,6,0.893828798938288,0.6004291191077807,0.8731035801238102,0.893828798938288,0.870026587264701,0.7699837054764875,0.6004291191077807,0.6331672222485175,0.7885932545620542,45.58312979154289,0.1333609279245138,61.12853717803955,OK
without_duration,bank_duration_sensitivity:without_duration,bank_marketing,Bank,C:\inetpub\wwwroot\up\uni\mlm\NBEM_Major_Revision_STAGE1_READY_TO_RUN\NBEM_Major_Revision_STAGE1_READY_TO_RUN\datasets\processed\bank_marketing\bank_marketing.csv,y,none,Hybrid NBEM,42,10,StratifiedKFold_10,10,True,False,45211,15,2,3,6,6,0.893607608936076,0.6003038686067788,0.872675689474777,0.893607608936076,0.869861181294331,0.7682272210389288,0.6003038686067788,0.6328759394402584,0.7925453932439548,28.921645868569613,0.1343959392979741,61.122300148010254,OK
