analysis,dataset,display_name,file,target,target_transform,model,seed,fold,cv_protocol,n_splits_or_total_folds,stratified,grouped,n_rows,n_features,n_classes,n_boolean,n_categorical,n_numerical,accuracy,balanced_accuracy,precision_weighted,recall_weighted,f1_weighted,precision_macro,recall_macro,f1_macro,roc_auc_weighted,train_time_s,inference_time_s,peak_memory_mb,status
main,bank_marketing,Bank,/mnt/data/work/final2/FULL_ARCHIVE_MAJOR_REVISION_Mrs_Dr_Samane_Ghods_FINAL_20SEED/05_DATASETS/datasets/processed/bank_marketing/bank_marketing.csv,y,none,Hybrid w/o Deep,42,1,StratifiedKFold_10,10,True,False,45211,15,2,3,6,6,0.8836797877045555,0.5610527307476174,0.8509266177969828,0.8836797877045555,0.8532123368442088,0.7031961743597016,0.5610527307476174,0.5783705405414987,0.7632851819606807,0.4463107770000079,0.0244006249999984,18.62853717803955,OK
main,bank_marketing,Bank,/mnt/data/work/final2/FULL_ARCHIVE_MAJOR_REVISION_Mrs_Dr_Samane_Ghods_FINAL_20SEED/05_DATASETS/datasets/processed/bank_marketing/bank_marketing.csv,y,none,Hybrid w/o Deep,42,2,StratifiedKFold_10,10,True,False,45211,15,2,3,6,6,0.8876354788763547,0.5698879288755322,0.8597201585149534,0.8876354788763547,0.8581088673860042,0.7337740842281624,0.5698879288755322,0.5916773340160437,0.7345221561975883,0.6572717270000794,0.06263836899984199,18.62883758544922,OK
main,bank_marketing,Bank,/mnt/data/work/final2/FULL_ARCHIVE_MAJOR_REVISION_Mrs_Dr_Samane_Ghods_FINAL_20SEED/05_DATASETS/datasets/processed/bank_marketing/bank_marketing.csv,y,none,Hybrid w/o Deep,42,3,StratifiedKFold_10,10,True,False,45211,15,2,3,6,6,0.8876354788763547,0.5690445162536794,0.8598937097478733,0.8876354788763547,0.8577038448067309,0.736092490041776,0.5690445162536794,0.5905562963966597,0.7711434210576161,0.7177072140000291,0.07361961499987046,18.628822326660156,OK
main,bank_marketing,Bank,/mnt/data/work/final2/FULL_ARCHIVE_MAJOR_REVISION_Mrs_Dr_Samane_Ghods_FINAL_20SEED/05_DATASETS/datasets/processed/bank_marketing/bank_marketing.csv,y,none,Hybrid w/o Deep,42,4,StratifiedKFold_10,10,True,False,45211,15,2,3,6,6,0.8911745189117452,0.5685887370203545,0.8692203942058169,0.8911745189117452,0.8594044630325325,0.7765043773074882,0.5685887370203545,0.5910637227649379,0.7751746403961042,0.6554980779999369,0.0742685039999742,18.628807067871094,OK
main,bank_marketing,Bank,/mnt/data/work/final2/FULL_ARCHIVE_MAJOR_REVISION_Mrs_Dr_Samane_Ghods_FINAL_20SEED/05_DATASETS/datasets/processed/bank_marketing/bank_marketing.csv,y,none,Hybrid w/o Deep,42,5,StratifiedKFold_10,10,True,False,45211,15,2,3,6,6,0.8880778588807786,0.5717548045050403,0.8609830861667873,0.8880778588807786,0.8587629969927454,0.7388096513900271,0.5717548045050403,0.5943948544972795,0.7472388065355664,0.6837696299999152,0.058348189000071216,18.62879180908203,OK
main,bank_marketing,Bank,/mnt/data/work/final2/FULL_ARCHIVE_MAJOR_REVISION_Mrs_Dr_Samane_Ghods_FINAL_20SEED/05_DATASETS/datasets/processed/bank_marketing/bank_marketing.csv,y,none,Hybrid w/o Deep,42,6,StratifiedKFold_10,10,True,False,45211,15,2,3,6,6,0.8869719088697191,0.5637491902519595,0.858136259290522,0.8869719088697191,0.8557062990065724,0.7323706994759627,0.5637491902519595,0.5829788255655712,0.7656537081724887,0.6564074529999289,0.07109631399998761,18.62877655029297,OK
main,bank_marketing,Bank,/mnt/data/work/final2/FULL_ARCHIVE_MAJOR_REVISION_Mrs_Dr_Samane_Ghods_FINAL_20SEED/05_DATASETS/datasets/processed/bank_marketing/bank_marketing.csv,y,none,Hybrid w/o Deep,42,7,StratifiedKFold_10,10,True,False,45211,15,2,3,6,6,0.8878566688785667,0.5716295540040384,0.8604982826392685,0.8878566688785667,0.8586078748381644,0.7368140900195694,0.5716295540040384,0.5941468467391737,0.7554049497861508,0.6339635179999732,0.07201724399988052,18.628746032714844,OK
main,bank_marketing,Bank,/mnt/data/work/final2/FULL_ARCHIVE_MAJOR_REVISION_Mrs_Dr_Samane_Ghods_FINAL_20SEED/05_DATASETS/datasets/processed/bank_marketing/bank_marketing.csv,y,none,Hybrid w/o Deep,42,8,StratifiedKFold_10,10,True,False,45211,15,2,3,6,6,0.887193098871931,0.5646943698360805,0.8586965736058485,0.887193098871931,0.8561186363594977,0.7340962364891261,0.5646943698360805,0.5843740311055672,0.7515049001594872,0.7604045269999915,0.06902007700000468,18.62873077392578,OK
main,bank_marketing,Bank,/mnt/data/work/final2/FULL_ARCHIVE_MAJOR_REVISION_Mrs_Dr_Samane_Ghods_FINAL_20SEED/05_DATASETS/datasets/processed/bank_marketing/bank_marketing.csv,y,none,Hybrid w/o Deep,42,9,StratifiedKFold_10,10,True,False,45211,15,2,3,6,6,0.8905109489051095,0.586251425345966,0.8664969935302819,0.8905109489051095,0.8642985321328706,0.7519510879338249,0.586251425345966,0.6142335203360014,0.7779817669365195,0.7716956879999088,0.08297131899985288,18.62871551513672,OK
main,bank_marketing,Bank,/mnt/data/work/final2/FULL_ARCHIVE_MAJOR_REVISION_Mrs_Dr_Samane_Ghods_FINAL_20SEED/05_DATASETS/datasets/processed/bank_marketing/bank_marketing.csv,y,none,Hybrid w/o Deep,42,10,StratifiedKFold_10,10,True,False,45211,15,2,3,6,6,0.8869719088697191,0.5744082683325062,0.8589101012148346,0.8869719088697191,0.8589621596818892,0.7279423924427797,0.5744082683325062,0.597512667936727,0.7776100404968729,0.7065421300001162,0.06251321000013377,18.628700256347656,OK
