dataset,display_name,model,report_model,seed,accuracy_crossfit,balanced_accuracy_crossfit,precision_weighted_crossfit,recall_weighted_crossfit,f1_weighted_crossfit,precision_macro_crossfit,recall_macro_crossfit,f1_macro_crossfit,roc_auc_weighted_crossfit,total_train_pipeline_s,preprocess_test_s,model_inference_s,total_test_pipeline_s,oof_meta_training_s,final_base_refit_s,accuracy_noncross,balanced_accuracy_noncross,precision_weighted_noncross,recall_weighted_noncross,f1_weighted_noncross,precision_macro_noncross,recall_macro_noncross,f1_macro_noncross,roc_auc_weighted_noncross,delta_crossfit_minus_noncross_accuracy,delta_crossfit_minus_noncross_balanced_accuracy,delta_crossfit_minus_noncross_precision_weighted,delta_crossfit_minus_noncross_recall_weighted,delta_crossfit_minus_noncross_f1_weighted,delta_crossfit_minus_noncross_precision_macro,delta_crossfit_minus_noncross_recall_macro,delta_crossfit_minus_noncross_f1_macro,delta_crossfit_minus_noncross_roc_auc_weighted
bank_marketing,Bank,Cross-Fitted Hybrid NBEM,Hybrid NBEM (actual cross-fitted stacker),13,0.8924376840457834,0.5838214793806755,0.871094807305742,0.8924376840457834,0.8646316038169323,0.7734070824355626,0.5838214793806755,0.6117790563433709,0.7744051601463638,227.8052308421582,0.24608058473095298,0.07042265012860298,0.31650323485955595,185.48075157254934,42.32447926960886,0.8920616806077021,0.593203787028153,0.8697309197147426,0.8920616806077021,0.8670298056769992,0.7606425763558978,0.593203787028153,0.6232670539414353,0.7751667064501314,0.0003760034380813071,-0.009382307647477495,0.0013638875909993686,0.0003760034380813071,-0.0023982018600668953,0.012764506079664728,-0.009382307647477495,-0.011487997598064403,-0.0007615463037675685
bank_marketing,Bank,Cross-Fitted Hybrid NBEM,Hybrid NBEM (actual cross-fitted stacker),21,0.8911105880552899,0.5911919001437516,0.8678499879871197,0.8911105880552899,0.8658837774215516,0.7539897568385495,0.5911919001437516,0.6200743147617944,0.774386790032239,237.1078525852412,0.2442155578173697,0.0642107049934566,0.3084262628108263,193.72212984180078,43.38572274344042,0.8916635483865603,0.5938000835530837,0.8687876314062042,0.8916635483865603,0.8669590104783123,0.756140014239301,0.5938000835530837,0.6237574907465883,0.7740222452861056,-0.0005529603312703912,-0.00260818340933211,-0.0009376434190845329,-0.0005529603312703912,-0.001075233056760605,-0.0021502574007514763,-0.00260818340933211,-0.0036831759847938406,0.000364544746133344
bank_marketing,Bank,Cross-Fitted Hybrid NBEM,Hybrid NBEM (actual cross-fitted stacker),42,0.8909336800762983,0.5871529436273547,0.8677233280769366,0.8909336800762983,0.8647373587071101,0.7564349337004922,0.5871529436273547,0.6152901515237377,0.7747880582120534,238.81878324886785,0.2583952504210174,0.06718259137123823,0.32557784179225563,198.6870647548698,40.13171849399805,0.8909779180767406,0.5898837910693662,0.8675272032621054,0.8909779180767406,0.8655319126995634,0.7535946241562543,0.5898837910693662,0.6187494772089169,0.7757863757559276,-4.423800044239812e-05,-0.0027308474420114637,0.00019612481483122224,-4.423800044239812e-05,-0.0007945539924533174,0.0028403095442378623,-0.0027308474420114637,-0.0034593256851792598,-0.0009983175438741387
bank_marketing,Bank,Cross-Fitted Hybrid NBEM,Hybrid NBEM (actual cross-fitted stacker),87,0.891663470123844,0.5832146478019266,0.8690597586627519,0.891663470123844,0.8640141340991342,0.7650841570825996,0.5832146478019266,0.6105727122616275,0.7734950531378231,237.08569540483876,0.23083149436861278,0.053852052241563794,0.2846835466101766,196.90690270708873,40.17879269775003,0.8917077081242862,0.5916859628907357,0.8689312785702754,0.8917077081242862,0.8663719955177402,0.7582909445054361,0.5916859628907357,0.6210379077652248,0.7732905694511161,-4.4238000442287095e-05,-0.008471315088809162,0.0001284800924764573,-4.4238000442287095e-05,-0.0023578614186060554,0.006793212577163477,-0.008471315088809162,-0.010465195503597369,0.00020448368670700212
bank_marketing,Bank,Cross-Fitted Hybrid NBEM,Hybrid NBEM (actual cross-fitted stacker),123,0.8918626291713906,0.588990813256013,0.8694579965775073,0.8918626291713906,0.8657142393305237,0.7625512528837152,0.588990813256013,0.6177887862297575,0.7747939250261648,236.5122030057013,0.23545880084857346,0.06392433606088162,0.29938313690945506,188.41880738371984,48.09339562198147,0.8918626291713906,0.5980106141187022,0.8695987085182983,0.8918626291713906,0.8681845627260352,0.7564973079603707,0.5980106141187022,0.6288568593103844,0.7738446286005278,0.0,-0.009019800862689165,-0.00014071194079101623,0.0,-0.0024703233955114534,0.006053944923344434,-0.009019800862689165,-0.01106807308062685,0.000949296425637014
car_evaluation,Car Evaluation,Cross-Fitted Hybrid NBEM,Hybrid NBEM (actual cross-fitted stacker),13,0.9571884661916924,0.8923955629697258,0.9594957993009814,0.9571884661916924,0.9568922415045431,0.9096935399555945,0.8923955629697258,0.8953158602826964,0.9952854991132571,25.864810481481253,0.025289465487003327,0.013145451061427593,0.03843491654843092,18.892610286641865,6.972200194839388,0.9542982927812877,0.8779673874769569,0.9556828702256424,0.9542982927812877,0.9536626443110112,0.9161403281451743,0.8779673874769569,0.8903840825116165,0.9949810503086942,0.0028901734104046506,0.014428175492768869,0.0038129290753390332,0.0028901734104046506,0.0032295971935318857,-0.006446788189579777,0.014428175492768869,0.004931777771079893,0.000304448804562929
car_evaluation,Car Evaluation,Cross-Fitted Hybrid NBEM,Hybrid NBEM (actual cross-fitted stacker),21,0.9415075951068692,0.8491264716145099,0.9422487140435362,0.9415075951068692,0.9390719982327326,0.8891303155927457,0.8491264716145099,0.8555080341036778,0.9923544812629801,25.585975109878927,0.02418346079066396,0.012389845866709947,0.036573306657373905,19.53778648590669,6.048188623972237,0.9450026885334051,0.8465500408682226,0.9473254021557563,0.9450026885334051,0.9439651504444407,0.9071499141237591,0.8465500408682226,0.8654572075740754,0.9932871390037695,-0.003495093426535867,0.002576430746287328,-0.0050766881122201735,-0.003495093426535867,-0.004893152211708163,-0.018019598531013425,0.002576430746287328,-0.009949173470397588,-0.0009326577407894332
car_evaluation,Car Evaluation,Cross-Fitted Hybrid NBEM,Hybrid NBEM (actual cross-fitted stacker),42,0.9264518080387149,0.8205619141623925,0.927066441754766,0.9264518080387149,0.9240160508886494,0.8717773624145391,0.8205619141623925,0.833372420093989,0.9892161092444454,20.395614595152438,0.02426265589892864,0.013558472599834203,0.037821128498762846,15.954181008692832,4.441433586459607,0.9310962494959,0.823686739894874,0.9317314519188349,0.9310962494959,0.9291339318662335,0.8793014298074986,0.823686739894874,0.840232448182511,0.990894596991953,-0.004644441457185122,-0.0031248257324814066,-0.004665010164068839,-0.004644441457185122,-0.005117880977584144,-0.007524067392959521,-0.0031248257324814066,-0.00686002808852193,-0.0016784877475076732
car_evaluation,Car Evaluation,Cross-Fitted Hybrid NBEM,Hybrid NBEM (actual cross-fitted stacker),87,0.933495765559887,0.8508235185866765,0.9401729854330323,0.933495765559887,0.9238970614818539,0.8937632829746447,0.8508235185866765,0.8525387325466568,0.9926730345017966,26.724685417395087,0.024356717243790627,0.013473681267350912,0.03783039851114154,20.34052544236183,6.384159975033254,0.9502587713402338,0.866847247648683,0.9534610193990357,0.9502587713402338,0.9496021459511441,0.9235543941758475,0.866847247648683,0.8846893533197209,0.9942940255356003,-0.01676300578034684,-0.016023729062006553,-0.01328803396600342,-0.01676300578034684,-0.025705084469290207,-0.029791111201202813,-0.016023729062006553,-0.032150620773064076,-0.0016209910338037536
car_evaluation,Car Evaluation,Cross-Fitted Hybrid NBEM,Hybrid NBEM (actual cross-fitted stacker),123,0.9056459201505579,0.7610014586689228,0.9054623047908453,0.9056459201505579,0.8983442503011615,0.8492959457121577,0.7610014586689228,0.7748151199344055,0.987139421310958,21.133215095382184,0.02419465221464634,0.012690140306949616,0.036884792521595954,17.146638713404535,3.9865763819776476,0.9247714746605726,0.8141993572615582,0.929149722200146,0.9247714746605726,0.9227998663610185,0.8867464217802313,0.8141993572615582,0.8281944976959121,0.9884957179626473,-0.01912555451001474,-0.05319789859263546,-0.023687417409300693,-0.01912555451001474,-0.02445561605985702,-0.03745047606807361,-0.05319789859263546,-0.053379377761506586,-0.0013562966516893482
dry_bean_dataset,Dry Beans,Cross-Fitted Hybrid NBEM,Hybrid NBEM (actual cross-fitted stacker),13,0.9289545887590211,0.938959363337661,0.9291972317133294,0.9289545887590211,0.9287798289304341,0.9414735976343451,0.938959363337661,0.9399829502816655,0.9932246996830406,90.72929542372003,0.014736625459045171,0.046617311984300615,0.06135393744334579,71.25773810604588,19.47155731767416,0.9297628180022247,0.9397187723363007,0.93000921430411,0.9297628180022247,0.929696770262151,0.9423513586606251,0.9397187723363007,0.9408747145012508,0.993311505223258,-0.000808229243203562,-0.0007594089986397989,-0.0008119825907806355,-0.000808229243203562,-0.0009169413317169361,-0.0008777610262800106,-0.0007594089986397989,-0.000891764219585367,-8.680554021733844e-05
dry_bean_dataset,Dry Beans,Cross-Fitted Hybrid NBEM,Hybrid NBEM (actual cross-fitted stacker),21,0.9273376986991296,0.9382220050730776,0.9283495078003273,0.9273376986991296,0.9274623560931621,0.9403360968791089,0.9382220050730776,0.938925110455535,0.9932745819238855,84.23693442856893,0.014889463596045972,0.03472442561760545,0.04961388921365142,64.84696433804929,19.389970090519636,0.9299092293068606,0.9401494514960579,0.9304306854625768,0.9299092293068606,0.9299653392979262,0.94268713741439,0.9401494514960579,0.9412214741833695,0.9934634912211923,-0.002571530607730965,-0.0019274464229802613,-0.002081177662249467,-0.002571530607730965,-0.0025029832047641642,-0.0023510405352811237,-0.0019274464229802613,-0.002296363727834594,-0.00018890929730674966
dry_bean_dataset,Dry Beans,Cross-Fitted Hybrid NBEM,Hybrid NBEM (actual cross-fitted stacker),42,0.9291758780632277,0.9396583052598169,0.9300116524434202,0.9291758780632277,0.9292708847003519,0.9415613443200705,0.9396583052598169,0.9403139124665435,0.9934836765231806,90.17950259670616,0.014305192604660988,0.03583846166729927,0.050143654271960256,70.54716143012047,19.632341166585682,0.9299106319206855,0.9398410173364281,0.930264580309547,0.9299106319206855,0.9299131218322936,0.941929867722525,0.9398410173364281,0.9407131655438701,0.9935454425981488,-0.0007347538574578039,-0.00018271207661124667,-0.0002529278661267398,-0.0007347538574578039,-0.0006422371319416698,-0.0003685234024544126,-0.00018271207661124667,-0.0003992530773265779,-6.176607496821696e-05
dry_bean_dataset,Dry Beans,Cross-Fitted Hybrid NBEM,Hybrid NBEM (actual cross-fitted stacker),87,0.9304240425272512,0.9400164640583217,0.9310971358916706,0.9304240425272512,0.9305212646745773,0.9436236391406811,0.9400164640583217,0.9415670386006824,0.9933707088936868,85.72728849314153,0.014221127424389125,0.036013597343117,0.05023472476750612,66.6504325857386,19.076855907402933,0.9307912576159234,0.9406123859509528,0.931213118828896,0.9307912576159234,0.9307828763064012,0.9439203985878422,0.9406123859509528,0.9420599505178593,0.9935181998241978,-0.00036721508867221253,-0.0005959218926310239,-0.00011598293722536734,-0.00036721508867221253,-0.00026161163182392144,-0.0002967594471610102,-0.0005959218926310239,-0.0004929119171769303,-0.00014749093051091844
dry_bean_dataset,Dry Beans,Cross-Fitted Hybrid NBEM,Hybrid NBEM (actual cross-fitted stacker),123,0.9285868342034934,0.9388079548497696,0.929154914325635,0.9285868342034934,0.9285722602451676,0.941255004788955,0.9388079548497696,0.9397705652391602,0.9933407138268366,88.02514085648582,0.014846576657146216,0.038024243991822006,0.05287082064896822,70.55536309117451,17.4697777653113,0.9291012158503994,0.9392990870680263,0.9294755062068336,0.9291012158503994,0.9290617509275769,0.941781297742765,0.9392990870680263,0.9403356389329612,0.9932926897828234,-0.0005143816469059814,-0.0004911322182566957,-0.0003205918811985953,-0.0005143816469059814,-0.0004894906824093326,-0.0005262929538100147,-0.0004911322182566957,-0.0005650736938009882,4.802404401327287e-05
heart_disease,Heart Disease,Cross-Fitted Hybrid NBEM,Hybrid NBEM (actual cross-fitted stacker),13,0.6203225806451613,0.3609705882352941,0.5380726691883775,0.6203225806451613,0.5591410985327394,0.33847920195746284,0.3609705882352941,0.33093720537683385,0.829941421217654,3.7388879635371266,0.026943432819098233,0.017322486639022826,0.04426591945812106,3.054301596339792,0.6845863671973348,0.6002150537634409,0.33603431372549014,0.5456251201240215,0.6002150537634409,0.5643887368480398,0.31783090078136517,0.33603431372549014,0.3185170316439666,0.8270208482525316,0.02010752688172046,0.024936274509803957,-0.007552450935644051,0.02010752688172046,-0.005247638315300396,0.020648301176097672,0.024936274509803957,0.012420173732867246,0.002920572965122381
heart_disease,Heart Disease,Cross-Fitted Hybrid NBEM,Hybrid NBEM (actual cross-fitted stacker),21,0.6168817204301076,0.34805392156862747,0.5337563072829965,0.6168817204301076,0.5499954625370584,0.3409005879031454,0.34805392156862747,0.3220664754875281,0.8259633739624469,3.6118587140925227,0.026853430084884167,0.01666393270716071,0.04351736279204488,3.024516816996038,0.5873418970964849,0.5743010752688172,0.2933676470588235,0.5077286389259932,0.5743010752688172,0.5222162644845157,0.28707286642553836,0.2933676470588235,0.27176314849999056,0.8210010158561142,0.04258064516129034,0.054686274509803956,0.02602766835700332,0.04258064516129034,0.027779198052542697,0.05382772147760706,0.054686274509803956,0.05030332698753753,0.0049623581063327205
heart_disease,Heart Disease,Cross-Fitted Hybrid NBEM,Hybrid NBEM (actual cross-fitted stacker),42,0.6075268817204301,0.3347107843137255,0.5110687863823331,0.6075268817204301,0.5419321052227274,0.3078383299564885,0.3347107843137255,0.30203577347540195,0.831550243634337,3.6518162459135057,0.026180395018309356,0.01627342216670513,0.04245381718501449,2.8941876637749373,0.7576285821385682,0.5908602150537634,0.3203676470588235,0.5193879981616261,0.5908602150537634,0.5472512581130378,0.28740153292438253,0.3203676470588235,0.29762148644269387,0.8150778500177089,0.01666666666666672,0.014343137254901994,-0.008319211779292957,0.01666666666666672,-0.005319152890310375,0.02043679703210599,0.014343137254901994,0.004414287032708075,0.01647239361662811
heart_disease,Heart Disease,Cross-Fitted Hybrid NBEM,Hybrid NBEM (actual cross-fitted stacker),87,0.6040860215053764,0.3336470588235294,0.5243123837269492,0.6040860215053764,0.5511282625198717,0.31834800566090105,0.3336470588235294,0.31317417701492306,0.8306791464958503,3.5754690863192082,0.027105839271098376,0.018369714729487896,0.04547555400058627,2.905292053986341,0.6701770323328674,0.5775268817204301,0.2928970588235294,0.516531964145421,0.5775268817204301,0.538585054061335,0.2783962021324721,0.2928970588235294,0.27751775679716856,0.8182783370072023,0.026559139784946284,0.04075000000000001,0.007780419581528197,0.026559139784946284,0.012543208458536736,0.03995180352842892,0.04075000000000001,0.0356564202177545,0.012400809488647968
heart_disease,Heart Disease,Cross-Fitted Hybrid NBEM,Hybrid NBEM (actual cross-fitted stacker),123,0.6208602150537634,0.3552205882352941,0.5515700705714731,0.6208602150537634,0.5631049567356868,0.37502881297446516,0.3552205882352941,0.3383974085421454,0.8306908275207127,3.2527301136404274,0.02549693761393428,0.016123531572520732,0.04162046918645501,2.6860905717127026,0.566639541927725,0.5910752688172043,0.3162941176470588,0.5207861163604197,0.5910752688172043,0.5478933300563182,0.2965404788709742,0.3162941176470588,0.2984526265973634,0.8328226309882595,0.02978494623655914,0.03892647058823534,0.0307839542110534,0.02978494623655914,0.015211626679368595,0.07848833410349099,0.03892647058823534,0.039944781944782015,-0.0021318034675468223
internet_advertisements,Internet Ads,Cross-Fitted Hybrid NBEM,Hybrid NBEM (actual cross-fitted stacker),13,0.9740797717610203,0.9229519991777162,0.973841761076345,0.9740797717610203,0.9733322398322871,0.9673174953991065,0.9229519991777162,0.9431369897227129,0.9785651146058176,546.6480131897144,3.6283139357343317,0.20601656222715975,3.834330497961491,441.0684323796071,105.57958081010729,0.969507533378086,0.927593791756604,0.9694301718232765,0.969507533378086,0.9692366635161148,0.9451048893373619,0.927593791756604,0.935619000488229,0.978182923904478,0.004572238382934302,-0.004641792578887749,0.004411589253068504,0.004572238382934302,0.0040955763161723,0.022212606061744578,-0.004641792578887749,0.0075179892344838795,0.000382190701339602
internet_advertisements,Internet Ads,Cross-Fitted Hybrid NBEM,Hybrid NBEM (actual cross-fitted stacker),21,0.9728574625195794,0.9230558125192723,0.9728903849747743,0.9728574625195794,0.97217655559327,0.9631075970657534,0.9230558125192723,0.9408459106184012,0.9808800150752047,550.2000328487717,3.6688163967803122,0.1698314594104886,3.838647856190801,439.2730250856839,110.92700776308774,0.9673687252927575,0.9198401685681981,0.9678184840634418,0.9673687252927575,0.9669282009074159,0.9453310526064638,0.9198401685681981,0.9304519830691591,0.9805278034741495,0.00548873722682186,0.0032156439510742096,0.005071900911332472,0.00548873722682186,0.005248354685854051,0.017776544459289667,0.0032156439510742096,0.010393927549242066,0.0003522116010552523
internet_advertisements,Internet Ads,Cross-Fitted Hybrid NBEM,Hybrid NBEM (actual cross-fitted stacker),42,0.9762111210561647,0.9313978826189743,0.9761689601492588,0.9762111210561647,0.9756159611312724,0.9685646762217699,0.9313978826189743,0.9481478349834573,0.9805511871723713,523.8885998004116,3.5918347334489225,0.18497260631993412,3.776807339768857,422.6977496732958,101.19085012711585,0.9673715223390765,0.9271898447939151,0.9681931275299066,0.9673715223390765,0.9673444257664991,0.939936445450458,0.9271898447939151,0.9321995651401117,0.9800859115359577,0.00883959871708817,0.0042080378250591854,0.007975832619352197,0.00883959871708817,0.008271535364773208,0.028628230771311935,0.0042080378250591854,0.01594826984334563,0.00046527563641363123
internet_advertisements,Internet Ads,Cross-Fitted Hybrid NBEM,Hybrid NBEM (actual cross-fitted stacker),87,0.9728611919146715,0.9222427793195601,0.9728370785971643,0.9728611919146715,0.9722154355322512,0.963872850900712,0.9222427793195601,0.9410375330728498,0.9814060198033371,543.8894372067414,3.828298729006201,0.2129922709427774,4.041290999948979,439.26719109192493,104.62224611481652,0.968284291787872,0.9313845205057045,0.9689610614459537,0.968284291787872,0.9683130705518505,0.9391288532433253,0.9313845205057045,0.9342924386386209,0.9805690033233974,0.004576900126799455,-0.009141741186144414,0.0038760171512105535,0.004576900126799455,0.003902364980400752,0.024743997657386663,-0.009141741186144414,0.006745094434228882,0.0008370164799397228
internet_advertisements,Internet Ads,Cross-Fitted Hybrid NBEM,Hybrid NBEM (actual cross-fitted stacker),123,0.9725535168195718,0.9147157981293041,0.9724890694070037,0.9725535168195718,0.9715067618312677,0.969271835700477,0.9147157981293041,0.938745974250508,0.9773258642546339,569.6363377265632,3.9441249137744308,0.21747276214882733,4.161597675923258,464.88825572198255,104.74808200458065,0.9682805623927798,0.9176431287902147,0.968168493263083,0.9682805623927798,0.9676356518174247,0.9490362622947341,0.9176431287902147,0.9314685080276359,0.9761405762839621,0.004272954426791986,-0.0029273306609105543,0.004320576143920785,0.004272954426791986,0.0038711100138429932,0.02023557340574289,-0.0029273306609105543,0.007277466222872064,0.0011852879706717445
productivity_prediction_of_garment_employees,Productivity Prediction,Cross-Fitted Hybrid NBEM,Hybrid NBEM (actual cross-fitted stacker),13,0.746001400560224,0.5620278972308799,0.7373304273502996,0.746001400560224,0.7172909253490054,0.6946824064106509,0.5620278972308799,0.5640714060757085,0.877061628301744,14.19822420682758,0.042279450502246615,0.020513806212693452,0.06279325671494007,10.983661521133035,3.2145626856945455,0.7401960784313726,0.5710156531614692,0.7240040058429795,0.7401960784313726,0.7171861718079109,0.6645409242172055,0.5710156531614692,0.5820468846102317,0.8777565655498186,0.005805322128851431,-0.008987755930589314,0.013326421507320108,0.005805322128851431,0.00010475354109451551,0.03014148219344548,-0.008987755930589314,-0.017975478534523193,-0.0006949372480746785
productivity_prediction_of_garment_employees,Productivity Prediction,Cross-Fitted Hybrid NBEM,Hybrid NBEM (actual cross-fitted stacker),21,0.7259313725490196,0.5203749537614492,0.6796115569769554,0.7259313725490196,0.6861322614701552,0.5648245812654589,0.5203749537614492,0.5031376437544879,0.8632746729105081,13.452568005770445,0.041667969711124894,0.019133692048490046,0.06080166175961495,10.660498633235694,2.792069372534752,0.732626050420168,0.5489672971632376,0.7161362231393975,0.732626050420168,0.7030769457484175,0.6726865331714298,0.5489672971632376,0.5560465497457696,0.8637281983003021,-0.006694677871148413,-0.0285923434017884,-0.0365246661624421,-0.006694677871148413,-0.016944684278262345,-0.10786195190597092,-0.0285923434017884,-0.05290890599128173,-0.00045352538979404056
productivity_prediction_of_garment_employees,Productivity Prediction,Cross-Fitted Hybrid NBEM,Hybrid NBEM (actual cross-fitted stacker),42,0.7368487394957983,0.5390995225585118,0.7016807904744079,0.7368487394957983,0.7025288987477866,0.6147512980532135,0.5390995225585118,0.5362110429855369,0.8730241470379262,12.961643510311841,0.040835988335311414,0.01943526742979884,0.060271255765110256,10.077299172617495,2.8843443376943467,0.7234663865546218,0.545736392546666,0.6979110064542631,0.7234663865546218,0.6965403959021933,0.6206021264333857,0.545736392546666,0.5490661838327201,0.8723227400118706,0.013382352941176512,-0.006636869988154159,0.0037697840201448285,0.013382352941176512,0.005988502845593269,-0.005850828380172257,-0.006636869988154159,-0.0128551408471832,0.0007014070260555894
productivity_prediction_of_garment_employees,Productivity Prediction,Cross-Fitted Hybrid NBEM,Hybrid NBEM (actual cross-fitted stacker),87,0.7276610644257703,0.5253704344383715,0.7127975186425441,0.7276610644257703,0.6906795509466861,0.6629922750815831,0.5253704344383715,0.5189450618283697,0.8621478957992297,14.478963391389698,0.040317884925752875,0.01918525043874979,0.05950313536450267,11.94038576046005,2.538577630929649,0.7159733893557423,0.5373874544400643,0.688435786922247,0.7159733893557423,0.6912656249459307,0.6002379641861011,0.5373874544400643,0.5420848340076924,0.8630284674415634,0.011687675070027992,-0.012017020001692802,0.024361731720297097,0.011687675070027992,-0.0005860739992445962,0.062754310895482,-0.012017020001692802,-0.023139772179322615,-0.0008805716423336829
productivity_prediction_of_garment_employees,Productivity Prediction,Cross-Fitted Hybrid NBEM,Hybrid NBEM (actual cross-fitted stacker),123,0.7268557422969188,0.5386140548671617,0.6957899670591642,0.7268557422969188,0.6961369938764583,0.6151198747350446,0.5386140548671617,0.5416605965595973,0.8680784454300975,14.439507944416254,0.042187482584267855,0.020133889373391868,0.06232137195765972,11.338655587565153,3.100852356851101,0.7326610644257703,0.5605456578923853,0.7094627993146978,0.7326610644257703,0.7083595224455139,0.6347560266062796,0.5605456578923853,0.5661347820813906,0.8659510855567418,-0.005805322128851431,-0.021931603025223567,-0.013672832255533618,-0.005805322128851431,-0.01222252856905559,-0.01963615187123502,-0.021931603025223567,-0.024474185521793257,0.002127359873355661
