dataset,display_name,model,report_model,seed,accuracy,balanced_accuracy,precision_weighted,recall_weighted,f1_weighted,precision_macro,recall_macro,f1_macro,roc_auc_weighted,total_train_pipeline_s,preprocess_test_s,model_inference_s,total_test_pipeline_s,oof_meta_training_s,final_base_refit_s
bank_marketing,Bank,Cross-Fitted Hybrid NBEM,Hybrid NBEM (actual cross-fitted stacker),13,0.8924376840457834,0.5838214793806755,0.871094807305742,0.8924376840457834,0.8646316038169323,0.7734070824355626,0.5838214793806755,0.6117790563433709,0.7744051601463638,227.8052308421582,0.24608058473095298,0.07042265012860298,0.31650323485955595,185.48075157254934,42.32447926960886
bank_marketing,Bank,Cross-Fitted Hybrid NBEM,Hybrid NBEM (actual cross-fitted stacker),21,0.8911105880552899,0.5911919001437516,0.8678499879871197,0.8911105880552899,0.8658837774215516,0.7539897568385495,0.5911919001437516,0.6200743147617944,0.774386790032239,237.1078525852412,0.2442155578173697,0.0642107049934566,0.3084262628108263,193.72212984180078,43.38572274344042
bank_marketing,Bank,Cross-Fitted Hybrid NBEM,Hybrid NBEM (actual cross-fitted stacker),42,0.8909336800762983,0.5871529436273547,0.8677233280769366,0.8909336800762983,0.8647373587071101,0.7564349337004922,0.5871529436273547,0.6152901515237377,0.7747880582120534,238.81878324886785,0.2583952504210174,0.06718259137123823,0.32557784179225563,198.6870647548698,40.13171849399805
bank_marketing,Bank,Cross-Fitted Hybrid NBEM,Hybrid NBEM (actual cross-fitted stacker),87,0.891663470123844,0.5832146478019266,0.8690597586627519,0.891663470123844,0.8640141340991342,0.7650841570825996,0.5832146478019266,0.6105727122616275,0.7734950531378231,237.08569540483876,0.23083149436861278,0.053852052241563794,0.2846835466101766,196.90690270708873,40.17879269775003
bank_marketing,Bank,Cross-Fitted Hybrid NBEM,Hybrid NBEM (actual cross-fitted stacker),123,0.8918626291713906,0.588990813256013,0.8694579965775073,0.8918626291713906,0.8657142393305237,0.7625512528837152,0.588990813256013,0.6177887862297575,0.7747939250261648,236.5122030057013,0.23545880084857346,0.06392433606088162,0.29938313690945506,188.41880738371984,48.09339562198147
car_evaluation,Car Evaluation,Cross-Fitted Hybrid NBEM,Hybrid NBEM (actual cross-fitted stacker),13,0.9571884661916924,0.8923955629697258,0.9594957993009814,0.9571884661916924,0.9568922415045431,0.9096935399555945,0.8923955629697258,0.8953158602826964,0.9952854991132571,25.864810481481253,0.025289465487003327,0.013145451061427593,0.03843491654843092,18.892610286641865,6.972200194839388
car_evaluation,Car Evaluation,Cross-Fitted Hybrid NBEM,Hybrid NBEM (actual cross-fitted stacker),21,0.9415075951068692,0.8491264716145099,0.9422487140435362,0.9415075951068692,0.9390719982327326,0.8891303155927457,0.8491264716145099,0.8555080341036778,0.9923544812629801,25.585975109878927,0.02418346079066396,0.012389845866709947,0.036573306657373905,19.53778648590669,6.048188623972237
car_evaluation,Car Evaluation,Cross-Fitted Hybrid NBEM,Hybrid NBEM (actual cross-fitted stacker),42,0.9264518080387149,0.8205619141623925,0.927066441754766,0.9264518080387149,0.9240160508886494,0.8717773624145391,0.8205619141623925,0.833372420093989,0.9892161092444454,20.395614595152438,0.02426265589892864,0.013558472599834203,0.037821128498762846,15.954181008692832,4.441433586459607
car_evaluation,Car Evaluation,Cross-Fitted Hybrid NBEM,Hybrid NBEM (actual cross-fitted stacker),87,0.933495765559887,0.8508235185866765,0.9401729854330323,0.933495765559887,0.9238970614818539,0.8937632829746447,0.8508235185866765,0.8525387325466568,0.9926730345017966,26.724685417395087,0.024356717243790627,0.013473681267350912,0.03783039851114154,20.34052544236183,6.384159975033254
car_evaluation,Car Evaluation,Cross-Fitted Hybrid NBEM,Hybrid NBEM (actual cross-fitted stacker),123,0.9056459201505579,0.7610014586689228,0.9054623047908453,0.9056459201505579,0.8983442503011615,0.8492959457121577,0.7610014586689228,0.7748151199344055,0.987139421310958,21.133215095382184,0.02419465221464634,0.012690140306949616,0.036884792521595954,17.146638713404535,3.9865763819776476
dry_bean_dataset,Dry Beans,Cross-Fitted Hybrid NBEM,Hybrid NBEM (actual cross-fitted stacker),13,0.9289545887590211,0.938959363337661,0.9291972317133294,0.9289545887590211,0.9287798289304341,0.9414735976343451,0.938959363337661,0.9399829502816655,0.9932246996830406,90.72929542372003,0.014736625459045171,0.046617311984300615,0.06135393744334579,71.25773810604588,19.47155731767416
dry_bean_dataset,Dry Beans,Cross-Fitted Hybrid NBEM,Hybrid NBEM (actual cross-fitted stacker),21,0.9273376986991296,0.9382220050730776,0.9283495078003273,0.9273376986991296,0.9274623560931621,0.9403360968791089,0.9382220050730776,0.938925110455535,0.9932745819238855,84.23693442856893,0.014889463596045972,0.03472442561760545,0.04961388921365142,64.84696433804929,19.389970090519636
dry_bean_dataset,Dry Beans,Cross-Fitted Hybrid NBEM,Hybrid NBEM (actual cross-fitted stacker),42,0.9291758780632277,0.9396583052598169,0.9300116524434202,0.9291758780632277,0.9292708847003519,0.9415613443200705,0.9396583052598169,0.9403139124665435,0.9934836765231806,90.17950259670616,0.014305192604660988,0.03583846166729927,0.050143654271960256,70.54716143012047,19.632341166585682
dry_bean_dataset,Dry Beans,Cross-Fitted Hybrid NBEM,Hybrid NBEM (actual cross-fitted stacker),87,0.9304240425272512,0.9400164640583217,0.9310971358916706,0.9304240425272512,0.9305212646745773,0.9436236391406811,0.9400164640583217,0.9415670386006824,0.9933707088936868,85.72728849314153,0.014221127424389125,0.036013597343117,0.05023472476750612,66.6504325857386,19.076855907402933
dry_bean_dataset,Dry Beans,Cross-Fitted Hybrid NBEM,Hybrid NBEM (actual cross-fitted stacker),123,0.9285868342034934,0.9388079548497696,0.929154914325635,0.9285868342034934,0.9285722602451676,0.941255004788955,0.9388079548497696,0.9397705652391602,0.9933407138268366,88.02514085648582,0.014846576657146216,0.038024243991822006,0.05287082064896822,70.55536309117451,17.4697777653113
heart_disease,Heart Disease,Cross-Fitted Hybrid NBEM,Hybrid NBEM (actual cross-fitted stacker),13,0.6203225806451613,0.3609705882352941,0.5380726691883775,0.6203225806451613,0.5591410985327394,0.33847920195746284,0.3609705882352941,0.33093720537683385,0.829941421217654,3.7388879635371266,0.026943432819098233,0.017322486639022826,0.04426591945812106,3.054301596339792,0.6845863671973348
heart_disease,Heart Disease,Cross-Fitted Hybrid NBEM,Hybrid NBEM (actual cross-fitted stacker),21,0.6168817204301076,0.34805392156862747,0.5337563072829965,0.6168817204301076,0.5499954625370584,0.3409005879031454,0.34805392156862747,0.3220664754875281,0.8259633739624469,3.6118587140925227,0.026853430084884167,0.01666393270716071,0.04351736279204488,3.024516816996038,0.5873418970964849
heart_disease,Heart Disease,Cross-Fitted Hybrid NBEM,Hybrid NBEM (actual cross-fitted stacker),42,0.6075268817204301,0.3347107843137255,0.5110687863823331,0.6075268817204301,0.5419321052227274,0.3078383299564885,0.3347107843137255,0.30203577347540195,0.831550243634337,3.6518162459135057,0.026180395018309356,0.01627342216670513,0.04245381718501449,2.8941876637749373,0.7576285821385682
heart_disease,Heart Disease,Cross-Fitted Hybrid NBEM,Hybrid NBEM (actual cross-fitted stacker),87,0.6040860215053764,0.3336470588235294,0.5243123837269492,0.6040860215053764,0.5511282625198717,0.31834800566090105,0.3336470588235294,0.31317417701492306,0.8306791464958503,3.5754690863192082,0.027105839271098376,0.018369714729487896,0.04547555400058627,2.905292053986341,0.6701770323328674
heart_disease,Heart Disease,Cross-Fitted Hybrid NBEM,Hybrid NBEM (actual cross-fitted stacker),123,0.6208602150537634,0.3552205882352941,0.5515700705714731,0.6208602150537634,0.5631049567356868,0.37502881297446516,0.3552205882352941,0.3383974085421454,0.8306908275207127,3.2527301136404274,0.02549693761393428,0.016123531572520732,0.04162046918645501,2.6860905717127026,0.566639541927725
internet_advertisements,Internet Ads,Cross-Fitted Hybrid NBEM,Hybrid NBEM (actual cross-fitted stacker),13,0.9740797717610203,0.9229519991777162,0.973841761076345,0.9740797717610203,0.9733322398322871,0.9673174953991065,0.9229519991777162,0.9431369897227129,0.9785651146058176,546.6480131897144,3.6283139357343317,0.20601656222715975,3.834330497961491,441.0684323796071,105.57958081010729
internet_advertisements,Internet Ads,Cross-Fitted Hybrid NBEM,Hybrid NBEM (actual cross-fitted stacker),21,0.9728574625195794,0.9230558125192723,0.9728903849747743,0.9728574625195794,0.97217655559327,0.9631075970657534,0.9230558125192723,0.9408459106184012,0.9808800150752047,550.2000328487717,3.6688163967803122,0.1698314594104886,3.838647856190801,439.2730250856839,110.92700776308774
internet_advertisements,Internet Ads,Cross-Fitted Hybrid NBEM,Hybrid NBEM (actual cross-fitted stacker),42,0.9762111210561647,0.9313978826189743,0.9761689601492588,0.9762111210561647,0.9756159611312724,0.9685646762217699,0.9313978826189743,0.9481478349834573,0.9805511871723713,523.8885998004116,3.5918347334489225,0.18497260631993412,3.776807339768857,422.6977496732958,101.19085012711585
internet_advertisements,Internet Ads,Cross-Fitted Hybrid NBEM,Hybrid NBEM (actual cross-fitted stacker),87,0.9728611919146715,0.9222427793195601,0.9728370785971643,0.9728611919146715,0.9722154355322512,0.963872850900712,0.9222427793195601,0.9410375330728498,0.9814060198033371,543.8894372067414,3.828298729006201,0.2129922709427774,4.041290999948979,439.26719109192493,104.62224611481652
internet_advertisements,Internet Ads,Cross-Fitted Hybrid NBEM,Hybrid NBEM (actual cross-fitted stacker),123,0.9725535168195718,0.9147157981293041,0.9724890694070037,0.9725535168195718,0.9715067618312677,0.969271835700477,0.9147157981293041,0.938745974250508,0.9773258642546339,569.6363377265632,3.9441249137744308,0.21747276214882733,4.161597675923258,464.88825572198255,104.74808200458065
productivity_prediction_of_garment_employees,Productivity Prediction,Cross-Fitted Hybrid NBEM,Hybrid NBEM (actual cross-fitted stacker),13,0.746001400560224,0.5620278972308799,0.7373304273502996,0.746001400560224,0.7172909253490054,0.6946824064106509,0.5620278972308799,0.5640714060757085,0.877061628301744,14.19822420682758,0.042279450502246615,0.020513806212693452,0.06279325671494007,10.983661521133035,3.2145626856945455
productivity_prediction_of_garment_employees,Productivity Prediction,Cross-Fitted Hybrid NBEM,Hybrid NBEM (actual cross-fitted stacker),21,0.7259313725490196,0.5203749537614492,0.6796115569769554,0.7259313725490196,0.6861322614701552,0.5648245812654589,0.5203749537614492,0.5031376437544879,0.8632746729105081,13.452568005770445,0.041667969711124894,0.019133692048490046,0.06080166175961495,10.660498633235694,2.792069372534752
productivity_prediction_of_garment_employees,Productivity Prediction,Cross-Fitted Hybrid NBEM,Hybrid NBEM (actual cross-fitted stacker),42,0.7368487394957983,0.5390995225585118,0.7016807904744079,0.7368487394957983,0.7025288987477866,0.6147512980532135,0.5390995225585118,0.5362110429855369,0.8730241470379262,12.961643510311841,0.040835988335311414,0.01943526742979884,0.060271255765110256,10.077299172617495,2.8843443376943467
productivity_prediction_of_garment_employees,Productivity Prediction,Cross-Fitted Hybrid NBEM,Hybrid NBEM (actual cross-fitted stacker),87,0.7276610644257703,0.5253704344383715,0.7127975186425441,0.7276610644257703,0.6906795509466861,0.6629922750815831,0.5253704344383715,0.5189450618283697,0.8621478957992297,14.478963391389698,0.040317884925752875,0.01918525043874979,0.05950313536450267,11.94038576046005,2.538577630929649
productivity_prediction_of_garment_employees,Productivity Prediction,Cross-Fitted Hybrid NBEM,Hybrid NBEM (actual cross-fitted stacker),123,0.7268557422969188,0.5386140548671617,0.6957899670591642,0.7268557422969188,0.6961369938764583,0.6151198747350446,0.5386140548671617,0.5416605965595973,0.8680784454300975,14.439507944416254,0.042187482584267855,0.020133889373391868,0.06232137195765972,11.338655587565153,3.100852356851101
