condition,dataset,display_name,model,seed,accuracy,balanced_accuracy,precision_weighted,recall_weighted,f1_weighted,precision_macro,recall_macro,f1_macro,roc_auc_weighted,train_time_s,inference_time_s,peak_memory_mb
with_duration,bank_marketing,Bank,Adaptive Weighted NBEM,13,0.8864214529453733,0.5490863274663773,0.85648369356321,0.8864214529453733,0.850518577378143,0.735666961319841,0.5490863274663773,0.5609298915022412,0.8620270054938205,0.04185139238834381,0.034268473833799364,3.9127885818481447
with_duration,bank_marketing,Bank,Adaptive Weighted NBEM,21,0.8864657154029146,0.5495231165372267,0.8566427937602865,0.8864657154029146,0.8506689783179698,0.7360363944149716,0.5495231165372267,0.5615163137006626,0.862225661259839,0.03708820613101125,0.027866570465266704,3.9124780654907227
with_duration,bank_marketing,Bank,Adaptive Weighted NBEM,42,0.8865541767295401,0.5494091115080039,0.8570470054737951,0.8865541767295401,0.8506831117034975,0.7378462793172693,0.5494091115080039,0.5614021946287864,0.8619279221470038,0.04104897063225508,0.03144797319546342,3.912333106994629
with_duration,bank_marketing,Bank,Adaptive Weighted NBEM,87,0.8865540740097246,0.5495686314527614,0.8569361162562734,0.8865540740097246,0.8507304617342525,0.7372422473407115,0.5495686314527614,0.5616070283901466,0.8621129587420665,0.03712259251624346,0.028296208754181863,3.9121947288513184
with_duration,bank_marketing,Bank,Adaptive Weighted NBEM,123,0.8865320675121584,0.5492303552665543,0.8567708931941123,0.8865320675121584,0.8505977038455657,0.7367931668269296,0.5492303552665543,0.5610644892374566,0.8619514251802451,0.03685809476301074,0.028985689394176006,3.9120247840881346
with_duration,bank_marketing,Bank,Hybrid NBEM,13,0.9016167511952918,0.6919437678786969,0.8899274000752875,0.9016167511952918,0.8931287878608675,0.7714994508467116,0.6919437678786969,0.7217963697157612,0.9158298413570053,55.86697584595531,0.14393341727554798,61.14722013473511
with_duration,bank_marketing,Bank,Hybrid NBEM,21,0.9009975659316917,0.6922468490599606,0.889570657346875,0.9009975659316917,0.8927090053209483,0.7695749997335476,0.6922468490599606,0.7212323034354639,0.9156515028979468,56.342736683506516,0.14551455350592732,61.131662940979005
with_duration,bank_marketing,Bank,Hybrid NBEM,42,0.9001791482492484,0.6898965332046332,0.8885228871887122,0.9001791482492484,0.8918439287586152,0.7669268720987809,0.6898965332046332,0.7190078769452685,0.9159759746375734,59.42877134000882,0.15737694138661026,61.13052988052368
with_duration,bank_marketing,Bank,Hybrid NBEM,87,0.9027227599033886,0.6936296188822653,0.8912946303893797,0.9027227599033886,0.8941661130772596,0.7761544619720442,0.6936296188822653,0.7241742708133642,0.9169283881076176,50.07337360596284,0.15155008118599653,61.12950849533081
with_duration,bank_marketing,Bank,Hybrid NBEM,123,0.9031651839305903,0.699218242055961,0.8924565645337357,0.9031651839305903,0.895348398260365,0.7766819932045591,0.699218242055961,0.7286800248509389,0.9163394837623653,55.73020736929029,0.14909206917509438,61.12949361801147
with_duration,bank_marketing,Bank,NBEM,13,0.8864213893569163,0.5672940824559609,0.8573906202015913,0.8864213893569163,0.8565335010864704,0.7264773007638673,0.5672940824559609,0.5877027992455701,0.8597287515426876,0.03707103431224823,0.022708046808838846,3.9150529861450196
with_duration,bank_marketing,Bank,NBEM,21,0.8864878344031357,0.5670049108212415,0.8574812689579974,0.8864878344031357,0.8564667071342811,0.7270776918419712,0.5670049108212415,0.5872753490420839,0.8599824217734227,0.04345939699560404,0.020518718659877776,3.9126254081726075
with_duration,bank_marketing,Bank,NBEM,42,0.8860455277700086,0.5659338776140453,0.8563210020098664,0.8860455277700086,0.855906916754823,0.7228582436021559,0.5659338776140453,0.5856606718543615,0.8596976576826538,0.03988179629668594,0.021601998805999757,3.9126656532287596
with_duration,bank_marketing,Bank,NBEM,87,0.8861338570283002,0.5670446974319914,0.8566556167447494,0.8861338570283002,0.8562964213546216,0.7234772405779127,0.5670446974319914,0.5872161503135911,0.8599394263477453,0.03894054675474763,0.019842651207000017,3.9125519752502442
with_duration,bank_marketing,Bank,NBEM,123,0.8864657740999519,0.5667437438341955,0.857150533524211,0.8864657740999519,0.8563768473542519,0.725848017197397,0.5667437438341955,0.586910014973211,0.8598486713412022,0.0402855483815074,0.02057096054777503,3.9124746322631836
with_duration,bank_marketing,Bank,WNB,13,0.8830151953911869,0.5,0.7797158396407783,0.8830151953911869,0.8281567120930153,0.44150759769559345,0.5,0.46893683934467917,0.8720077383487365,0.19990226551890372,0.007392831705510616,7.212585735321045
with_duration,bank_marketing,Bank,WNB,21,0.8830151953911869,0.5,0.7797158396407783,0.8830151953911869,0.8281567120930153,0.44150759769559345,0.5,0.46893683934467917,0.8720645477962901,0.16371959811076522,0.009760157391428947,7.203395366668701
with_duration,bank_marketing,Bank,WNB,42,0.8830151953911869,0.5,0.7797158396407783,0.8830151953911869,0.8281567120930153,0.44150759769559345,0.5,0.46893683934467917,0.8722153223438592,0.18020177390426398,0.00732589578256011,7.203310108184814
with_duration,bank_marketing,Bank,WNB,87,0.8830151953911869,0.5,0.7797158396407783,0.8830151953911869,0.8281567120930153,0.44150759769559345,0.5,0.46893683934467917,0.872213390195466,0.15296518029645084,0.00636051157489419,7.202832889556885
with_duration,bank_marketing,Bank,WNB,123,0.8830151953911869,0.5,0.7797158396407783,0.8830151953911869,0.8281567120930153,0.44150759769559345,0.5,0.46893683934467917,0.8723379107349457,0.17977521093562246,0.007843657117336988,7.203096961975097
without_duration,bank_marketing,Bank,Adaptive Weighted NBEM,13,0.8843865147078633,0.5367824001048567,0.8496293234302275,0.8843865147078633,0.8450585813138158,0.7149833335267641,0.5367824001048567,0.5407423596963037,0.7369838478105487,0.037273935880512,0.029463896062225103,3.3641223907470703
without_duration,bank_marketing,Bank,Adaptive Weighted NBEM,21,0.8841432644024676,0.53590561744799,0.8488186854312213,0.8841432644024676,0.8446546180733863,0.7121370078730395,0.53590561744799,0.5394258244062237,0.7374138988455584,0.042290727607905865,0.02845254959538579,3.364051342010498
without_duration,bank_marketing,Bank,Adaptive Weighted NBEM,42,0.884364508210297,0.5359487681746876,0.8493179821203544,0.884364508210297,0.8447410333190588,0.7142315836772892,0.5359487681746876,0.5393753076342274,0.7373303374651949,0.03298391569405794,0.02803679397329688,3.3640461921691895
without_duration,bank_marketing,Bank,Adaptive Weighted NBEM,87,0.8842538153807956,0.5366214127502318,0.8499032717714801,0.8842538153807956,0.844981447361348,0.716249381890822,0.5366214127502318,0.5406530649030511,0.7373049248014387,0.03609791900962591,0.028814825043082238,3.364077091217041
without_duration,bank_marketing,Bank,Adaptive Weighted NBEM,123,0.884497163514587,0.5365976145401431,0.8494673813371494,0.884497163514587,0.8450166843527118,0.7144179486792034,0.5365976145401431,0.5403375401941611,0.7371787317901518,0.041320815682411194,0.02986320583149791,3.363711452484131
without_duration,bank_marketing,Bank,Hybrid NBEM,13,0.8920616806077021,0.593203787028153,0.8697309197147426,0.8920616806077021,0.8670298056769992,0.7606425763558978,0.593203787028153,0.6232670539414353,0.7751667064501314,40.162083870451895,0.1447462195530534,61.12706441879273
without_duration,bank_marketing,Bank,Hybrid NBEM,21,0.8916635483865603,0.5938000835530837,0.8687876314062042,0.8916635483865603,0.8669590104783123,0.756140014239301,0.5938000835530837,0.6237574907465883,0.7740222452861056,41.68733224319294,0.14292181506752968,61.1262806892395
without_duration,bank_marketing,Bank,Hybrid NBEM,42,0.8909779180767406,0.5898837910693662,0.8675272032621054,0.8909779180767406,0.8655319126995634,0.7535946241562543,0.5898837910693662,0.6187494772089169,0.7757863757559276,37.886628752201794,0.1434731946326792,61.12657642364502
without_duration,bank_marketing,Bank,Hybrid NBEM,87,0.8917077081242862,0.5916859628907357,0.8689312785702754,0.8917077081242862,0.8663719955177402,0.7582909445054361,0.5916859628907357,0.6210379077652248,0.7732905694511161,39.74501105891541,0.14487889548763633,61.12628059387207
without_duration,bank_marketing,Bank,Hybrid NBEM,123,0.8918626291713906,0.5980106141187022,0.8695987085182983,0.8918626291713906,0.8681845627260352,0.7564973079603707,0.5980106141187022,0.6288568593103844,0.7738446286005278,47.07611123770475,0.14756543915718795,61.125619125366214
without_duration,bank_marketing,Bank,NBEM,13,0.884983737496675,0.5470433953366542,0.8522059632502801,0.884983737496675,0.8491229390528726,0.71877045146199,0.5470433953366542,0.5575812971565502,0.7322125521800752,0.03907130062580109,0.021248736698180438,3.364392566680908
without_duration,bank_marketing,Bank,NBEM,21,0.885072272194597,0.546437746965604,0.8522645484074303,0.885072272194597,0.8489561480012817,0.7194582343924212,0.546437746965604,0.5566635555992991,0.7326927320332925,0.0382855380885303,0.020885137375444174,3.36433687210083
without_duration,bank_marketing,Bank,NBEM,42,0.8849838304336508,0.5469611196878168,0.852051002394593,0.8849838304336508,0.8490873591804509,0.7181591543199998,0.5469611196878168,0.5574220388630107,0.7326635190982806,0.038809878565371034,0.020587705168873073,3.3643930435180662
without_duration,bank_marketing,Bank,NBEM,87,0.8849173511474928,0.546755997315706,0.8522472891371617,0.8849173511474928,0.8489994788817936,0.7191300327645604,0.546755997315706,0.5571590587398907,0.7326678560971189,0.03880611937493086,0.020886631961911917,3.364755725860596
without_duration,bank_marketing,Bank,NBEM,123,0.8853819871118915,0.5476786474524917,0.8530939988283478,0.8853819871118915,0.8495243366275347,0.7221306068207959,0.5476786474524917,0.5585732696452166,0.7326359690307612,0.05261917989701033,0.02804606342688203,3.364113998413086
without_duration,bank_marketing,Bank,WNB,13,0.8830151953911869,0.5,0.7797158396407783,0.8830151953911869,0.8281567120930153,0.44150759769559345,0.5,0.46893683934467917,0.7468668172355045,0.16861507603898646,0.0076385348103940485,6.893243789672852
without_duration,bank_marketing,Bank,WNB,21,0.8830151953911869,0.5,0.7797158396407783,0.8830151953911869,0.8281567120930153,0.44150759769559345,0.5,0.46893683934467917,0.7472147370986841,0.16961463261395693,0.007369636930525303,6.892685222625732
without_duration,bank_marketing,Bank,WNB,42,0.8830151953911869,0.5,0.7797158396407783,0.8830151953911869,0.8281567120930153,0.44150759769559345,0.5,0.46893683934467917,0.7471746775875593,0.1587388158775866,0.007424654997885227,6.892531108856201
without_duration,bank_marketing,Bank,WNB,87,0.8830151953911869,0.5,0.7797158396407783,0.8830151953911869,0.8281567120930153,0.44150759769559345,0.5,0.46893683934467917,0.7471724832885045,0.16526391310617328,0.007259984873235226,6.892630386352539
without_duration,bank_marketing,Bank,WNB,123,0.8830151953911869,0.5,0.7797158396407783,0.8830151953911869,0.8281567120930153,0.44150759769559345,0.5,0.46893683934467917,0.7470391239411561,0.19631996573880314,0.00977480923756957,6.89232177734375
