dataset,display_name,expected_relative_path,sha256,rows_used,n_features_used,n_classes,selected_target,target_transform,group_column,dropped_columns,manuscript_citation_key
abalone,Abalone,datasets/processed/abalone/abalone.csv,d37bfc2a5c8b3a0b6c99908075b1e2728b5571d48a24a930269528be6d79ab26,4177,8,28,Rings,none,,,uci_abalone
bank_marketing,Bank,datasets/processed/bank_marketing/bank_marketing.csv,b21fff4949760b8617740274eb4b8550dc1334344f358fb54d374ee545b6bda6,45211,16,2,y,none,,,moro2014bank
car_evaluation,Car Evaluation,datasets/processed/car_evaluation/car_evaluation.csv,a8f710ac98631e5b1dd400406887901772dfc0a6564d6499465e044dddfbaacf,1728,6,4,class,none,,,uci_car
cardiotocography,Fetal Health,datasets/processed/cardiotocography/cardiotocography.csv,c9d5a356c8e5d0ec48ac69d5041e59d6b4e77e42e7852cec46d022902002cee6,2126,21,3,NSP,none,,CLASS,ayres2000sisporto
chronic_kidney_disease,Kidney Disease,datasets/processed/chronic_kidney_disease/chronic_kidney_disease.csv,103e7d2a75759fa260c40c0c4fca18338cc420dc055b8a42a1e5289333c6862a,400,24,2,classification,none,,id,uci_ckd
cirrhosis_patient_survival_prediction_dataset_1,Cirrhosis Survival,datasets/processed/cirrhosis_patient_survival_prediction_dataset_1/cirrhosis_patient_survival_prediction_dataset_1.csv,84f99516a59deed0c621b042fa0997e8e283d0bad89eab9761f563af9c6f088b,418,18,3,Status,none,,ID,uci_cirrhosis
credit_approval,Credit Approval,datasets/processed/credit_approval/credit_approval.csv,2b1dda58aee6d1f86f8fda65037dd98827a5f2faee7deb9497da9ed308cda1f1,690,15,2,class,none,,,uci_credit
diabetes_130_us_hospitals_for_years_1999_2008,Diabetes,datasets/processed/diabetes_130_us_hospitals_for_years_1999_2008/diabetes_130_us_hospitals_for_years_1999_2008.csv,a5a559ccd1edbdd4cb43a9ba968418b087cbd2f9e7e26c9bb74d1cb9a0b6a3f6,101766,47,3,readmitted,none,patient_nbr,"encounter_id, patient_nbr",uci_diabetes
dry_bean_dataset,Dry Beans,datasets/processed/dry_bean_dataset/dry_bean_dataset.csv,7213b497bb27f9ad8966c0c718709b3eb44c2a178941281ff5aadee4e151c190,13611,16,7,Class,none,,,koklu2020drybean
ecoli,E. coli,datasets/processed/ecoli/ecoli.csv,353bf415fa2691c5f6e2165c10420bfc426b910cbf8eb76b6c0a45e8f52c826e,336,7,8,class,none,,sequence_name,uci_ecoli
glass_identification,Glass Identification,datasets/processed/glass_identification/glass_identification.csv,738d764c9499ca6e75bb2dec92dc096e3d945c66703bfc585682829f00a16192,214,9,6,Type,none,,id,uci_glass
haberman_s_survival,Haberman Survival,datasets/processed/haberman_s_survival/haberman_s_survival.csv,35ff0874673802c9436c1fecdf043d5158ca1d895da3b52e474b4ee53013f2b6,306,3,2,survival_status,none,,,uci_haberman
heart_disease,Heart Disease,datasets/processed/heart_disease/heart_disease.csv,b7d370567c8e93fbd24e8c3063c2e60e6f607a5c9195e66853f41278f2681fc0,303,13,5,target,none,,,detrano1989heart
heart_failure_clinical_records,Heart Failure,datasets/processed/heart_failure_clinical_records/heart_failure_clinical_records.csv,676f52cec14eba9a9f45d83dd88d543d9b9864b7fb6b8e788b629eab467d29e1,299,12,2,DEATH_EVENT,none,,,chicco2020heart
hepatitis,Hepatitis,datasets/processed/hepatitis/hepatitis.csv,ab971d40d4fd7f686f09c9850d8e18102de13d06dc88f70d3472eb9564a6de41,155,19,2,Class,none,,,uci_hepatitis
ilpd_indian_liver_patient_dataset,Indian Liver Patients,datasets/processed/ilpd_indian_liver_patient_dataset/ilpd_indian_liver_patient_dataset.csv,4c460a527482cc9ba3d10c685d38aaf4c302550c5d3e015e745156bb916dc4ff,583,10,2,Dataset,none,,,uci_ilpd
internet_advertisements,Internet Ads,datasets/processed/internet_advertisements/internet_advertisements.csv,dc71662863e9ac222d7f5ed74a9d9a921bd97a2ebf8c5f1346c6cde2acc7b643,3279,1558,2,class,none,,,kushmerick1999ads
mushroom,Mushroom,datasets/processed/mushroom/mushroom.csv,3e8c9fb553172e8630d71bc21567d15cf7c69facaf24171f86b8cad78f1f5e9d,8124,22,2,class,none,,,uci_mushroom
predict_students_dropout_and_academic_success,Students,datasets/processed/predict_students_dropout_and_academic_success/predict_students_dropout_and_academic_success.csv,69bbe7b095fd5c51215339a1e0034d4c53f378a4ec7a2092c7cfa1ea576f1dbb,4424,36,3,Target,none,,,realinho2022students
productivity_prediction_of_garment_employees,Productivity Prediction,datasets/processed/productivity_prediction_of_garment_employees/productivity_prediction_of_garment_employees.csv,c9b7540604b3e4d35f32eea80f209922f126fbbd5dd7d252f77a38b9ebb59df1,1197,14,3,actual_productivity,"fixed_bins(bins=[-inf, 0.5, 0.75, inf], labels=['Low', 'Medium', 'High'], right=False)",,,imran2021productivity
