dataset,model,accuracy,f1_weighted,f1_macro,precision_weighted,recall_weighted,roc_auc_weighted,train_time_s,inference_time_s,peak_memory_mb
abalone,Adaptive Weighted NBEM,0.24064381031060314,0.2088966030588054,0.11921628343303056,0.19451481527227363,0.24064381031060314,0.6979820045838399,0.02212785952724512,0.02865803124383088,0.9405207633972168
abalone,Hybrid NBEM,0.2748343717370601,0.2484500271064735,0.140377892339823,0.23893032152500032,0.2748343717370601,0.7744439092156321,6.390048226425425,0.10185756917577234,7.439107284545898
abalone,NBEM,0.24150631647791815,0.2095256977547726,0.12076520106082397,0.19853244173725482,0.24150631647791815,0.7117527429612187,0.021462906668893937,0.02330766096711156,0.9407530593872071
abalone,WNB,0.24572785790506346,0.19709397260045564,0.07604129509434164,0.17033108966074068,0.24572785790506346,0.7201698967726763,0.08275422271806744,0.01470395620446648,0.45810604095458984
bank_marketing,Adaptive Weighted NBEM,0.8843290532432022,0.8448904728840642,0.5401068193667934,0.8494273288180866,0.8843290532432022,0.7372423481425785,0.037993462774902544,0.02892625410109754,3.364001693725586
bank_marketing,Hybrid NBEM,0.8916546968733361,0.8668154574197301,0.62313375779451,0.8689151482943253,0.8916546968733361,0.7744221051087617,41.31143343249336,0.14471711277961727,61.12636425018311
bank_marketing,NBEM,0.8850678356768615,0.8491380523487868,0.5574798440007934,0.8523725604035626,0.8850678356768615,0.7325745256879057,0.041518403310328675,0.022330854926258283,3.3643984413146972
bank_marketing,WNB,0.8830151953911869,0.8281567120930153,0.46893683934467917,0.7797158396407783,0.8830151953911869,0.7470935678302817,0.17171048067510125,0.00789352416992184,6.892682456970215
car_evaluation,Adaptive Weighted NBEM,0.8500087377335663,0.8380291692070021,0.605342088625254,0.8478167830016444,0.8500087377335663,0.9742298028689784,0.007987311622127841,0.0041235383972524995,0.11532054901123039
car_evaluation,Hybrid NBEM,0.9410854953622799,0.9398327477867696,0.8617915178567671,0.9434700931798832,0.9410854953622799,0.9923905059605328,6.028602816332132,0.02916130360215896,2.6326718521118164
car_evaluation,NBEM,0.8500087377335663,0.8380291692070021,0.605342088625254,0.8478167830016444,0.8500087377335663,0.9742298028689784,0.008332508900202758,0.0032287899870424796,0.11563690185546868
car_evaluation,WNB,0.7002352466729399,0.5767793786747555,0.20592277866778114,0.4903320463893627,0.7002352466729399,0.9534108293554462,0.04235652739182112,0.0022940678382292,0.17650745391845699
cardiotocography,Adaptive Weighted NBEM,0.8333895827796971,0.8459722596502516,0.7157739874784604,0.8759092006599065,0.8333895827796971,0.9276815904068059,0.00863965471740808,0.009518376109190239,0.5248671340942384
cardiotocography,Hybrid NBEM,0.9249309061918682,0.9240429582734071,0.8582664239212946,0.9251735586585074,0.9249309061918682,0.9790881018620772,4.653439371692948,0.03976289149373764,3.1910987281799317
cardiotocography,NBEM,0.8148662414740013,0.8316249975834455,0.7004396414325101,0.8733904792561997,0.8148662414740013,0.9331770772952177,0.00921182818245138,0.00836218811105932,0.5250412368774414
cardiotocography,WNB,0.7784657631322526,0.6815018938427884,0.2918098774739056,0.6060246016680859,0.7784657631322526,0.9251211109639718,0.12148188964929432,0.0050064715230837,0.434905776977539
chronic_kidney_disease,Adaptive Weighted NBEM,0.9480000000000001,0.9486272952125411,0.9461785063689042,0.9558494582043343,0.9480000000000001,0.9986133333333334,0.0126084325741976,0.010489329951815281,0.0739433097839355
chronic_kidney_disease,Hybrid NBEM,0.9824999999999999,0.9824690514842885,0.9812869896910591,0.9833421317244847,0.9824999999999999,0.99888,0.9875608938187362,0.037201326922513524,1.436103916168213
chronic_kidney_disease,NBEM,0.9255000000000001,0.9265203391463036,0.9235128163280091,0.9399767110791686,0.9255000000000001,0.9986133333333334,0.012577728303149299,0.0085593996988609,0.07426111221313472
chronic_kidney_disease,WNB,0.982,0.9817427575026029,0.9803041634775571,0.9830982572663608,0.982,0.9991466666666667,0.10644902821630231,0.00394969233777368,0.10965816497802731
cirrhosis_patient_survival_prediction_dataset_1,Adaptive Weighted NBEM,0.7081184668989547,0.6803630576079465,0.4858078379144623,0.692892735490588,0.7081184668989547,0.81623461373885,0.011698033078573599,0.010221875943243459,0.0765979957580566
cirrhosis_patient_survival_prediction_dataset_1,Hybrid NBEM,0.756527293844367,0.7307255196896401,0.5172858633241267,0.7186381865620813,0.756527293844367,0.8513911090264749,0.8164213310042395,0.0382292127795517,1.3442621421813965
cirrhosis_patient_survival_prediction_dataset_1,NBEM,0.7043321718931475,0.6829336443632338,0.49238004046746314,0.6963951727626696,0.7043321718931475,0.8160447446398986,0.012753205904737061,0.00885652437340462,0.07696424484252926
cirrhosis_patient_survival_prediction_dataset_1,WNB,0.7167828106852497,0.6736059091779308,0.4652175277495135,0.709207108549694,0.7167828106852497,0.8418867168703498,0.093231540787965,0.0041665705107152,0.09573322296142575
credit_approval,Adaptive Weighted NBEM,0.7846376811594202,0.7748880863287105,0.7681306386277393,0.8075610089294685,0.7846376811594202,0.9074755996691481,0.014585846201516619,0.010952167301438701,0.06684942245483397
credit_approval,Hybrid NBEM,0.8605797101449275,0.8599985025815913,0.858135921548803,0.8641304524161869,0.8605797101449275,0.9263725567019285,1.378207923239097,0.0368702857382595,1.3880724334716796
credit_approval,NBEM,0.7776811594202899,0.7664539700069362,0.7591764868518034,0.8040440479239095,0.7776811594202899,0.9038769753167036,0.014222810594364959,0.009026141329668419,0.06716505050659174
credit_approval,WNB,0.8614492753623187,0.8609172667508631,0.8590850386757367,0.8651759738844159,0.8614492753623187,0.9241185843019458,0.07911656290758395,0.0031451604887842597,0.12843183517456053
diabetes_130_us_hospitals_for_years_1999_2008,Adaptive Weighted NBEM,0.5619250049136933,0.4768196211539208,0.3520210019712425,0.5241426026881857,0.5619250049136933,0.6504013838569529,0.19923687684815372,0.08328150153625752,16.544226665496826
diabetes_130_us_hospitals_for_years_1999_2008,Hybrid NBEM,0.5811633904284028,0.5355485311380699,0.3966204006220226,0.5489154501958791,0.5811633904284028,0.6622503568080639,375.14836639989636,0.6196294977236538,138.90983818054198
diabetes_130_us_hospitals_for_years_1999_2008,NBEM,0.5646064064396165,0.4791084953367526,0.33815270616900384,0.5331339348098283,0.5646064064396165,0.6447274924116597,0.21036706795915955,0.06231132513377809,16.544497871398924
diabetes_130_us_hospitals_for_years_1999_2008,WNB,0.539457029219682,0.37883088261619113,0.23453825057558136,0.48273857894240724,0.539457029219682,0.6378459398776075,1.0930146456696093,0.06320764547213911,37.849213619232174
dry_bean_dataset,Adaptive Weighted NBEM,0.8969804205899393,0.8970691816861059,0.9063757592469084,0.898528956642813,0.8969804205899393,0.9901376116288094,0.0098825648380443,0.012042333302088041,1.5615715026855468
dry_bean_dataset,Hybrid NBEM,0.9298950305392187,0.9298839717252697,0.9410409887358622,0.9302786210223927,0.9298950305392187,0.9934262657299241,23.685690450160763,0.11590142491739237,19.552812099456787
dry_bean_dataset,NBEM,0.8969804205899393,0.8970691816861059,0.9063757592469084,0.898528956642813,0.8969804205899393,0.9901376116288094,0.0104547726782038,0.01008004145696754,1.5618347930908203
dry_bean_dataset,WNB,0.8193373836504859,0.8032258306360452,0.7033717023808493,0.7951411809166722,0.8193373836504859,0.9799058729923203,0.12361977034248406,0.00958029728382822,2.1850869369506833
ecoli,Adaptive Weighted NBEM,0.8398809523809524,0.8307097122287356,0.5258250312166716,0.8265115156170977,0.8398809523809524,0.9650945848337512,0.00744725202675902,0.010060494323261041,0.07779407501220699
ecoli,Hybrid NBEM,0.8404761904761905,0.8250173624384317,0.5033615076171072,0.8182167255410148,0.8404761904761905,0.9643092459160549,0.48500413065776227,0.03619360302109268,1.1207942962646484
ecoli,NBEM,0.8375,0.8292650400817629,0.5247129094344044,0.8263754041971701,0.8375,0.9672948362180275,0.00850110061001028,0.00893001290969548,0.0780218124389648
ecoli,WNB,0.7220238095238095,0.6444967425150462,0.28103022841587333,0.593336322219497,0.7220238095238095,0.9502465863054559,0.03893452386837448,0.0038094638846814,0.0689825057983398
glass_identification,Adaptive Weighted NBEM,0.4615539452495974,0.42447458929130233,0.45786015793930723,0.47388538786947426,0.4615539452495974,0.7671296361649622,0.00309044291886184,0.00429653659876846,0.029699325561523382
glass_identification,Hybrid NBEM,0.689573268921095,0.650000083118792,0.5456765560816128,0.6340277333151729,0.689573268921095,0.8764733341001456,0.5574642339980023,0.022547149358110242,1.2044100019666881
glass_identification,NBEM,0.4615539452495974,0.42447458929130233,0.45786015793930723,0.47388538786947426,0.4615539452495974,0.7671296361649622,0.0034257927961233196,0.00378194047758972,0.0299209594726562
glass_identification,WNB,0.6298711755233495,0.5692485961503027,0.3559705347080647,0.5441268076171457,0.6298711755233495,0.84886224542701,0.054743475115133625,0.0035436131525784396,0.04508219824896916
haberman_s_survival,Adaptive Weighted NBEM,0.7457634408602151,0.6925861453410203,0.5566261850428754,0.704799867755512,0.7457634408602151,0.6405278326745718,0.00301934446208176,0.0041814443049952,0.018730583190917922
haberman_s_survival,Hybrid NBEM,0.7398924731182795,0.6909596267604163,0.5582536730213042,0.7104780095761696,0.7398924731182795,0.715603041282389,0.4754607912898064,0.01468755309935654,1.1599992752075194
haberman_s_survival,NBEM,0.7457634408602151,0.6925861453410203,0.5566261850428754,0.704799867755512,0.7457634408602151,0.6405278326745718,0.00333138538058842,0.00372971302829678,0.018951301574707
haberman_s_survival,WNB,0.735268817204301,0.6231313020966095,0.42370316615599635,0.5407094461787489,0.735268817204301,0.7068233970136144,0.024762955512851438,0.00110982389189298,0.04007061004638668
heart_disease,Adaptive Weighted NBEM,0.560236559139785,0.4969003379869242,0.2520822434064297,0.46605529752597735,0.560236559139785,0.8191488789153416,0.007021688623353779,0.00781683161389078,0.047202949523925716
heart_disease,Hybrid NBEM,0.5867956989247312,0.5440669287126493,0.2927744099962366,0.5220119675434963,0.5867956989247312,0.8228401364243633,0.6373843824816868,0.033027486000210014,1.2903834915161132
heart_disease,NBEM,0.5655483870967741,0.5397012282680939,0.2929144893205914,0.5260175102765635,0.5655483870967741,0.8171840373972558,0.00681765098124736,0.006523576132021799,0.047386989593505825
heart_disease,WNB,0.5411827956989248,0.3801338615181085,0.1404463459759482,0.2929963001503063,0.5411827956989248,0.8116365563132675,0.07031659461557863,0.0034804048156365204,0.0638318824768066
heart_failure_clinical_records,Adaptive Weighted NBEM,0.7471724137931034,0.7156071234661878,0.6489809271295246,0.7448486200260213,0.7471724137931034,0.8487253968253968,0.0067481262516229795,0.00754188522696492,0.03651992797851558
heart_failure_clinical_records,Hybrid NBEM,0.8321839080459771,0.8265512476616411,0.795349235498693,0.8350270043208061,0.8321839080459771,0.8969603174603176,0.6352785046212375,0.02672045470215374,1.2558036613464356
heart_failure_clinical_records,NBEM,0.7511724137931035,0.7227111357510925,0.6589924850125582,0.7496245458339761,0.7511724137931035,0.8390481481481482,0.007550958166830201,0.0066279402002691595,0.03671060562133784
heart_failure_clinical_records,WNB,0.8207356321839081,0.8010786719601279,0.7559438684824543,0.832177179663776,0.8207356321839081,0.8967835978835981,0.06562983597628767,0.00253394438419484,0.06295404434204097
hepatitis,Adaptive Weighted NBEM,0.8421666666666667,0.8402342909425519,0.7563616063485629,0.854076202963703,0.8421666666666667,0.8642094017094017,0.00659846618771546,0.007367970845662019,0.0320031929016113
hepatitis,Hybrid NBEM,0.8460833333333333,0.8323344566061959,0.7256359244620114,0.8423969488844488,0.8460833333333333,0.8731730769230769,0.418864751458168,0.0247039303462952,1.0713339233398438
hepatitis,NBEM,0.8369166666666666,0.8384245553802077,0.7585344237083367,0.8562049145299145,0.8369166666666666,0.8647756410256411,0.0067195491120219,0.00623070617672052,0.03223249435424802
hepatitis,WNB,0.79375,0.7026614668856047,0.4424192665571976,0.6305468750000001,0.79375,0.8806196581196583,0.08625663486775008,0.00323343748226758,0.05386142730712886
ilpd_indian_liver_patient_dataset,Adaptive Weighted NBEM,0.5635184102863823,0.564721849422886,0.5620439425714819,0.794642842878746,0.5635184102863823,0.7344887955182073,0.00736928666010494,0.007474291310645561,0.08445253372192378
ilpd_indian_liver_patient_dataset,Hybrid NBEM,0.6991759205143191,0.6350172052814083,0.5014250992316809,0.6229181438661093,0.6991759205143191,0.7307564306210289,0.847294336911291,0.02743935810402028,1.3208203315734863
ilpd_indian_liver_patient_dataset,NBEM,0.5593980128579779,0.5593644816436156,0.5579320344309882,0.7954320043464547,0.5593980128579779,0.7314552162328346,0.00814399441238488,0.00666101105045522,0.08465351104736323
ilpd_indian_liver_patient_dataset,WNB,0.7135593220338983,0.5943005622596157,0.4164090409040904,0.5092190969765887,0.7135593220338983,0.7275528199084512,0.0583360971556976,0.00221901562064878,0.09114862442016596
internet_advertisements,Adaptive Weighted NBEM,0.9663929290669053,0.9648476230449475,0.9239274235408169,0.9664388464581982,0.9663929290669053,0.9691542467536918,0.3262641015928239,0.04328272331040348,74.40098470687866
internet_advertisements,Hybrid NBEM,0.9681625270381143,0.967891602511861,0.9328062990727514,0.9685142676251323,0.9681625270381143,0.9791012437043889,70.23410284671468,0.7433417483605445,140.55686059951782
internet_advertisements,NBEM,0.9622450958454538,0.9605071634568756,0.9145276957936321,0.9618820550819344,0.9622450958454538,0.9696907013396375,0.3048204940836876,0.04178478947374966,74.40129007339479
internet_advertisements,WNB,0.8600190199149698,0.7952960548505323,0.4623709924897036,0.7396333367689832,0.8600190199149698,0.963473669784493,7.966645060735755,0.28003743643872436,35.54272035598755
mushroom,Adaptive Weighted NBEM,0.9542341507158915,0.9540923749817936,0.953967136679652,0.9569320172585275,0.9542341507158915,0.995737797613107,0.031979301464743856,0.01555273348931222,0.7373010635375976
mushroom,Hybrid NBEM,0.9997045849768842,0.9997045641687938,0.9997041655455142,0.9997057544723257,0.9997045849768842,0.9999997570028734,11.598112153718247,0.07455537240952251,11.244065132141113
mushroom,NBEM,0.9431562236804634,0.9428706410394889,0.9426847349183685,0.9481358598305164,0.9431562236804634,0.996325197503501,0.0312417824566364,0.012701989468187042,0.7374868011474609
mushroom,WNB,0.9852288549979095,0.9852167153649145,0.98518918650269,0.9856606029223764,0.9852288549979095,0.9994830706570408,0.18481899911072103,0.0062692959792911606,1.6500788116455076
predict_students_dropout_and_academic_success,Adaptive Weighted NBEM,0.6877930196214621,0.664842423513881,0.5869848064562084,0.6647657159533644,0.6877930196214621,0.8278831024377753,0.0165702563989907,0.01616571789607402,0.9212837028503417
predict_students_dropout_and_academic_success,Hybrid NBEM,0.758998804939583,0.7505078505031381,0.6842761310718709,0.7483217317982648,0.758998804939583,0.8904892087666212,8.423812992442398,0.07505277563352131,6.3650657081604
predict_students_dropout_and_academic_success,NBEM,0.6681745196776402,0.6525055850609056,0.5803247691316371,0.6550815623046594,0.6681745196776402,0.8240485894024637,0.01681975262705232,0.01344254983123388,0.9214759826660156
predict_students_dropout_and_academic_success,WNB,0.7085005566734421,0.6359089505822559,0.5114203883360334,0.5855558314524736,0.7085005566734421,0.8531936036910654,0.2510377703234553,0.010517582427710259,1.3404296875
productivity_prediction_of_garment_employees,Adaptive Weighted NBEM,0.6141946778711485,0.505395048180332,0.34026757678748776,0.5631145569554459,0.6141946778711485,0.6448249812871183,0.0169004944572225,0.012524495446123121,0.16076522827148435
productivity_prediction_of_garment_employees,Hybrid NBEM,0.728984593837535,0.7032857321699932,0.5590758468555609,0.7071899643347169,0.728984593837535,0.8685574113720593,3.5580901549570263,0.039067541821859744,1.9100125122070313
productivity_prediction_of_garment_employees,NBEM,0.6210364145658264,0.5194293847546358,0.36716292650028753,0.575146247957308,0.6210364145658264,0.6456366025680262,0.0181457285350188,0.01121281245723362,0.16107286453247066
productivity_prediction_of_garment_employees,WNB,0.6130406162464986,0.4949098536421663,0.30020408695316836,0.5242798781703278,0.6130406162464986,0.8365371768449995,0.0880401088064536,0.00393802247010168,0.19690139770507809
