order,seed,rf_source
1,13,validated Stage-2 reuse
2,21,validated Stage-2 reuse
3,42,validated Stage-2 reuse
4,87,validated Stage-2 reuse
5,123,validated Stage-2 reuse
6,370882,new Stage-4 fit
7,65932,new Stage-4 fit
8,69887,new Stage-4 fit
9,156304,new Stage-4 fit
10,535886,new Stage-4 fit
11,648362,new Stage-4 fit
12,663649,new Stage-4 fit
13,519965,new Stage-4 fit
14,934243,new Stage-4 fit
15,41762,new Stage-4 fit
16,273103,new Stage-4 fit
17,627018,new Stage-4 fit
18,266458,new Stage-4 fit
19,503966,new Stage-4 fit
20,43529,new Stage-4 fit
