dataset,display_name,model,accuracy,balanced_accuracy,precision_weighted,recall_weighted,f1_weighted,precision_macro,recall_macro,f1_macro,roc_auc_weighted
abalone,Abalone,Hybrid NBEM,0.2768836127270432,0.1515514749484616,0.2405352004414807,0.2768836127270432,0.2503433896270559,0.1439504901805111,0.1514745351190415,0.1401298516984593,0.7752532946612332
abalone,Abalone,Logistic Regression,0.2701104092802313,0.1469406165688331,0.2375416605263209,0.2701104092802313,0.2447531622052635,0.1447680259842858,0.1457967226583905,0.1377707704802445,0.774498106043418
abalone,Abalone,NBEM,0.2411902917857101,0.1731347271205456,0.1985835202144928,0.2411902917857101,0.2094200328551221,0.1092480524599682,0.1607750404060851,0.1210007738146156,0.7118863192882059
bank_marketing,Bank,Hybrid NBEM,0.8914600274154296,0.5938625317754503,0.8686795242568808,0.8914600274154296,0.8668507300079111,0.7556055382913369,0.5938625317754503,0.6236900303442308,0.7743017499182565
bank_marketing,Bank,Logistic Regression,0.8924133440964134,0.5832529554807308,0.8708385479704617,0.8924133440964134,0.8645195249890898,0.7727505474123487,0.5832529554807308,0.6113127236200988,0.7657011422976701
bank_marketing,Bank,NBEM,0.8850346332085728,0.5470329885635342,0.8523717165625241,0.8850346332085728,0.8491407895354989,0.7194817347156377,0.5470329885635342,0.5575568904653195,0.7325281178085251
car_evaluation,Car Evaluation,Hybrid NBEM,0.9423435609624948,0.8525190708414392,0.9447584747593678,0.9423435609624948,0.9413073681879348,0.9007551718961488,0.8525190708414392,0.8659623821932572,0.9925929773979172
car_evaluation,Car Evaluation,Logistic Regression,0.9106820473181878,0.7624347462744592,0.9110589407308364,0.9106820473181878,0.9065781285176204,0.8174117204700272,0.7624347462744592,0.7686560865334002,0.9880769619046668
car_evaluation,Car Evaluation,NBEM,0.8508431912891516,0.5620099209004711,0.8460089407372562,0.8508431912891516,0.8388864408384619,0.7646646305777198,0.5620099209004711,0.6065254822644162,0.974488141319306
cardiotocography,Fetal Health,Hybrid NBEM,0.9225075294534502,0.8378755365675623,0.9223406431581384,0.9225075294534502,0.9213716190010944,0.8711781785517511,0.8378755365675623,0.8514244112746633,0.9777725918525716
cardiotocography,Fetal Health,Logistic Regression,0.893295686066082,0.7809250666278942,0.8924771612195844,0.893295686066082,0.8918481613676406,0.8101651514136228,0.7809250666278942,0.7924721962133976,0.96952872081677
cardiotocography,Fetal Health,NBEM,0.8141153999468509,0.770369024400098,0.8729721213331265,0.8141153999468509,0.8310397955708684,0.6721540788135909,0.770369024400098,0.7000824474793135,0.9335403823640284
chronic_kidney_disease,Kidney Disease,Hybrid NBEM,0.983125,0.9820333333333334,0.9838370331108102,0.983125,0.9831078138191938,0.982770084364106,0.9820333333333334,0.981980311254518,0.9989333333333332
chronic_kidney_disease,Kidney Disease,Logistic Regression,0.989625,0.9881666666666666,0.990162713188908,0.989625,0.9895835208587248,0.9902563960413224,0.9881666666666666,0.988857929607862,0.9997733333333332
chronic_kidney_disease,Kidney Disease,NBEM,0.9265,0.9412,0.9408568023501268,0.9265,0.9274935096121972,0.921142403133502,0.9412,0.9245434843302276,0.9986533333333334
cirrhosis_patient_survival_prediction_dataset_1,Cirrhosis Survival,Hybrid NBEM,0.760917537746806,0.5326434178743962,0.7215164667680902,0.760917537746806,0.7352050194220224,0.5207806137620143,0.5326434178743962,0.521290835737201,0.8510842502532651
cirrhosis_patient_survival_prediction_dataset_1,Cirrhosis Survival,Logistic Regression,0.7536498257839721,0.5450654482807615,0.7299598249139831,0.7536498257839721,0.7355325151640526,0.5495672122819963,0.5450654482807615,0.540052161657316,0.8376089591878906
cirrhosis_patient_survival_prediction_dataset_1,Cirrhosis Survival,NBEM,0.7056329849012777,0.4947747051719238,0.6976262801380478,0.7056329849012777,0.6838351575214026,0.5216497287475625,0.4947747051719238,0.4928857236020194,0.8167165632577378
credit_approval,Credit Approval,Hybrid NBEM,0.8606521739130434,0.8583462844456052,0.8637511179602779,0.8606521739130434,0.860210086154965,0.8625056290003643,0.8583462844456052,0.8583824333280147,0.9252661181489704
credit_approval,Credit Approval,Logistic Regression,0.8597826086956522,0.8608943776936137,0.8642372020788722,0.8597826086956522,0.859807354032377,0.8605420832357076,0.8608943776936137,0.8584923827766101,0.9280435984502198
credit_approval,Credit Approval,NBEM,0.7777536231884058,0.7579019198119368,0.8028429853603581,0.7777536231884058,0.7670080739175121,0.8109909385243995,0.7579019198119368,0.759857424845929,0.9020821869603702
diabetes_130_us_hospitals_for_years_1999_2008,Diabetes,Hybrid NBEM,0.5814088587844477,0.4120402165633988,0.5491948618768218,0.5814088587844477,0.536234047951414,0.5032721196166772,0.4120402165633988,0.3976469559838904,0.6635344676663648
diabetes_130_us_hospitals_for_years_1999_2008,Diabetes,Logistic Regression,0.5760591053106165,0.402313651241411,0.5391140191128041,0.5760591053106165,0.5249212865486463,0.4876162389745385,0.402313651241411,0.3840281943922056,0.6557035646747809
diabetes_130_us_hospitals_for_years_1999_2008,Diabetes,NBEM,0.5645210578960024,0.3758361613032034,0.5334214106995158,0.5645210578960024,0.4791775291410055,0.4985437221888278,0.3758361613032034,0.3383150141811561,0.6446326228674616
dry_bean_dataset,Dry Beans,Hybrid NBEM,0.9300013729431476,0.9400758154937824,0.9303776143751936,0.9300013729431476,0.9299847840920352,0.9427867257741084,0.9400758154937824,0.9412418960249588,0.9933959381729076
dry_bean_dataset,Dry Beans,Logistic Regression,0.9241127847171198,0.9348868474242252,0.924735202703062,0.9241127847171198,0.924229821150466,0.9372913555397746,0.9348868474242252,0.9358912754083932,0.9934693699142022
dry_bean_dataset,Dry Beans,NBEM,0.8970391145838391,0.9075290657743842,0.8985929157118748,0.8970391145838391,0.8971326913649526,0.906591266211932,0.9075290657743842,0.9064558038693372,0.9901316810867168
ecoli,E. coli,Hybrid NBEM,0.8379464285714286,0.5103326087157554,0.8172666680907638,0.8379464285714286,0.8221503530654181,0.527738708057824,0.5103326087157554,0.5118082525484609,0.9655653892761664
ecoli,E. coli,Logistic Regression,0.8712797619047619,0.6273550856853166,0.8622599565525835,0.8712797619047619,0.8644122551341373,0.6442281772462164,0.6273550856853166,0.6309853365141801,0.9713089077218976
ecoli,E. coli,NBEM,0.846577380952381,0.5499359992863828,0.8363937356320974,0.846577380952381,0.8383005138335253,0.548094465928419,0.5499359992863828,0.5427568930452388,0.9683425064747396
glass_identification,Glass Identification,Hybrid NBEM,0.6911231884057971,0.5812426513815402,0.6340592109123209,0.6911231884057971,0.6509620106480103,0.5375926285648508,0.5812426513815402,0.5461436648990399,0.878563482696182
glass_identification,Glass Identification,Logistic Regression,0.6406199677938809,0.5549511316872427,0.5967629679915218,0.6406199677938809,0.6070092523547074,0.5285714547193305,0.5549511316872427,0.5296355251460806,0.8236142317324383
glass_identification,Glass Identification,NBEM,0.4590479066022544,0.5142416225749559,0.4758771466878794,0.4590479066022544,0.4234054463636431,0.4738793173209022,0.5142416225749559,0.4574061575109233,0.7681672296855722
haberman_s_survival,Haberman Survival,Hybrid NBEM,0.7419569892473119,0.5681550559947299,0.7091628205154332,0.7419569892473119,0.6924318336928897,0.6582507959912111,0.5681550559947299,0.5594222462540973,0.7154082949055776
haberman_s_survival,Haberman Survival,Logistic Regression,0.7409247311827957,0.5498596014492754,0.688081827894703,0.7409247311827957,0.6763893126575564,0.625905226859718,0.5498596014492754,0.5269281353028169,0.6808675065876153
haberman_s_survival,Haberman Survival,NBEM,0.7463225806451612,0.570667133289416,0.7034485573558807,0.7463225806451612,0.6934380336826854,0.6458905979317505,0.570667133289416,0.5581390335442646,0.6405749066754501
heart_disease,Heart Disease,Hybrid NBEM,0.5887688172043011,0.3123313725490196,0.5238373498760016,0.5887688172043011,0.5454483247555395,0.2950529628486856,0.3123313725490196,0.2932110958888491,0.822366098238233
heart_disease,Heart Disease,Logistic Regression,0.595247311827957,0.3313,0.5572911306879837,0.595247311827957,0.5644721705714112,0.3321934657186339,0.3313,0.3186769624193745,0.8222368502808937
heart_disease,Heart Disease,NBEM,0.5630430107526881,0.3019590686274509,0.5261167232708017,0.5630430107526881,0.5373106986696101,0.2921289045019308,0.3019590686274509,0.2892203631263273,0.8161603692502515
heart_failure_clinical_records,Heart Failure,Hybrid NBEM,0.8312701149425287,0.782547619047619,0.8348696287963348,0.8312701149425287,0.824897455124421,0.8264234653917459,0.782547619047619,0.793542830659254,0.8907410052910054
heart_failure_clinical_records,Heart Failure,Logistic Regression,0.8344540229885057,0.7951130952380951,0.8378576779606408,0.8344540229885057,0.8304835148632389,0.824088292493671,0.7951130952380951,0.8020902329596277,0.8716947089947091
heart_failure_clinical_records,Heart Failure,NBEM,0.7505172413793104,0.6505277777777778,0.7505429918549347,0.7505172413793104,0.7202553761067593,0.7445053782486879,0.6505277777777778,0.6560840389653723,0.8358320105820105
hepatitis,Hepatitis,Hybrid NBEM,0.8455625,0.7101282051282051,0.8363222066995505,0.8455625,0.8294728397865392,0.7766310529748031,0.7101282051282051,0.7195758626209151,0.8670673076923077
hepatitis,Hepatitis,Logistic Regression,0.8559375000000001,0.748525641025641,0.8549999674804362,0.8559375000000001,0.8466334359938745,0.79740291999667,0.748525641025641,0.75492297754303,0.8516426282051283
hepatitis,Hepatitis,NBEM,0.8371666666666666,0.7708333333333333,0.8543235205766455,0.8371666666666666,0.8373752980513851,0.7694989732489732,0.7708333333333333,0.754836148754627,0.8583493589743589
ilpd_indian_liver_patient_dataset,Indian Liver Patients,Hybrid NBEM,0.6966861484511981,0.5282507194951152,0.6150703822263841,0.6966861484511981,0.6313544207894336,0.5309832826778665,0.5282507194951152,0.4963374862417905,0.7309658421295347
ilpd_indian_liver_patient_dataset,Indian Liver Patients,Logistic Regression,0.7199926943308007,0.5694856250427,0.6872080165862561,0.7199926943308007,0.6746097156014863,0.6431952462319402,0.5694856250427,0.5629131173581942,0.7501369282469085
ilpd_indian_liver_patient_dataset,Indian Liver Patients,NBEM,0.5590078901227352,0.6774027827594452,0.7958869131850179,0.5590078901227352,0.5585138165471111,0.6749554616678063,0.6774027827594452,0.557372171023291,0.7311369410569106
internet_advertisements,Internet Ads,Hybrid NBEM,0.9696413720444544,0.9239842481241648,0.9698241067620692,0.9696413720444544,0.9692369329754842,0.9497969860663764,0.9239842481241648,0.9353247638876574,0.9789136816048242
internet_advertisements,Internet Ads,Logistic Regression,0.9781345565749237,0.9321731935450714,0.9781561501128236,0.9781345565749237,0.9775334980149644,0.9760080897012126,0.9321731935450714,0.9521416638544532,0.984700487374516
internet_advertisements,Internet Ads,NBEM,0.962290407995823,0.8848228235173193,0.9619390279943236,0.962290407995823,0.960608363665872,0.9544852789226056,0.8848228235173193,0.9148403283612352,0.969458645972522
mushroom,Mushroom,Hybrid NBEM,0.999686149940317,0.9996824327918712,0.9996871153014272,0.999686149940317,0.9996861405281564,0.999690010536367,0.9996824327918712,0.9996857282614086,0.9999992413474073
mushroom,Mushroom,Logistic Regression,0.9999014854064796,0.9998977471423351,0.9999018349663568,0.9999014854064796,0.9999014783271372,0.9999052971027452,0.9998977471423351,0.9999013397474664,1.0
mushroom,Mushroom,NBEM,0.9431744920897484,0.9411999806351334,0.948106624410458,0.9431744920897484,0.942892958958479,0.9497461972555904,0.9411999806351334,0.942708019088529,0.9962994290771516
predict_students_dropout_and_academic_success,Students,Hybrid NBEM,0.7605455910441968,0.6805066340903755,0.7499163061602331,0.7605455910441968,0.7522355332170446,0.6998239304700591,0.6805066340903755,0.6864053044399927,0.8918771351307809
predict_students_dropout_and_academic_success,Students,Logistic Regression,0.7655530474040633,0.6690602598818983,0.747669688941745,0.7655530474040633,0.7483676417374456,0.7064330904788709,0.6690602598818983,0.6761544990964689,0.8997003798298158
predict_students_dropout_and_academic_success,Students,NBEM,0.6689748015893282,0.5748740732754358,0.6560587253878749,0.6689748015893282,0.6533411277646108,0.6071055584096119,0.5748740732754358,0.581579707210152,0.8245786304115944
productivity_prediction_of_garment_employees,Productivity Prediction,Hybrid NBEM,0.7302433473389356,0.5526040949484404,0.7093710515549744,0.7302433473389356,0.7045610112611858,0.640887219626518,0.5526040949484404,0.5592570651713666,0.8682536532600977
productivity_prediction_of_garment_employees,Productivity Prediction,Logistic Regression,0.6543018207282914,0.4663695753792066,0.6173228956074618,0.6543018207282914,0.6186745022864187,0.5329943801039658,0.4663695753792066,0.4709459355714724,0.7653127949617704
productivity_prediction_of_garment_employees,Productivity Prediction,NBEM,0.6193714985994399,0.3939737034996976,0.5783636532255472,0.6193714985994399,0.5173943909246032,0.5367518246621495,0.3939737034996976,0.3641182372958235,0.6460095866792103
abalone,Abalone,Random Forest,0.2470647023051415,0.1475452341184216,0.2346656712934506,0.2470647023051415,0.2346433876587809,0.1537792722021552,0.1452785176000289,0.14190100675809,0.7424814843984763
bank_marketing,Bank,Random Forest,0.8930337730034912,0.608634666643834,0.8719048367375788,0.8930337730034912,0.8715708192615981,0.7585326427442706,0.608634666643834,0.6416803857821962,0.7811151937127537
car_evaluation,Car Evaluation,Random Forest,0.9646449455571986,0.8981519407625868,0.967289222785554,0.9646449455571986,0.9643771685176974,0.914638711694328,0.8981519407625868,0.8989598061797208,0.9982825713701102
cardiotocography,Fetal Health,Random Forest,0.9466871512091416,0.8801158102609385,0.9460763395948372,0.9466871512091416,0.9451742624822096,0.92526156584256,0.8801158102609385,0.8997110104965756,0.9878355708945
chronic_kidney_disease,Kidney Disease,Random Forest,0.993375,0.9919,0.9937073762464388,0.993375,0.9933327925805387,0.9942784009971508,0.9919,0.9928508042217484,0.9999533333333334
cirrhosis_patient_survival_prediction_dataset_1,Cirrhosis Survival,Random Forest,0.762938443670151,0.5303717320261437,0.7217776448646772,0.762938443670151,0.736723371138218,0.5101813267388693,0.5303717320261437,0.5162312889047502,0.8545268605770211
credit_approval,Credit Approval,Random Forest,0.8742028985507246,0.873262951112272,0.8768695924572537,0.8742028985507246,0.8740436913519822,0.8748938338308161,0.873262951112272,0.8725538832049102,0.931192873623264
diabetes_130_us_hospitals_for_years_1999_2008,Diabetes,Random Forest,0.5827841821236132,0.3997281017427119,0.5524215961073846,0.5827841821236132,0.5245927917438588,0.516109137580845,0.3997281017427119,0.372356394007107,0.6702260047208116
dry_bean_dataset,Dry Beans,Random Forest,0.9246344761399204,0.9342099928325976,0.9249245325667326,0.9246344761399204,0.9245520173914968,0.9376392899997148,0.9342099928325976,0.9357068968026274,0.9923474938949564
ecoli,E. coli,Random Forest,0.859375,0.6161861012242185,0.8490647053217273,0.859375,0.8502689845643621,0.6301997050040227,0.6161861012242185,0.6165280237933619,0.968076712011373
glass_identification,Glass Identification,Random Forest,0.788083735909823,0.7333370076425633,0.7778190213123788,0.788083735909823,0.7699016003507154,0.7355785007173896,0.7333370076425633,0.717580731380826,0.9414537471636656
haberman_s_survival,Haberman Survival,Random Forest,0.6938172043010753,0.5605034036012297,0.6684265898966523,0.6938172043010753,0.6720359943481468,0.5817123899312848,0.5605034036012297,0.5571961890068919,0.6670275444664032
heart_disease,Heart Disease,Random Forest,0.5701129032258064,0.2911007352941176,0.4874075630212521,0.5701129032258064,0.5165763808237005,0.2768720088434097,0.2911007352941176,0.2732845200757943,0.8236309590865746
heart_failure_clinical_records,Heart Failure,Random Forest,0.8474827586206898,0.8088333333333333,0.8509366007587247,0.8474827586206898,0.8433757320327139,0.840348348801443,0.8088333333333333,0.8167575402764073,0.908108597883598
hepatitis,Hepatitis,Random Forest,0.8377916666666666,0.7203365384615384,0.8332838856456044,0.8377916666666666,0.8269215276485966,0.7600158487345987,0.7203365384615384,0.7228565319515845,0.8751041666666668
ilpd_indian_liver_patient_dataset,Indian Liver Patients,Random Forest,0.7121405610753946,0.593355569361891,0.6876693577280512,0.7121405610753946,0.6880627153281632,0.6330644567408014,0.593355569361891,0.5960251301396629,0.7466821133941381
internet_advertisements,Internet Ads,Random Forest,0.978774614007608,0.9397402353787646,0.9787081466446904,0.978774614007608,0.9783651809763584,0.971147151587623,0.9397402353787646,0.9542476728118288,0.9830319106108883
mushroom,Mushroom,Random Forest,1.0,1.0,1.0,1.0,1.0,1.0,1.0,1.0,1.0
predict_students_dropout_and_academic_success,Students,Random Forest,0.7745144173314402,0.6843692097224209,0.7612936801054887,0.7745144173314402,0.7599081939987813,0.7272042911230112,0.6843692097224209,0.6948298030993829,0.9041349565953718
productivity_prediction_of_garment_employees,Productivity Prediction,Random Forest,0.7888536414565827,0.6333031253129637,0.7761931522678508,0.7888536414565827,0.7720764025983942,0.7200332316375233,0.6333031253129637,0.6517864241039142,0.908331902877283
